R_version	name	version	date_time	hash	binary_location	status
4.5.2	ACEt	1.9.0	2025-06-03T15:59:45Z	81f1bbe3c5b9317e215a3379a4c5a504	/workspace/rst/cache_4_5/library/ACEt/1.9.0/81f1bbe3c5b9317e215a3379a4c5a504/ACEt	available
4.5.2	ADGofTest	0.3	2025-06-03T15:59:55Z	67539fdce67413d16d2326d25b4ffb88	/workspace/rst/cache_4_5/library/ADGofTest/0.3/67539fdce67413d16d2326d25b4ffb88/ADGofTest	available
4.5.2	AER	1.2.17	2026-07-14T06:13:30Z	cbd83f06254f793b81006af065fbc5b6	/workspace/rst/cache_4_5/library/AER/1.2-17/cbd83f06254f793b81006af065fbc5b6/AER	available
4.5.2	AICcmodavg	2.3.4	2025-06-03T16:08:37Z	be195f7af9a4384d030664b5eacfe2e3	/workspace/rst/cache_4_5/library/AICcmodavg/2.3-4/be195f7af9a4384d030664b5eacfe2e3/AICcmodavg	available
4.5.2	AIMS	1.42.0	2025-11-05T09:49:55Z	3b4d47e9a8c4a659524227224439bdf0	/workspace/rst/cache_4_5/library/AIMS/1.42.0/3b4d47e9a8c4a659524227224439bdf0/AIMS	available
4.5.2	ALL	1.52.0	2025-12-15T20:14:43Z	15df1ef9005707299f7edbf2bc4012d3	/workspace/rst/cache_4_5/library/ALL/1.52.0/15df1ef9005707299f7edbf2bc4012d3/ALL	available
4.5.2	ATACseqQC	1.34.0	2025-11-06T07:52:17Z	889746d71603e591f7821db47602bc26	/workspace/rst/cache_4_5/library/ATACseqQC/1.34.0/889746d71603e591f7821db47602bc26/ATACseqQC	available
4.5.2	ATR	0.1.1	2025-06-03T16:17:06Z	fac32ce0f701b85f13652d0e070f9095	/workspace/rst/cache_4_5/library/ATR/0.1-1/fac32ce0f701b85f13652d0e070f9095/ATR	available
4.5.2	AUC	0.3.2	2025-06-03T16:17:14Z	54a57bf714b5d7d8f50dad5566458994	/workspace/rst/cache_4_5/library/AUC/0.3.2/54a57bf714b5d7d8f50dad5566458994/AUC	available
4.5.2	AUCell	1.32.0	2025-11-05T09:49:55Z	acbc2c0e6a42ad94782b101df8a1da11	/workspace/rst/cache_4_5/library/AUCell/1.32.0/acbc2c0e6a42ad94782b101df8a1da11/AUCell	available
4.5.2	AlgDesign	1.2.1.2	2025-06-03T16:18:55Z	d8ba02ccd8af83f0a1b72134b541551b	/workspace/rst/cache_4_5/library/AlgDesign/1.2.1.2/d8ba02ccd8af83f0a1b72134b541551b/AlgDesign	available
4.5.2	Amelia	1.8.3	2025-06-03T16:19:36Z	b22bdcc79a461683d537da8df2387305	/workspace/rst/cache_4_5/library/Amelia/1.8.3/b22bdcc79a461683d537da8df2387305/Amelia	available
4.5.2	AmesHousing	0.0.4	2025-06-03T16:19:45Z	67eda5da20da4f3302049fa060999de8	/workspace/rst/cache_4_5/library/AmesHousing/0.0.4/67eda5da20da4f3302049fa060999de8/AmesHousing	available
4.5.2	AnnotationDbi	1.72.0	2026-02-24T15:24:52Z	6e491c33fa4faef9f6bc704006187a3c	/workspace/rst/cache_4_5/library/AnnotationDbi/1.72.0/6e491c33fa4faef9f6bc704006187a3c/AnnotationDbi	available
4.5.2	AnnotationFilter	1.34.0	2025-12-15T20:14:43Z	44a04f3b22b3b0112b71ea2fefcafced	/workspace/rst/cache_4_5/library/AnnotationFilter/1.34.0/44a04f3b22b3b0112b71ea2fefcafced/AnnotationFilter	available
4.5.2	AnnotationForge	1.52.0	2025-12-15T20:14:44Z	5a5349e8abcc36f13110271592eeaaf2	/workspace/rst/cache_4_5/library/AnnotationForge/1.52.0/5a5349e8abcc36f13110271592eeaaf2/AnnotationForge	available
4.5.2	AnnotationHub	4.0.0	2025-11-05T09:49:59Z	f4468c14256b0f8f8c520e8845619833	/workspace/rst/cache_4_5/library/AnnotationHub/4.0.0/f4468c14256b0f8f8c520e8845619833/AnnotationHub	available
4.5.2	AnnotationHubData	1.40.0	2025-11-05T09:50:00Z	52885f12c020b9bf27816c626cac05db	/workspace/rst/cache_4_5/library/AnnotationHubData/1.40.0/52885f12c020b9bf27816c626cac05db/AnnotationHubData	available
4.5.2	AppliedPredictiveModeling	1.2.0	2026-07-09T06:10:20Z	8c87bdd14573495d1763ec3b757bc476	/workspace/rst/cache_4_5/library/AppliedPredictiveModeling/1.2.0/8c87bdd14573495d1763ec3b757bc476/AppliedPredictiveModeling	available
4.5.2	AsioHeaders	1.30.2.1	2025-06-03T16:23:24Z	f2c7bbba1bb0a6258b26b76ad63ff885	/workspace/rst/cache_4_5/library/AsioHeaders/1.30.2-1/f2c7bbba1bb0a6258b26b76ad63ff885/AsioHeaders	available
4.5.2	Azimuth	0.5.1	2026-05-24T06:15:29Z	3e985b296f18c47ad32d6a55c69b2dcb	/workspace/rst/cache_4_5/library/Azimuth/0.5.1/3e985b296f18c47ad32d6a55c69b2dcb/Azimuth	available
4.5.2	BB	2026.1.0	2026-02-22T07:08:41Z	b3863b496c8654b6c37cbfa8bc5a4a10	/workspace/rst/cache_4_5/library/BB/2026.1.0/b3863b496c8654b6c37cbfa8bc5a4a10/BB	available
4.5.2	BBmisc	1.13.1	2026-01-24T07:13:48Z	8a78841c65de9682621cab1e7081afcb	/workspace/rst/cache_4_5/library/BBmisc/1.13.1/8a78841c65de9682621cab1e7081afcb/BBmisc	available
4.5.2	BDgraph	2.74	2026-07-21T06:18:50Z	03081ec2606eb484861afa6a01a1837d	/workspace/rst/cache_4_5/library/BDgraph/2.74/03081ec2606eb484861afa6a01a1837d/BDgraph	available
4.5.2	BH	1.90.0.1	2025-12-24T15:05:07Z	d3c8b54e5ebc478f969063decc9aa142	/workspace/rst/cache_4_5/library/BH/1.90.0-1/d3c8b54e5ebc478f969063decc9aa142/BH	available
4.5.2	BIFIEsurvey	3.8.0	2026-01-13T07:07:10Z	2037fba36940a2722a034c56676f3209	/workspace/rst/cache_4_5/library/BIFIEsurvey/3.8.0/2037fba36940a2722a034c56676f3209/BIFIEsurvey	available
4.5.2	BMA	3.18.20	2025-06-03T16:28:00Z	6f8f88326957bee63c71398d538b1d44	/workspace/rst/cache_4_5/library/BMA/3.18.20/6f8f88326957bee63c71398d538b1d44/BMA	available
4.5.2	BMisc	1.4.9	2026-06-14T06:13:13Z	80cfe01a7a8997c45a723fae23f9d599	/workspace/rst/cache_4_5/library/BMisc/1.4.9/80cfe01a7a8997c45a723fae23f9d599/BMisc	available
4.5.2	BPCells	0.3.0	2025-06-03T15:43:03Z	f7552e8cf33f5eb18013ef95bdc569b5	/workspace/rst/cache_4_5/library/BPCells/0.3.0/f7552e8cf33f5eb18013ef95bdc569b5/BPCells	available
4.5.2	BSDA	1.2.2	2025-06-03T16:31:31Z	c3f5ed897af799e535c8d9e40d89c180	/workspace/rst/cache_4_5/library/BSDA/1.2.2/c3f5ed897af799e535c8d9e40d89c180/BSDA	available
4.5.2	BSgenome	1.78.0	2026-02-24T15:25:22Z	648bf07e1fa00d6532671e8c34697365	/workspace/rst/cache_4_5/library/BSgenome/1.78.0/648bf07e1fa00d6532671e8c34697365/BSgenome	available
4.5.2	BSgenome.Celegans.UCSC.ce10	1.4.0	2025-06-03T16:32:09Z	e6d4999012ccb194d190fa6a58aa6283	/workspace/rst/cache_4_5/library/BSgenome.Celegans.UCSC.ce10/1.4.0/e6d4999012ccb194d190fa6a58aa6283/BSgenome.Celegans.UCSC.ce10	available
4.5.2	BSgenome.Celegans.UCSC.ce11	1.4.2	2025-06-03T16:32:46Z	63278ab7641048aa9048a2fd55d89d13	/workspace/rst/cache_4_5/library/BSgenome.Celegans.UCSC.ce11/1.4.2/63278ab7641048aa9048a2fd55d89d13/BSgenome.Celegans.UCSC.ce11	available
4.5.2	BSgenome.Celegans.UCSC.ce2	1.4.0	2025-06-03T16:33:23Z	4bc5b65759881981aa951e82133b8e82	/workspace/rst/cache_4_5/library/BSgenome.Celegans.UCSC.ce2/1.4.0/4bc5b65759881981aa951e82133b8e82/BSgenome.Celegans.UCSC.ce2	available
4.5.2	BSgenome.Dmelanogaster.UCSC.dm3	1.4.0	2025-06-03T16:34:04Z	0fb4fd7e804e228db55a919b6e41b51f	/workspace/rst/cache_4_5/library/BSgenome.Dmelanogaster.UCSC.dm3/1.4.0/0fb4fd7e804e228db55a919b6e41b51f/BSgenome.Dmelanogaster.UCSC.dm3	available
4.5.2	BSgenome.Drerio.UCSC.danRer10	1.4.2	2025-06-03T16:36:15Z	eefd8028d0abcfb579a43cd8df62cadd	/workspace/rst/cache_4_5/library/BSgenome.Drerio.UCSC.danRer10/1.4.2/eefd8028d0abcfb579a43cd8df62cadd/BSgenome.Drerio.UCSC.danRer10	available
4.5.2	BSgenome.Drerio.UCSC.danRer11	1.4.2	2025-12-15T20:15:43Z	619f21411399706cdaa25c9da927f3e5	/workspace/rst/cache_4_5/library/BSgenome.Drerio.UCSC.danRer11/1.4.2/619f21411399706cdaa25c9da927f3e5/BSgenome.Drerio.UCSC.danRer11	available
4.5.2	BSgenome.Drerio.UCSC.danRer7	1.4.0	2025-06-03T16:40:40Z	a74d17f4244ae4ffcbcfa8c1bf0a2c1e	/workspace/rst/cache_4_5/library/BSgenome.Drerio.UCSC.danRer7/1.4.0/a74d17f4244ae4ffcbcfa8c1bf0a2c1e/BSgenome.Drerio.UCSC.danRer7	available
4.5.2	BSgenome.Drerio.blaserlabgenotyping.dr11	0.0.0.9003	2025-06-17T01:24:36Z	2cc4f7bef6b4740393db537447b3a5f0	/workspace/rst/cache_4_5/library/BSgenome.Drerio.blaserlabgenotyping.dr11/0.0.0.9003/2cc4f7bef6b4740393db537447b3a5f0/BSgenome.Drerio.blaserlabgenotyping.dr11	available
4.5.2	BSgenome.Ecoli.NCBI.20080805	1.3.1000	2025-06-03T16:41:20Z	28f7b7e97c20bd9a04f8c3a6f1a04fbe	/workspace/rst/cache_4_5/library/BSgenome.Ecoli.NCBI.20080805/1.3.1000/28f7b7e97c20bd9a04f8c3a6f1a04fbe/BSgenome.Ecoli.NCBI.20080805	available
4.5.2	BSgenome.Ggallus.UCSC.galGal3	1.4.0	2025-06-03T16:43:07Z	a6e04b7f7525d239e95f4975ace71c5e	/workspace/rst/cache_4_5/library/BSgenome.Ggallus.UCSC.galGal3/1.4.0/a6e04b7f7525d239e95f4975ace71c5e/BSgenome.Ggallus.UCSC.galGal3	available
4.5.2	BSgenome.Hsapiens.NCBI.GRCh38	1.3.1000	2025-06-03T16:47:24Z	1284fd5a5cbe93b14f61331947c4fdc3	/workspace/rst/cache_4_5/library/BSgenome.Hsapiens.NCBI.GRCh38/1.3.1000/1284fd5a5cbe93b14f61331947c4fdc3/BSgenome.Hsapiens.NCBI.GRCh38	available
4.5.2	BSgenome.Hsapiens.UCSC.hg18	1.3.1000	2025-06-03T16:51:27Z	668f9937c70e168e5b5599893924c4e5	/workspace/rst/cache_4_5/library/BSgenome.Hsapiens.UCSC.hg18/1.3.1000/668f9937c70e168e5b5599893924c4e5/BSgenome.Hsapiens.UCSC.hg18	available
4.5.2	BSgenome.Hsapiens.UCSC.hg19	1.4.3	2025-06-03T16:55:58Z	5ee200689dfaca94e61698c8f2fc2ca0	/workspace/rst/cache_4_5/library/BSgenome.Hsapiens.UCSC.hg19/1.4.3/5ee200689dfaca94e61698c8f2fc2ca0/BSgenome.Hsapiens.UCSC.hg19	available
4.5.2	BSgenome.Hsapiens.UCSC.hg19.masked	1.3.993	2025-06-03T16:56:39Z	d2c3665a55b0ba074d1e9dca5abee645	/workspace/rst/cache_4_5/library/BSgenome.Hsapiens.UCSC.hg19.masked/1.3.993/d2c3665a55b0ba074d1e9dca5abee645/BSgenome.Hsapiens.UCSC.hg19.masked	available
4.5.2	BSgenome.Hsapiens.UCSC.hg38	1.4.5	2025-06-03T16:58:55Z	d3d5f2e9e0e362f7ff02d0ba9dc1fe26	/workspace/rst/cache_4_5/library/BSgenome.Hsapiens.UCSC.hg38/1.4.5/d3d5f2e9e0e362f7ff02d0ba9dc1fe26/BSgenome.Hsapiens.UCSC.hg38	available
4.5.2	BSgenome.Hsapiens.UCSC.hg38.masked	1.4.5	2025-06-03T16:59:38Z	4d1736fd4729790424a99ec67185143d	/workspace/rst/cache_4_5/library/BSgenome.Hsapiens.UCSC.hg38.masked/1.4.5/4d1736fd4729790424a99ec67185143d/BSgenome.Hsapiens.UCSC.hg38.masked	available
4.5.2	BSgenome.Hsapiens.blaserlabgenotyping.GRCh38	0.0.0.9001	2025-10-14T15:30:42Z	fb1fff5cf2083fd9af90ffc269ca9fa1	/workspace/rst/cache_4_5/library/BSgenome.Hsapiens.blaserlabgenotyping.GRCh38/0.0.0.9001/fb1fff5cf2083fd9af90ffc269ca9fa1/BSgenome.Hsapiens.blaserlabgenotyping.GRCh38	available
4.5.2	BSgenome.Mmusculus.UCSC.mm10	1.4.3	2025-06-03T17:03:21Z	5b11857b2efef29d09d28c44826d7d31	/workspace/rst/cache_4_5/library/BSgenome.Mmusculus.UCSC.mm10/1.4.3/5b11857b2efef29d09d28c44826d7d31/BSgenome.Mmusculus.UCSC.mm10	available
4.5.2	BSgenome.Mmusculus.UCSC.mm9	1.4.0	2025-06-03T17:06:51Z	6770ec899aa5ccdf0d886ef18c250230	/workspace/rst/cache_4_5/library/BSgenome.Mmusculus.UCSC.mm9/1.4.0/6770ec899aa5ccdf0d886ef18c250230/BSgenome.Mmusculus.UCSC.mm9	available
4.5.2	BSgenome.Rnorvegicus.UCSC.rn5	1.4.0	2025-06-03T17:10:30Z	dab57d32e825103c5043f7c368f06c8b	/workspace/rst/cache_4_5/library/BSgenome.Rnorvegicus.UCSC.rn5/1.4.0/dab57d32e825103c5043f7c368f06c8b/BSgenome.Rnorvegicus.UCSC.rn5	available
4.5.2	BSgenome.Scerevisiae.UCSC.sacCer1	1.4.0	2025-06-03T17:11:00Z	00e1a047bd7050b0d80efb85257aca47	/workspace/rst/cache_4_5/library/BSgenome.Scerevisiae.UCSC.sacCer1/1.4.0/00e1a047bd7050b0d80efb85257aca47/BSgenome.Scerevisiae.UCSC.sacCer1	available
4.5.2	BSgenome.Scerevisiae.UCSC.sacCer2	1.4.0	2025-06-03T17:11:33Z	23fc23ed8676aade26305e80ad022f9d	/workspace/rst/cache_4_5/library/BSgenome.Scerevisiae.UCSC.sacCer2/1.4.0/23fc23ed8676aade26305e80ad022f9d/BSgenome.Scerevisiae.UCSC.sacCer2	available
4.5.2	BSgenomeForge	1.9.3	2025-10-31T10:20:30Z	60cc32ab43a87be51be2da266b4c5dec	/workspace/rst/cache_4_5/library/BSgenomeForge/1.9.3/60cc32ab43a87be51be2da266b4c5dec/BSgenomeForge	available
4.5.2	BWStest	0.2.3	2025-06-03T17:12:27Z	34e272638a54496e968472a731f9bdfd	/workspace/rst/cache_4_5/library/BWStest/0.2.3/34e272638a54496e968472a731f9bdfd/BWStest	available
4.5.2	BalancedSampling	2.1.1	2026-08-29T06:17:00Z	885fc341c1e1ca79166cc6cb83b527f0	/workspace/rst/cache_4_5/library/BalancedSampling/2.1.1/885fc341c1e1ca79166cc6cb83b527f0/BalancedSampling	available
4.5.2	BatchExperiments	1.4.4	2025-11-12T07:00:44Z	b86dc9507f133efde61c50e70c08c345	/workspace/rst/cache_4_5/library/BatchExperiments/1.4.4/b86dc9507f133efde61c50e70c08c345/BatchExperiments	available
4.5.2	BatchJobs	1.9	2025-06-03T17:12:43Z	36b674043a52b138762e3ccb41f55fb1	/workspace/rst/cache_4_5/library/BatchJobs/1.9/36b674043a52b138762e3ccb41f55fb1/BatchJobs	available
4.5.2	BayesFM	0.1.7	2025-06-03T17:13:05Z	f6dcd8797058ada7341f13e7b82548b6	/workspace/rst/cache_4_5/library/BayesFM/0.1.7/f6dcd8797058ada7341f13e7b82548b6/BayesFM	available
4.5.2	BayesFactor	0.9.12.4.8	2026-03-10T06:10:33Z	c1dc12ee004df8771bdb3ff5ca28ae8a	/workspace/rst/cache_4_5/library/BayesFactor/0.9.12-4.8/c1dc12ee004df8771bdb3ff5ca28ae8a/BayesFactor	available
4.5.2	BayesLogit	2.4	2026-06-09T06:06:51Z	3d211dbda2848fd4c57bb45e408fa7a3	/workspace/rst/cache_4_5/library/BayesLogit/2.4/3d211dbda2848fd4c57bb45e408fa7a3/BayesLogit	available
4.5.2	BayesX	0.3.3	2025-06-03T17:18:18Z	31d55f33e7c8a060251dc0afdf9a2ce7	/workspace/rst/cache_4_5/library/BayesX/0.3-3/31d55f33e7c8a060251dc0afdf9a2ce7/BayesX	available
4.5.2	BayesXsrc	3.0.7.1	2026-03-01T07:08:59Z	f31b59a03e1162286ee9ab317cb84611	/workspace/rst/cache_4_5/library/BayesXsrc/3.0-7.1/f31b59a03e1162286ee9ab317cb84611/BayesXsrc	available
4.5.2	Bergm	5.0.7	2025-06-03T17:34:04Z	0483b8fbc3ce98aec8017d27f45305d0	/workspace/rst/cache_4_5/library/Bergm/5.0.7/0483b8fbc3ce98aec8017d27f45305d0/Bergm	available
4.5.2	Bessel	0.7.0	2026-01-13T07:07:11Z	90ce0de01fcd070e02197b45a3bd7ec0	/workspace/rst/cache_4_5/library/Bessel/0.7-0/90ce0de01fcd070e02197b45a3bd7ec0/Bessel	available
4.5.2	BiasedUrn	2.0.12	2025-06-03T17:35:20Z	89aa2fe4510549365e0c1cc6a19219c5	/workspace/rst/cache_4_5/library/BiasedUrn/2.0.12/89aa2fe4510549365e0c1cc6a19219c5/BiasedUrn	available
4.5.2	Biobase	2.70.0	2026-02-24T15:25:23Z	9b42d393bebd5345bd104f2d2d0684a8	/workspace/rst/cache_4_5/library/Biobase/2.70.0/9b42d393bebd5345bd104f2d2d0684a8/Biobase	available
4.5.2	BiocBaseUtils	1.12.0	2025-12-15T20:15:44Z	416b75cb27c8e8f3a6d9c1a936c5c679	/workspace/rst/cache_4_5/library/BiocBaseUtils/1.12.0/416b75cb27c8e8f3a6d9c1a936c5c679/BiocBaseUtils	available
4.5.2	BiocCheck	1.46.3	2025-12-18T07:05:38Z	75be55db2a57b9a5173c6d8e82282703	/workspace/rst/cache_4_5/library/BiocCheck/1.46.3/75be55db2a57b9a5173c6d8e82282703/BiocCheck	available
4.5.2	BiocFileCache	3.0.0	2025-11-05T09:50:03Z	8ed6a4855acd4b12e7a8d32caa5d9920	/workspace/rst/cache_4_5/library/BiocFileCache/3.0.0/8ed6a4855acd4b12e7a8d32caa5d9920/BiocFileCache	available
4.5.2	BiocGenerics	0.56.0	2026-02-24T15:25:23Z	d8426a89117b74154c7a0bbb20a39675	/workspace/rst/cache_4_5/library/BiocGenerics/0.56.0/d8426a89117b74154c7a0bbb20a39675/BiocGenerics	available
4.5.2	BiocIO	1.20.0	2026-02-24T15:25:23Z	d969b46e5e916dc7072005a97e7f6077	/workspace/rst/cache_4_5/library/BiocIO/1.20.0/d969b46e5e916dc7072005a97e7f6077/BiocIO	available
4.5.2	BiocManager	1.30.27	2025-12-24T15:05:38Z	91f63b2965a2a55c4ad95feed624e173	/workspace/rst/cache_4_5/library/BiocManager/1.30.27/91f63b2965a2a55c4ad95feed624e173/BiocManager	available
4.5.2	BiocNeighbors	2.4.0	2026-02-24T15:25:24Z	7975d45a17b9d0b64ac8e592e1780e72	/workspace/rst/cache_4_5/library/BiocNeighbors/2.4.0/7975d45a17b9d0b64ac8e592e1780e72/BiocNeighbors	available
4.5.2	BiocParallel	1.44.0	2026-03-13T18:38:38Z	be7ea133b74be4265617255e3d4a7c01	/workspace/rst/cache_4_5/library/BiocParallel/1.44.0/be7ea133b74be4265617255e3d4a7c01/BiocParallel	available
4.5.2	BiocPkgTools	1.28.3	2026-02-12T07:01:50Z	fdc35cc35a219ae41024730f0d530845	/workspace/rst/cache_4_5/library/BiocPkgTools/1.28.3/fdc35cc35a219ae41024730f0d530845/BiocPkgTools	available
4.5.2	BiocSingular	1.26.1	2026-02-24T15:25:25Z	665448f9c9909773d4d9b75776860257	/workspace/rst/cache_4_5/library/BiocSingular/1.26.1/665448f9c9909773d4d9b75776860257/BiocSingular	available
4.5.2	BiocStyle	2.38.0	2025-11-05T09:50:05Z	89ede5cfa2b37513c97c180748e99832	/workspace/rst/cache_4_5/library/BiocStyle/2.38.0/89ede5cfa2b37513c97c180748e99832/BiocStyle	available
4.5.2	BiocVersion	3.22.0	2025-12-15T20:15:44Z	4c96414e6222edc94232ca030d2ea5e0	/workspace/rst/cache_4_5/library/BiocVersion/3.22.0/4c96414e6222edc94232ca030d2ea5e0/BiocVersion	available
4.5.2	Biostrings	2.78.0	2026-02-24T15:25:26Z	f2def961bbc39259788678fea3170450	/workspace/rst/cache_4_5/library/Biostrings/2.78.0/f2def961bbc39259788678fea3170450/Biostrings	available
4.5.2	BlakerCI	1.0.6	2025-08-22T05:49:59Z	e7ba88cbda089d39abfc1d5dfd8adc19	/workspace/rst/cache_4_5/library/BlakerCI/1.0-6/e7ba88cbda089d39abfc1d5dfd8adc19/BlakerCI	available
4.5.2	Boruta	9.0.0	2025-08-05T15:28:47Z	9f29389a4e3f5fb6bf3b9f92f2a6202b	/workspace/rst/cache_4_5/library/Boruta/9.0.0/9f29389a4e3f5fb6bf3b9f92f2a6202b/Boruta	available
4.5.2	BradleyTerry2	1.1.3	2025-06-03T17:37:18Z	a2adc9a8990655305d55be97829549ec	/workspace/rst/cache_4_5/library/BradleyTerry2/1.1.3/a2adc9a8990655305d55be97829549ec/BradleyTerry2	available
4.5.2	Brobdingnag	1.3.1	2026-09-15T06:19:39Z	7f00c442c1f509faba424fdd8a170e38	/workspace/rst/cache_4_5/library/Brobdingnag/1.3-1/7f00c442c1f509faba424fdd8a170e38/Brobdingnag	available
4.5.2	BsMD	2023.920	2025-06-03T17:37:45Z	e649fcd435086eb241431e5fbffe40d2	/workspace/rst/cache_4_5/library/BsMD/2023.920/e649fcd435086eb241431e5fbffe40d2/BsMD	available
4.5.2	BumpyMatrix	1.18.0	2025-11-05T09:50:06Z	abb0d8d6cfe47a76239971785656c995	/workspace/rst/cache_4_5/library/BumpyMatrix/1.18.0/abb0d8d6cfe47a76239971785656c995/BumpyMatrix	available
4.5.2	C50	0.2.0	2025-06-03T17:38:33Z	046aabeb2240ba44316f22f3acaeb52e	/workspace/rst/cache_4_5/library/C50/0.2.0/046aabeb2240ba44316f22f3acaeb52e/C50	available
4.5.2	CBPS	0.24	2025-12-06T20:44:46Z	0163b6618fd72a8d4ffd7b65845ec7ac	/workspace/rst/cache_4_5/library/CBPS/0.24/0163b6618fd72a8d4ffd7b65845ec7ac/CBPS	available
4.5.2	CDM	8.3.14	2025-12-06T20:44:46Z	ca7224ba51b59ff2004bbe851561c911	/workspace/rst/cache_4_5/library/CDM/8.3-14/ca7224ba51b59ff2004bbe851561c911/CDM	available
4.5.2	CFtime	1.7.3	2026-04-04T06:09:36Z	0dcb82bd9db0f1a6a3deaa60493c131f	/workspace/rst/cache_4_5/library/CFtime/1.7.3/0dcb82bd9db0f1a6a3deaa60493c131f/CFtime	available
4.5.2	CNEr	1.46.0	2025-11-05T09:50:06Z	4b1ea1ae292a5acfd4ee0460258b9b37	/workspace/rst/cache_4_5/library/CNEr/1.46.0/4b1ea1ae292a5acfd4ee0460258b9b37/CNEr	available
4.5.2	CORElearn	1.57.3.1	2025-06-03T16:23:09Z	db0eb969a038e47917e2df3f5ae2ea75	/workspace/rst/cache_4_5/library/CORElearn/1.57.3.1/db0eb969a038e47917e2df3f5ae2ea75/CORElearn	available
4.5.2	CVST	0.2.3	2025-06-03T17:44:17Z	103d3cbedd9eecf96c06ee857eff759e	/workspace/rst/cache_4_5/library/CVST/0.2-3/103d3cbedd9eecf96c06ee857eff759e/CVST	available
4.5.2	CVXR	1.9.2	2026-08-27T06:17:30Z	f64012247121004fbd43e60d452a89a2	/workspace/rst/cache_4_5/library/CVXR/1.9.2/f64012247121004fbd43e60d452a89a2/CVXR	available
4.5.2	Cairo	1.7.0	2025-12-24T15:05:40Z	67ab1d35db98d9d01ce62164779f2d2c	/workspace/rst/cache_4_5/library/Cairo/1.7-0/67ab1d35db98d9d01ce62164779f2d2c/Cairo	available
4.5.2	Category	2.76.0	2025-11-05T09:50:06Z	61106d00a858a69784876af1dfb9185b	/workspace/rst/cache_4_5/library/Category/2.76.0/61106d00a858a69784876af1dfb9185b/Category	available
4.5.2	CausalQueries	1.4.6	2026-09-04T06:18:43Z	70026821e1bd0e2c0e27d763de1cd7d7	/workspace/rst/cache_4_5/library/CausalQueries/1.4.6/70026821e1bd0e2c0e27d763de1cd7d7/CausalQueries	available
4.5.2	CellChat	2.2.0.9001	2026-04-25T14:23:16Z	b7a0fdd28916c94148646026717d83fc	/workspace/rst/cache_4_5/library/CellChat/2.2.0.9001/b7a0fdd28916c94148646026717d83fc/CellChat	available
4.5.2	ChIPpeakAnno	3.44.0	2025-11-05T09:50:07Z	68fbdd26622c81512e1f28a6142f40f6	/workspace/rst/cache_4_5/library/ChIPpeakAnno/3.44.0/68fbdd26622c81512e1f28a6142f40f6/ChIPpeakAnno	available
4.5.2	ChIPseeker	1.46.1	2025-11-07T07:09:59Z	5d176d8baae2448bb9321eb3cf35cc30	/workspace/rst/cache_4_5/library/ChIPseeker/1.46.1/5d176d8baae2448bb9321eb3cf35cc30/ChIPseeker	available
4.5.2	ChemmineDrugs	1.0.2	2025-06-03T17:51:46Z	60b3c4f4f2d522c0ce8274650734b0c0	/workspace/rst/cache_4_5/library/ChemmineDrugs/1.0.2/60b3c4f4f2d522c0ce8274650734b0c0/ChemmineDrugs	available
4.5.2	ChemmineR	3.62.0	2025-11-05T09:50:08Z	13f6818ac77022c6ab85002d29c0bd27	/workspace/rst/cache_4_5/library/ChemmineR/3.62.0/13f6818ac77022c6ab85002d29c0bd27/ChemmineR	available
4.5.2	CircStats	0.2.7	2025-12-06T20:44:46Z	0b0db7f96b04d03e0ce280fd0cd874f5	/workspace/rst/cache_4_5/library/CircStats/0.2-7/0b0db7f96b04d03e0ce280fd0cd874f5/CircStats	available
4.5.2	Ckmeans.1d.dp	4.3.6	2026-07-29T06:16:16Z	d7d2ac01b4e7cc2e2c70c377233ea304	/workspace/rst/cache_4_5/library/Ckmeans.1d.dp/4.3.6/d7d2ac01b4e7cc2e2c70c377233ea304/Ckmeans.1d.dp	available
4.5.2	ClassDiscovery	3.4.9	2025-12-06T20:44:47Z	f1c102f333ecde5aeba08608346591e8	/workspace/rst/cache_4_5/library/ClassDiscovery/3.4.9/f1c102f333ecde5aeba08608346591e8/ClassDiscovery	available
4.5.2	ClusterGVis	0.1.4	2026-04-02T18:50:14Z	ba6ee9bbe5be239e3c421a71e92cb1d4	/workspace/rst/cache_4_5/library/ClusterGVis/0.1.4/ba6ee9bbe5be239e3c421a71e92cb1d4/ClusterGVis	available
4.5.2	ClusterR	1.3.7	2026-09-11T06:18:59Z	ccb225115d9c0c7e57364ee693498c9c	/workspace/rst/cache_4_5/library/ClusterR/1.3.7/ccb225115d9c0c7e57364ee693498c9c/ClusterR	available
4.5.2	CompQuadForm	1.4.4	2025-12-06T20:44:47Z	3c6fc320deb51dc29dc54f4024a20de2	/workspace/rst/cache_4_5/library/CompQuadForm/1.4.4/3c6fc320deb51dc29dc54f4024a20de2/CompQuadForm	available
4.5.2	ComplexHeatmap	2.26.1	2026-02-24T15:25:26Z	30f0afcdde7cc81c0eb9cd691b93b55f	/workspace/rst/cache_4_5/library/ComplexHeatmap/2.26.1/30f0afcdde7cc81c0eb9cd691b93b55f/ComplexHeatmap	available
4.5.2	CompoundDb	1.14.2	2026-02-05T07:10:04Z	fd8d4ba355069ed3ee487a03f109e0a6	/workspace/rst/cache_4_5/library/CompoundDb/1.14.2/fd8d4ba355069ed3ee487a03f109e0a6/CompoundDb	available
4.5.2	ConsRank	3.0	2026-03-01T07:08:59Z	6b6abb5f3fda378ce4c4f96acc0ec281	/workspace/rst/cache_4_5/library/ConsRank/3.0/6b6abb5f3fda378ce4c4f96acc0ec281/ConsRank	available
4.5.2	ConsensusClusterPlus	1.74.0	2025-11-05T09:50:09Z	d638e2fa9239647eb19290496c250a36	/workspace/rst/cache_4_5/library/ConsensusClusterPlus/1.74.0/d638e2fa9239647eb19290496c250a36/ConsensusClusterPlus	available
4.5.2	ConvergenceConcepts	1.2.3	2026-01-12T06:56:08Z	869de2056f7988bac46a1349240f5ca7	/workspace/rst/cache_4_5/library/ConvergenceConcepts/1.2.3/869de2056f7988bac46a1349240f5ca7/ConvergenceConcepts	available
4.5.2	CrispRVariants	1.38.0	2025-12-09T18:49:41Z	1963ca53004655957d169df0b9887c7b	/workspace/rst/cache_4_5/library/CrispRVariants/1.38.0/1963ca53004655957d169df0b9887c7b/CrispRVariants	available
4.5.2	Cubist	0.6.0	2026-03-04T07:04:34Z	1153c05bff5432cc7df0f012158a5b42	/workspace/rst/cache_4_5/library/Cubist/0.6.0/1153c05bff5432cc7df0f012158a5b42/Cubist	available
4.5.2	CytoML	2.22.0	2025-11-05T09:50:10Z	64d56fad23d3c8817132a6aad68210be	/workspace/rst/cache_4_5/library/CytoML/2.22.0/64d56fad23d3c8817132a6aad68210be/CytoML	available
4.5.2	DALEX	2.5.4	2026-07-18T06:12:46Z	516597be7b9fce19ccc7a4ebc5da6603	/workspace/rst/cache_4_5/library/DALEX/2.5.4/516597be7b9fce19ccc7a4ebc5da6603/DALEX	available
4.5.2	DALEXtra	2.3.1	2026-01-16T07:07:54Z	52682a41a50400daca91fd2b021dcd22	/workspace/rst/cache_4_5/library/DALEXtra/2.3.1/52682a41a50400daca91fd2b021dcd22/DALEXtra	available
4.5.2	DAseq	1.0.0	2025-06-03T18:15:19Z	c88065b531746d060d41600147f9198d	/workspace/rst/cache_4_5/library/DAseq/1.0.0/c88065b531746d060d41600147f9198d/DAseq	available
4.5.2	DBI	1.3.0	2026-03-01T07:08:59Z	ca726d5ca8c6a2e14ec267413bde04cf	/workspace/rst/cache_4_5/library/DBI/1.3.0/ca726d5ca8c6a2e14ec267413bde04cf/DBI	available
4.5.2	DBItest	1.8.3	2026-07-25T06:13:33Z	102def80bf99e5277b6d8cb9074758ec	/workspace/rst/cache_4_5/library/DBItest/1.8.3/102def80bf99e5277b6d8cb9074758ec/DBItest	available
4.5.2	DCchoice	0.2.0	2025-06-03T18:16:36Z	82093c9b0137e5f9bf0b8a6ead5102ab	/workspace/rst/cache_4_5/library/DCchoice/0.2.0/82093c9b0137e5f9bf0b8a6ead5102ab/DCchoice	available
4.5.2	DDRTree	0.1.6	2026-03-05T07:08:44Z	f0f0d788077dda803b513c2696422736	/workspace/rst/cache_4_5/library/DDRTree/0.1.6/f0f0d788077dda803b513c2696422736/DDRTree	available
4.5.2	DESeq2	1.50.2	2026-02-24T15:25:26Z	9a99ee284dc4994e63e0b24643877d1b	/workspace/rst/cache_4_5/library/DESeq2/1.50.2/9a99ee284dc4994e63e0b24643877d1b/DESeq2	available
4.5.2	DEXSeq	1.56.0	2025-11-05T09:50:10Z	0be33d0e4b6ec896314e68153ba1117d	/workspace/rst/cache_4_5/library/DEXSeq/1.56.0/0be33d0e4b6ec896314e68153ba1117d/DEXSeq	available
4.5.2	DEoptim	2.2.8	2025-06-03T18:19:42Z	d3a69c7beda71d94c24686116bce1e8e	/workspace/rst/cache_4_5/library/DEoptim/2.2-8/d3a69c7beda71d94c24686116bce1e8e/DEoptim	available
4.5.2	DEoptimR	1.2.1	2026-08-23T06:21:21Z	e6155ad24c2d9b923968d443a6d31bef	/workspace/rst/cache_4_5/library/DEoptimR/1.2-1/e6155ad24c2d9b923968d443a6d31bef/DEoptimR	available
4.5.2	DFBA	0.1.0	2026-08-05T06:20:53Z	8586c199ec05d5232a42b1086a42f1d9	/workspace/rst/cache_4_5/library/DFBA/0.1.0/8586c199ec05d5232a42b1086a42f1d9/DFBA	available
4.5.2	DHARMa	0.5.0	2026-06-04T06:06:42Z	a5221d4f39d89e2aaf4a24987140b7ec	/workspace/rst/cache_4_5/library/DHARMa/0.5.0/a5221d4f39d89e2aaf4a24987140b7ec/DHARMa	available
4.5.2	DNAcopy	1.84.0	2025-12-15T20:15:46Z	c5f9377612584d241a526417aeb25d37	/workspace/rst/cache_4_5/library/DNAcopy/1.84.0/c5f9377612584d241a526417aeb25d37/DNAcopy	available
4.5.2	DO.db	2.9	2025-06-03T18:20:56Z	1b07ed561ec35d1d3f56dd4c86721199	/workspace/rst/cache_4_5/library/DO.db/2.9/1b07ed561ec35d1d3f56dd4c86721199/DO.db	available
4.5.2	DOSE	4.4.0	2025-11-05T09:50:11Z	abe611654386465365f11f28f9410d1b	/workspace/rst/cache_4_5/library/DOSE/4.4.0/abe611654386465365f11f28f9410d1b/DOSE	available
4.5.2	DOT	0.1	2025-06-03T18:21:59Z	e0bc42f3ef5d19a99c1b9448b8e8f112	/workspace/rst/cache_4_5/library/DOT/0.1/e0bc42f3ef5d19a99c1b9448b8e8f112/DOT	available
4.5.2	DPQ	0.6.2	2026-09-09T06:19:39Z	9a0522f1535526fda1773ac4cd4149d9	/workspace/rst/cache_4_5/library/DPQ/0.6-2/9a0522f1535526fda1773ac4cd4149d9/DPQ	available
4.5.2	DPQmpfr	0.3.3	2025-06-03T18:22:39Z	7b8b6cb5c5f25acdcc17b375ce2f8ecd	/workspace/rst/cache_4_5/library/DPQmpfr/0.3-3/7b8b6cb5c5f25acdcc17b375ce2f8ecd/DPQmpfr	available
4.5.2	DRDID	1.3.0	2026-06-13T06:15:42Z	8a10dc872e7922718cf9dc36d752cf8f	/workspace/rst/cache_4_5/library/DRDID/1.3.0/8a10dc872e7922718cf9dc36d752cf8f/DRDID	available
4.5.2	DRR	0.0.5	2026-05-18T06:12:46Z	b0e94bd85fd90ef9ee1be54b2cca7144	/workspace/rst/cache_4_5/library/DRR/0.0.5/b0e94bd85fd90ef9ee1be54b2cca7144/DRR	available
4.5.2	DT	0.34.0	2025-12-06T20:44:49Z	ab297169f47888fd3bdbcac0cf42fd52	/workspace/rst/cache_4_5/library/DT/0.34.0/ab297169f47888fd3bdbcac0cf42fd52/DT	available
4.5.2	DTRlearn2	2.1	2026-09-13T06:54:40Z	f13c0682d3becc5cbd01ffea89ba5b37	/workspace/rst/cache_4_5/library/DTRlearn2/2.1/f13c0682d3becc5cbd01ffea89ba5b37/DTRlearn2	available
4.5.2	DeclareDesign	1.1.1	2026-04-30T06:09:39Z	168b382fa23f716e8918972758bef496	/workspace/rst/cache_4_5/library/DeclareDesign/1.1.1/168b382fa23f716e8918972758bef496/DeclareDesign	available
4.5.2	DelayedArray	0.36.1	2026-05-26T14:27:32Z	c9a4d95afb3513e7ed86091da2a8123d	/workspace/rst/cache_4_5/library/DelayedArray/0.36.1/c9a4d95afb3513e7ed86091da2a8123d/DelayedArray	available
4.5.2	DelayedMatrixStats	1.32.0	2026-02-24T15:25:27Z	1804ef094a5ba503ed2616e132f121e1	/workspace/rst/cache_4_5/library/DelayedMatrixStats/1.32.0/1804ef094a5ba503ed2616e132f121e1/DelayedMatrixStats	available
4.5.2	DendSer	1.0.3	2026-02-18T07:06:14Z	686d47ed5e1d8ef5f898f17b0f25e439	/workspace/rst/cache_4_5/library/DendSer/1.0.3/686d47ed5e1d8ef5f898f17b0f25e439/DendSer	available
4.5.2	Deriv	4.3.5	2026-09-06T06:25:26Z	b4c032e19d3d6c799fd6a685c552ea03	/workspace/rst/cache_4_5/library/Deriv/4.3.5/b4c032e19d3d6c799fd6a685c552ea03/Deriv	available
4.5.2	DescTools	0.99.60	2025-06-03T15:43:06Z	472ec053758e9d3295cfc4ab334e310f	/workspace/rst/cache_4_5/library/DescTools/0.99.60/472ec053758e9d3295cfc4ab334e310f/DescTools	available
4.5.2	DesignLibrary	0.1.10	2025-10-17T05:51:41Z	910b7038a938cc6b664c24e30b163171	/workspace/rst/cache_4_5/library/DesignLibrary/0.1.10/910b7038a938cc6b664c24e30b163171/DesignLibrary	available
4.5.2	DiagrammeR	1.0.12	2026-04-30T06:09:40Z	73c60730cfc5c900890ee7e4e9b74c6c	/workspace/rst/cache_4_5/library/DiagrammeR/1.0.12/73c60730cfc5c900890ee7e4e9b74c6c/DiagrammeR	available
4.5.2	DiagrammeRsvg	0.1	2025-06-03T18:29:07Z	6e29baa4addbe0a0dc24fdbcfeae6a93	/workspace/rst/cache_4_5/library/DiagrammeRsvg/0.1/6e29baa4addbe0a0dc24fdbcfeae6a93/DiagrammeRsvg	available
4.5.2	DiceDesign	1.10	2025-06-03T18:29:19Z	f16b3d06389f828b38739be76bd3a0ec	/workspace/rst/cache_4_5/library/DiceDesign/1.10/f16b3d06389f828b38739be76bd3a0ec/DiceDesign	available
4.5.2	DiceKriging	1.6.1	2025-12-06T20:44:51Z	8b0f18808766fffaf7b6f4e120f775e2	/workspace/rst/cache_4_5/library/DiceKriging/1.6.1/8b0f18808766fffaf7b6f4e120f775e2/DiceKriging	available
4.5.2	DiceOptim	2.1.2	2026-08-27T06:17:31Z	64900c14c67ead32e35222c3f829c504	/workspace/rst/cache_4_5/library/DiceOptim/2.1.2/64900c14c67ead32e35222c3f829c504/DiceOptim	available
4.5.2	DiffBind	3.20.0	2025-11-05T09:50:12Z	1d648b5e55fff160f8e20327ef7a1174	/workspace/rst/cache_4_5/library/DiffBind/3.20.0/1d648b5e55fff160f8e20327ef7a1174/DiffBind	available
4.5.2	DirichletMultinomial	1.52.0	2025-11-05T09:50:13Z	890eb1a36b8e8bc0b0b8a118f671e90e	/workspace/rst/cache_4_5/library/DirichletMultinomial/1.52.0/890eb1a36b8e8bc0b0b8a118f671e90e/DirichletMultinomial	available
4.5.2	DirichletReg	0.7.2	2025-06-03T18:32:58Z	a5e6a2abd21b0e6a12a7fd511b70242c	/workspace/rst/cache_4_5/library/DirichletReg/0.7-2/a5e6a2abd21b0e6a12a7fd511b70242c/DirichletReg	available
4.5.2	DistributionUtils	0.6.2	2025-06-03T18:33:09Z	0fa6d80a12d6129819dc75d8075f522e	/workspace/rst/cache_4_5/library/DistributionUtils/0.6-2/0fa6d80a12d6129819dc75d8075f522e/DistributionUtils	available
4.5.2	DoE.base	1.2.5	2025-06-03T18:33:38Z	fd05c24ce47ad6d09794bac84f32b5b7	/workspace/rst/cache_4_5/library/DoE.base/1.2-5/fd05c24ce47ad6d09794bac84f32b5b7/DoE.base	available
4.5.2	DoE.wrapper	0.13	2025-06-03T18:34:56Z	17cd4c962a8d920246314c30eee9aaf8	/workspace/rst/cache_4_5/library/DoE.wrapper/0.13/17cd4c962a8d920246314c30eee9aaf8/DoE.wrapper	available
4.5.2	DoseFinding	1.4.1	2025-12-06T20:44:51Z	b799a4a5da44ba0e8dadb4cb27d1b26c	/workspace/rst/cache_4_5/library/DoseFinding/1.4-1/b799a4a5da44ba0e8dadb4cb27d1b26c/DoseFinding	available
4.5.2	DoubletFinder	2.0.4	2025-06-04T10:44:50Z	12008a0050ffde3b15ce8ae8209b96bd	/workspace/rst/cache_4_5/library/DoubletFinder/2.0.4/12008a0050ffde3b15ce8ae8209b96bd/DoubletFinder	available
4.5.2	DropletTestFiles	1.20.0	2025-11-08T07:01:37Z	8d73122bf5e42357c1c0b0a993f5b449	/workspace/rst/cache_4_5/library/DropletTestFiles/1.20.0/8d73122bf5e42357c1c0b0a993f5b449/DropletTestFiles	available
4.5.2	DropletUtils	1.30.0	2025-11-05T09:50:13Z	8c9b5bc0d3b7fd45e5d975c23207d79b	/workspace/rst/cache_4_5/library/DropletUtils/1.30.0/8c9b5bc0d3b7fd45e5d975c23207d79b/DropletUtils	available
4.5.2	DynDoc	1.88.0	2025-12-15T20:15:47Z	f144b02f4713d713322ce488040cc5f0	/workspace/rst/cache_4_5/library/DynDoc/1.88.0/f144b02f4713d713322ce488040cc5f0/DynDoc	available
4.5.2	DynTxRegime	4.16	2025-11-01T06:08:41Z	fbd98144355f80d907cd421e9b93af6b	/workspace/rst/cache_4_5/library/DynTxRegime/4.16/fbd98144355f80d907cd421e9b93af6b/DynTxRegime	available
4.5.2	EBarrays	2.74.0	2025-11-05T09:50:14Z	46f903fdd16b01d8a2203eb4e4e19d3f	/workspace/rst/cache_4_5/library/EBarrays/2.74.0/46f903fdd16b01d8a2203eb4e4e19d3f/EBarrays	available
4.5.2	ECOSolveR	0.6.1	2026-02-21T07:01:16Z	f060c13f4f1dee57df900e52e027e3cf	/workspace/rst/cache_4_5/library/ECOSolveR/0.6.1/f060c13f4f1dee57df900e52e027e3cf/ECOSolveR	available
4.5.2	EDASeq	2.44.0	2025-11-05T09:50:14Z	3908ab66dc0e3e459962155e74d67e29	/workspace/rst/cache_4_5/library/EDASeq/2.44.0/3908ab66dc0e3e459962155e74d67e29/EDASeq	available
4.5.2	EGAnet	2.4.1	2026-04-15T06:34:10Z	c90083f9d41edf9bca51281f7dfbbb60	/workspace/rst/cache_4_5/library/EGAnet/2.4.1/c90083f9d41edf9bca51281f7dfbbb60/EGAnet	available
4.5.2	EMCluster	0.2.18	2026-07-31T06:11:53Z	b18370775592a35b6d602590f6e53823	/workspace/rst/cache_4_5/library/EMCluster/0.2-18/b18370775592a35b6d602590f6e53823/EMCluster	available
4.5.2	EMT	1.3.2	2025-12-19T06:57:39Z	9cfb865aacd638ac7b1a1717b53d8fb0	/workspace/rst/cache_4_5/library/EMT/1.3.2/9cfb865aacd638ac7b1a1717b53d8fb0/EMT	available
4.5.2	Ecdat	0.4.7	2025-12-06T20:44:52Z	d56bd034158a9462ebcdf0b3e3bc4481	/workspace/rst/cache_4_5/library/Ecdat/0.4.7/d56bd034158a9462ebcdf0b3e3bc4481/Ecdat	available
4.5.2	Ecfun	0.4.0	2025-12-06T20:44:52Z	7bbc7d692da3dc7a33363e219d9cba37	/workspace/rst/cache_4_5/library/Ecfun/0.4.0/7bbc7d692da3dc7a33363e219d9cba37/Ecfun	available
4.5.2	EmbedSOM	2.2.1	2026-03-13T06:19:30Z	9fe721ee8a291bb9a7030e496e544ec0	/workspace/rst/cache_4_5/library/EmbedSOM/2.2.1/9fe721ee8a291bb9a7030e496e544ec0/EmbedSOM	available
4.5.2	EnrichedHeatmap	1.40.1	2026-02-07T07:04:33Z	c0b3c5a354e413d9217230093c2789ca	/workspace/rst/cache_4_5/library/EnrichedHeatmap/1.40.1/c0b3c5a354e413d9217230093c2789ca/EnrichedHeatmap	available
4.5.2	EnrichmentBrowser	2.40.0	2025-11-05T09:50:15Z	e3bb63bf00714938ebf446e807804f74	/workspace/rst/cache_4_5/library/EnrichmentBrowser/2.40.0/e3bb63bf00714938ebf446e807804f74/EnrichmentBrowser	available
4.5.2	EnsDb.Hsapiens.v75	2.99.0	2025-06-03T19:21:58Z	3fd2bd686be2392df644c73d82011031	/workspace/rst/cache_4_5/library/EnsDb.Hsapiens.v75/2.99.0/3fd2bd686be2392df644c73d82011031/EnsDb.Hsapiens.v75	available
4.5.2	EnsDb.Hsapiens.v79	2.99.0	2025-06-03T19:24:36Z	ec80eb4c9c03c9e97a900304eb72b767	/workspace/rst/cache_4_5/library/EnsDb.Hsapiens.v79/2.99.0/ec80eb4c9c03c9e97a900304eb72b767/EnsDb.Hsapiens.v79	available
4.5.2	EnsDb.Hsapiens.v86	2.99.0	2025-06-03T19:27:08Z	6e5bb016fdc0d55aee755a6778254689	/workspace/rst/cache_4_5/library/EnsDb.Hsapiens.v86/2.99.0/6e5bb016fdc0d55aee755a6778254689/EnsDb.Hsapiens.v86	available
4.5.2	EnvStats	3.1.0	2025-06-03T19:28:00Z	2c14500d13fdcbd968f28b41d5c7e273	/workspace/rst/cache_4_5/library/EnvStats/3.1.0/2c14500d13fdcbd968f28b41d5c7e273/EnvStats	available
4.5.2	Epi	2.66	2026-08-06T06:17:26Z	0e485afa1ec6d13eeba2664ac8c8812b	/workspace/rst/cache_4_5/library/Epi/2.66/0e485afa1ec6d13eeba2664ac8c8812b/Epi	available
4.5.2	Exact	3.3	2025-06-03T15:43:07Z	a239363483a4c8bf729a34339583035f	/workspace/rst/cache_4_5/library/Exact/3.3/a239363483a4c8bf729a34339583035f/Exact	available
4.5.2	ExperimentHub	3.0.0	2025-11-05T09:50:15Z	9a4dab842b5ffa3c8da412bf2c477a62	/workspace/rst/cache_4_5/library/ExperimentHub/3.0.0/9a4dab842b5ffa3c8da412bf2c477a62/ExperimentHub	available
4.5.2	ExperimentHubData	1.36.0	2025-11-05T09:50:15Z	238b6053161630723b02699ead2f2b60	/workspace/rst/cache_4_5/library/ExperimentHubData/1.36.0/238b6053161630723b02699ead2f2b60/ExperimentHubData	available
4.5.2	FD	1.0.12.5	2026-05-06T06:24:28Z	b53bfc4e773d9833d92d27f149233785	/workspace/rst/cache_4_5/library/FD/1.0-12.5/b53bfc4e773d9833d92d27f149233785/FD	available
4.5.2	FDb.UCSC.tRNAs	1.0.1	2025-06-03T19:31:33Z	58bf318a3566e15531dc817a340538d2	/workspace/rst/cache_4_5/library/FDb.UCSC.tRNAs/1.0.1/58bf318a3566e15531dc817a340538d2/FDb.UCSC.tRNAs	available
4.5.2	FDboost	1.1.4	2026-03-26T06:16:14Z	ae258638b932d7fb79df22c867f36bb8	/workspace/rst/cache_4_5/library/FDboost/1.1-4/ae258638b932d7fb79df22c867f36bb8/FDboost	available
4.5.2	FME	1.3.6.4	2026-02-08T07:06:05Z	65bf543fb8e7caa51ba2ff1c5e2620be	/workspace/rst/cache_4_5/library/FME/1.3.6.4/65bf543fb8e7caa51ba2ff1c5e2620be/FME	available
4.5.2	FMStable	0.1.4	2025-06-03T19:32:29Z	25a2a3e5e85e43423833e415de22b6eb	/workspace/rst/cache_4_5/library/FMStable/0.1-4/25a2a3e5e85e43423833e415de22b6eb/FMStable	available
4.5.2	FNN	1.1.4.1	2025-06-03T15:43:07Z	7430efecba78a91d4d870a67bd37936d	/workspace/rst/cache_4_5/library/FNN/1.1.4.1/7430efecba78a91d4d870a67bd37936d/FNN	available
4.5.2	FSA	0.10.1	2026-01-12T06:56:08Z	e295cd27aef2b5bee02eb3ddc33ab038	/workspace/rst/cache_4_5/library/FSA/0.10.1/e295cd27aef2b5bee02eb3ddc33ab038/FSA	available
4.5.2	FSAdata	0.4.1	2025-06-03T19:33:11Z	b976bcdc9f233ea0fd5294661676004e	/workspace/rst/cache_4_5/library/FSAdata/0.4.1/b976bcdc9f233ea0fd5294661676004e/FSAdata	available
4.5.2	FSelector	0.34	2025-06-03T19:34:04Z	f980eda4745057710bf3220d004ebe95	/workspace/rst/cache_4_5/library/FSelector/0.34/f980eda4745057710bf3220d004ebe95/FSelector	available
4.5.2	FSelectorRcpp	0.3.13	2025-06-03T19:35:14Z	34241dbb35687b100fa9499f0cb2267e	/workspace/rst/cache_4_5/library/FSelectorRcpp/0.3.13/34241dbb35687b100fa9499f0cb2267e/FSelectorRcpp	available
4.5.2	FactoInvestigate	1.9.1	2025-12-31T06:57:03Z	448305a6e38d773aea78a9478b01e13b	/workspace/rst/cache_4_5/library/FactoInvestigate/1.9.1/448305a6e38d773aea78a9478b01e13b/FactoInvestigate	available
4.5.2	FactoMineR	2.17	2026-09-11T06:18:59Z	dd593ec8a7493f160bbf36520ac91924	/workspace/rst/cache_4_5/library/FactoMineR/2.17/dd593ec8a7493f160bbf36520ac91924/FactoMineR	available
4.5.2	Factoshiny	2.7	2025-06-03T19:38:36Z	59a37979ce3297e4dc352a4ebadef12e	/workspace/rst/cache_4_5/library/Factoshiny/2.7/59a37979ce3297e4dc352a4ebadef12e/Factoshiny	available
4.5.2	Fahrmeir	2016.5.31	2025-07-26T05:48:17Z	acbda0780133c1c6f734e1adb6b4c4dc	/workspace/rst/cache_4_5/library/Fahrmeir/2016.5.31/acbda0780133c1c6f734e1adb6b4c4dc/Fahrmeir	available
4.5.2	FlexParamCurve	1.5.8	2026-07-30T06:20:37Z	0e64cf722d2f08019ae0e0ef4a2c0584	/workspace/rst/cache_4_5/library/FlexParamCurve/1.5-8/0e64cf722d2f08019ae0e0ef4a2c0584/FlexParamCurve	available
4.5.2	Formula	1.2.6	2026-08-06T06:17:26Z	2c28f62c277e94e2c9f8d0e207aac4f6	/workspace/rst/cache_4_5/library/Formula/1.2-6/2c28f62c277e94e2c9f8d0e207aac4f6/Formula	available
4.5.2	FrF2	2.3.5	2026-05-28T06:17:30Z	d3b78f79cb613b1edf62e8b7aab11cec	/workspace/rst/cache_4_5/library/FrF2/2.3-5/d3b78f79cb613b1edf62e8b7aab11cec/FrF2	available
4.5.2	FrF2.catlg128	1.2.4	2025-12-06T20:44:54Z	e172ce13a2997f29e3c8c4ccddc29740	/workspace/rst/cache_4_5/library/FrF2.catlg128/1.2-4/e172ce13a2997f29e3c8c4ccddc29740/FrF2.catlg128	available
4.5.2	GA	3.2.5	2026-01-10T07:10:46Z	95c66b8487297f821f41eec0a211ea07	/workspace/rst/cache_4_5/library/GA/3.2.5/95c66b8487297f821f41eec0a211ea07/GA	available
4.5.2	GENIE3	1.32.0	2025-12-15T20:15:47Z	21bf4057aee25c04e01aabfcbafcfeb5	/workspace/rst/cache_4_5/library/GENIE3/1.32.0/21bf4057aee25c04e01aabfcbafcfeb5/GENIE3	available
4.5.2	GEOquery	2.78.0	2025-11-05T09:50:16Z	df1cbd177676bbd06f3764f423ac2ad4	/workspace/rst/cache_4_5/library/GEOquery/2.78.0/df1cbd177676bbd06f3764f423ac2ad4/GEOquery	available
4.5.2	GET	1.0.9	2026-07-22T06:18:41Z	53bc236ca5c00418d22ebe3787e2e143	/workspace/rst/cache_4_5/library/GET/1.0-9/53bc236ca5c00418d22ebe3787e2e143/GET	available
4.5.2	GGally	2.4.0	2025-12-06T20:44:54Z	9b7378e210d1d91d39f1229abfd197ba	/workspace/rst/cache_4_5/library/GGally/2.4.0/9b7378e210d1d91d39f1229abfd197ba/GGally	available
4.5.2	GLMMadaptive	0.9.7	2025-06-03T19:40:56Z	48f1bb7b552b0f252acf0a7b0d4438e7	/workspace/rst/cache_4_5/library/GLMMadaptive/0.9-7/48f1bb7b552b0f252acf0a7b0d4438e7/GLMMadaptive	available
4.5.2	GLMsData	1.4	2025-06-03T19:41:07Z	c7ce039db25e6cf1adc5cb37d1be7dff	/workspace/rst/cache_4_5/library/GLMsData/1.4/c7ce039db25e6cf1adc5cb37d1be7dff/GLMsData	available
4.5.2	GO.db	3.22.0	2026-02-24T15:25:27Z	c4c7c237b917e45604e0e32e535a48aa	/workspace/rst/cache_4_5/library/GO.db/3.22.0/c4c7c237b917e45604e0e32e535a48aa/GO.db	available
4.5.2	GOSemSim	2.36.0	2026-02-24T15:25:28Z	a35ffbde2e51cde704c0cd08f26adeb1	/workspace/rst/cache_4_5/library/GOSemSim/2.36.0/a35ffbde2e51cde704c0cd08f26adeb1/GOSemSim	available
4.5.2	GOexpress	1.44.0	2025-11-05T09:50:16Z	6ae219867a6bcb8f3305e21ae9c1d2c6	/workspace/rst/cache_4_5/library/GOexpress/1.44.0/6ae219867a6bcb8f3305e21ae9c1d2c6/GOexpress	available
4.5.2	GOstats	2.76.0	2025-11-05T09:50:16Z	5f9c04ffebe7d6d5610e453b3c59dd2d	/workspace/rst/cache_4_5/library/GOstats/2.76.0/5f9c04ffebe7d6d5610e453b3c59dd2d/GOstats	available
4.5.2	GOsummaries	2.14.0	2025-06-03T19:42:31Z	69a0d39d7ed5973d82f411daa2320370	/workspace/rst/cache_4_5/library/GOsummaries/2.14.0/69a0d39d7ed5973d82f411daa2320370/GOsummaries	available
4.5.2	GPArotation	2026.8.2	2026-08-25T06:19:58Z	b4450d612d2c829b6f69f527c9b04617	/workspace/rst/cache_4_5/library/GPArotation/2026.8-2/b4450d612d2c829b6f69f527c9b04617/GPArotation	available
4.5.2	GPBayes	0.1.0.6	2026-03-21T06:18:04Z	c3509c80e5574bd62d42fe1280a088c7	/workspace/rst/cache_4_5/library/GPBayes/0.1.0-6/c3509c80e5574bd62d42fe1280a088c7/GPBayes	available
4.5.2	GPfit	1.0.9	2025-06-03T19:42:42Z	71bb735dbcac89d8d6d851c073addf4e	/workspace/rst/cache_4_5/library/GPfit/1.0-9/71bb735dbcac89d8d6d851c073addf4e/GPfit	available
4.5.2	GSA	1.3.3	2025-06-03T19:42:52Z	264b26b99f147238f5ce6080985cde83	/workspace/rst/cache_4_5/library/GSA/1.03.3/264b26b99f147238f5ce6080985cde83/GSA	available
4.5.2	GSE	4.2.4	2026-02-13T07:12:26Z	09a518a86fcc3d82f9bbaa93850cf167	/workspace/rst/cache_4_5/library/GSE/4.2-4/09a518a86fcc3d82f9bbaa93850cf167/GSE	available
4.5.2	GSEABase	1.72.0	2025-11-05T09:50:17Z	a9da08dbe2bb55f385f7c6adedabd20d	/workspace/rst/cache_4_5/library/GSEABase/1.72.0/a9da08dbe2bb55f385f7c6adedabd20d/GSEABase	available
4.5.2	GSVA	2.4.9	2026-04-10T06:09:15Z	3bdac45a078777844cc17cb46b051da7	/workspace/rst/cache_4_5/library/GSVA/2.4.9/3bdac45a078777844cc17cb46b051da7/GSVA	available
4.5.2	GSVAdata	1.46.0	2026-03-21T06:18:05Z	168f872cffca3e1952a2b0bc7e46f294	/workspace/rst/cache_4_5/library/GSVAdata/1.46.0/168f872cffca3e1952a2b0bc7e46f294/GSVAdata	available
4.5.2	GauPro	0.2.17	2026-04-19T06:09:41Z	3736f89c5b463e0af8fd2c8cb71008dd	/workspace/rst/cache_4_5/library/GauPro/0.2.17/3736f89c5b463e0af8fd2c8cb71008dd/GauPro	available
4.5.2	GenSA	1.1.15	2025-12-06T20:44:55Z	51eb9894756909a52d9552c5eb5e42eb	/workspace/rst/cache_4_5/library/GenSA/1.1.15/51eb9894756909a52d9552c5eb5e42eb/GenSA	available
4.5.2	GeneNMF	0.9.2	2026-07-03T20:04:00Z	cf25f66966c1cb39bca9a05f773d1e51	/workspace/rst/cache_4_5/library/GeneNMF/0.9.2/cf25f66966c1cb39bca9a05f773d1e51/GeneNMF	available
4.5.2	GeneralizedHyperbolic	0.8.7	2025-06-03T19:46:02Z	be91ff3b0fd1acdc9109ca2f65369a82	/workspace/rst/cache_4_5/library/GeneralizedHyperbolic/0.8-7/be91ff3b0fd1acdc9109ca2f65369a82/GeneralizedHyperbolic	available
4.5.2	GenomeInfoDb	1.46.2	2026-02-24T15:25:28Z	1641b17f5000a77717fa3e769c6ab4ff	/workspace/rst/cache_4_5/library/GenomeInfoDb/1.46.2/1641b17f5000a77717fa3e769c6ab4ff/GenomeInfoDb	available
4.5.2	GenomeInfoDbData	1.2.15	2025-10-31T10:20:47Z	a969e7a8ed97479b174a14c291e54cb3	/workspace/rst/cache_4_5/library/GenomeInfoDbData/1.2.15/a969e7a8ed97479b174a14c291e54cb3/GenomeInfoDbData	available
4.5.2	GenomicAlignments	1.46.0	2026-02-24T15:25:30Z	b13ab68791b64b6d37347b8302ee4dab	/workspace/rst/cache_4_5/library/GenomicAlignments/1.46.0/b13ab68791b64b6d37347b8302ee4dab/GenomicAlignments	available
4.5.2	GenomicFeatures	1.62.0	2026-02-24T15:25:30Z	596faf25d76ec003fdd02fa6d16c4a18	/workspace/rst/cache_4_5/library/GenomicFeatures/1.62.0/596faf25d76ec003fdd02fa6d16c4a18/GenomicFeatures	available
4.5.2	GenomicRanges	1.62.1	2026-02-24T15:25:30Z	fa45af8b5ffb3b839b2069f08bfc2934	/workspace/rst/cache_4_5/library/GenomicRanges/1.62.1/fa45af8b5ffb3b839b2069f08bfc2934/GenomicRanges	available
4.5.2	GenomicScores	2.22.0	2025-11-05T09:50:20Z	a680f9f2029c044a038176146e71ed23	/workspace/rst/cache_4_5/library/GenomicScores/2.22.0/a680f9f2029c044a038176146e71ed23/GenomicScores	available
4.5.2	GetoptLong	1.1.1	2026-04-10T06:09:16Z	1fd4fb491c28a84aacf6cee7b3a22b48	/workspace/rst/cache_4_5/library/GetoptLong/1.1.1/1fd4fb491c28a84aacf6cee7b3a22b48/GetoptLong	available
4.5.2	GlobalOptions	0.1.4	2026-04-10T06:09:16Z	f422cd8f1ae2198c3f7ce93a1dd0343e	/workspace/rst/cache_4_5/library/GlobalOptions/0.1.4/f422cd8f1ae2198c3f7ce93a1dd0343e/GlobalOptions	available
4.5.2	Gmedian	1.2.7	2025-07-31T05:51:36Z	3ef6fbf7abf993f992089c5de2d3029d	/workspace/rst/cache_4_5/library/Gmedian/1.2.7/3ef6fbf7abf993f992089c5de2d3029d/Gmedian	available
4.5.2	Gmisc	3.4.0	2026-06-23T06:17:32Z	860a97d03d0db607e68cbb9896bb3c38	/workspace/rst/cache_4_5/library/Gmisc/3.4.0/860a97d03d0db607e68cbb9896bb3c38/Gmisc	available
4.5.2	Greg	2.0.3	2025-12-06T20:44:56Z	35727bc9327ac3a0755cc9930c32f6a7	/workspace/rst/cache_4_5/library/Greg/2.0.3/35727bc9327ac3a0755cc9930c32f6a7/Greg	available
4.5.2	GreyListChIP	1.42.0	2025-11-05T09:50:21Z	85dcc753a75653be2c49d158f30b3ca4	/workspace/rst/cache_4_5/library/GreyListChIP/1.42.0/85dcc753a75653be2c49d158f30b3ca4/GreyListChIP	available
4.5.2	Guerry	1.8.5	2026-09-17T06:22:04Z	f9ba4081dd11d33dbc211b9768fb319c	/workspace/rst/cache_4_5/library/Guerry/1.8.5/f9ba4081dd11d33dbc211b9768fb319c/Guerry	available
4.5.2	Gviz	1.54.0	2025-11-05T09:50:21Z	9f1ef369faeb5d006fdd18882a48fea6	/workspace/rst/cache_4_5/library/Gviz/1.54.0/9f1ef369faeb5d006fdd18882a48fea6/Gviz	available
4.5.2	HAC	1.1.2	2025-12-06T20:44:56Z	da575d82438f4405a51e0a90af19c683	/workspace/rst/cache_4_5/library/HAC/1.1-2/da575d82438f4405a51e0a90af19c683/HAC	available
4.5.2	HDF5Array	1.38.0	2026-02-24T15:25:31Z	d57a7e11248689fec3a7babfd0f0aed1	/workspace/rst/cache_4_5/library/HDF5Array/1.38.0/d57a7e11248689fec3a7babfd0f0aed1/HDF5Array	available
4.5.2	HDO.db	1.0.0	2025-06-03T19:52:35Z	64714dd66bdd893a28a48b0e01201935	/workspace/rst/cache_4_5/library/HDO.db/1.0.0/64714dd66bdd893a28a48b0e01201935/HDO.db	available
4.5.2	HGNChelper	0.8.15	2025-06-03T19:52:55Z	906bbaa07e56ae3d2de5ecfb5d861765	/workspace/rst/cache_4_5/library/HGNChelper/0.8.15/906bbaa07e56ae3d2de5ecfb5d861765/HGNChelper	available
4.5.2	HH	3.1.53	2025-06-03T19:53:27Z	1c5b858201905dc99813586663eba6f2	/workspace/rst/cache_4_5/library/HH/3.1-53/1c5b858201905dc99813586663eba6f2/HH	available
4.5.2	HMDHFDplus	2.0.8	2025-12-06T20:44:56Z	6aa5634adfcd938d59466adaf82cbd5c	/workspace/rst/cache_4_5/library/HMDHFDplus/2.0.8/6aa5634adfcd938d59466adaf82cbd5c/HMDHFDplus	available
4.5.2	HSAUR2	1.1.21	2025-06-03T19:54:41Z	ece67c1258ff6e8d5928d9c73bbcf17a	/workspace/rst/cache_4_5/library/HSAUR2/1.1-21/ece67c1258ff6e8d5928d9c73bbcf17a/HSAUR2	available
4.5.2	HSAUR3	1.0.15	2025-06-03T19:54:55Z	affefd934a9ca24044454cdf4af73c18	/workspace/rst/cache_4_5/library/HSAUR3/1.0-15/affefd934a9ca24044454cdf4af73c18/HSAUR3	available
4.5.2	HSMMSingleCell	1.30.0	2025-12-15T20:15:49Z	f2c554b8559f356f4b17f6fafe0b07ea	/workspace/rst/cache_4_5/library/HSMMSingleCell/1.30.0/f2c554b8559f356f4b17f6fafe0b07ea/HSMMSingleCell	available
4.5.2	HaploSim	1.8.4.2	2025-06-03T19:55:22Z	572b606f73431b126906dfb4a6ed4b37	/workspace/rst/cache_4_5/library/HaploSim/1.8.4.2/572b606f73431b126906dfb4a6ed4b37/HaploSim	available
4.5.2	HelloRanges	1.36.0	2025-11-05T09:50:23Z	c5f91417e687bec7e23066b00dd7ad60	/workspace/rst/cache_4_5/library/HelloRanges/1.36.0/c5f91417e687bec7e23066b00dd7ad60/HelloRanges	available
4.5.2	HelloRangesData	1.36.0	2025-12-15T20:15:50Z	51cde0ad7792499303f9148bd82a3607	/workspace/rst/cache_4_5/library/HelloRangesData/1.36.0/51cde0ad7792499303f9148bd82a3607/HelloRangesData	available
4.5.2	HilbertCurve	2.4.2	2026-02-07T07:04:34Z	173d85ce9b33c17b85597f53eab95c44	/workspace/rst/cache_4_5/library/HilbertCurve/2.4.2/173d85ce9b33c17b85597f53eab95c44/HilbertCurve	available
4.5.2	Hmisc	5.3.0	2026-09-09T06:19:40Z	33928222c176395408e9572535d547c0	/workspace/rst/cache_4_5/library/Hmisc/5.3-0/33928222c176395408e9572535d547c0/Hmisc	available
4.5.2	Hmsc	3.3.7	2025-11-21T07:04:52Z	47860aac07ead0ea4286ce0faa34c5a4	/workspace/rst/cache_4_5/library/Hmsc/3.3-7/47860aac07ead0ea4286ce0faa34c5a4/Hmsc	available
4.5.2	Homo.sapiens	1.3.1	2025-06-03T19:57:46Z	fb6513f086df0716b28ad426c57d077b	/workspace/rst/cache_4_5/library/Homo.sapiens/1.3.1/fb6513f086df0716b28ad426c57d077b/Homo.sapiens	available
4.5.2	HubPub	1.18.0	2025-11-05T09:50:24Z	a9bc357ae128c8634df96fe18a47dbeb	/workspace/rst/cache_4_5/library/HubPub/1.18.0/a9bc357ae128c8634df96fe18a47dbeb/HubPub	available
4.5.2	ICEbox	1.2	2026-01-14T07:00:17Z	7c75391556f58baed451cffa3818413c	/workspace/rst/cache_4_5/library/ICEbox/1.2/7c75391556f58baed451cffa3818413c/ICEbox	available
4.5.2	ICS	1.4.2	2025-06-03T19:59:46Z	702b71dd4e08b5ca8188e21893347ee8	/workspace/rst/cache_4_5/library/ICS/1.4-2/702b71dd4e08b5ca8188e21893347ee8/ICS	available
4.5.2	ICSClust	0.1.1	2025-08-30T07:49:24Z	4b1659378817d60250b13eccd4a00ea5	/workspace/rst/cache_4_5/library/ICSClust/0.1.1/4b1659378817d60250b13eccd4a00ea5/ICSClust	available
4.5.2	ICSNP	1.1.3	2026-06-12T06:17:03Z	960826cb72d5c7945e488764d735da62	/workspace/rst/cache_4_5/library/ICSNP/1.1-3/960826cb72d5c7945e488764d735da62/ICSNP	available
4.5.2	ICSOutlier	0.4.1	2025-12-06T20:44:57Z	dfb089b50edc3b7236e616a0f1e120e5	/workspace/rst/cache_4_5/library/ICSOutlier/0.4-1/dfb089b50edc3b7236e616a0f1e120e5/ICSOutlier	available
4.5.2	IDPmisc	1.1.21	2025-06-03T18:11:37Z	a9ce96b86d5445a24d1ce8f9d4177650	/workspace/rst/cache_4_5/library/IDPmisc/1.1.21/a9ce96b86d5445a24d1ce8f9d4177650/IDPmisc	available
4.5.2	IHW	1.38.0	2026-03-13T18:38:38Z	182414b4f8b1c1c99a835c2cd84cb1d9	/workspace/rst/cache_4_5/library/IHW/1.38.0/182414b4f8b1c1c99a835c2cd84cb1d9/IHW	available
4.5.2	IRanges	2.44.0	2026-02-24T15:25:31Z	eb6292328a61fc7e7fed5b51e1ba0685	/workspace/rst/cache_4_5/library/IRanges/2.44.0/eb6292328a61fc7e7fed5b51e1ba0685/IRanges	available
4.5.2	IRdisplay	1.1	2025-06-03T20:00:38Z	ae293da72f364307f6d5600bea69d8cb	/workspace/rst/cache_4_5/library/IRdisplay/1.1/ae293da72f364307f6d5600bea69d8cb/IRdisplay	available
4.5.2	IRkernel	1.3.2	2025-06-03T20:01:00Z	743eaa847856b6344ff475304232ec91	/workspace/rst/cache_4_5/library/IRkernel/1.3.2/743eaa847856b6344ff475304232ec91/IRkernel	available
4.5.2	ISLR	1.4	2025-06-03T20:01:12Z	0b5728d25fd8f37901068d5037b95936	/workspace/rst/cache_4_5/library/ISLR/1.4/0b5728d25fd8f37901068d5037b95936/ISLR	available
4.5.2	ISLR2	1.3.2	2025-08-20T05:49:31Z	d0f6f2b4f7b17b51ba3cbb55d7097a25	/workspace/rst/cache_4_5/library/ISLR2/1.3-2/d0f6f2b4f7b17b51ba3cbb55d7097a25/ISLR2	available
4.5.2	ISOcodes	2026.3.28	2026-03-31T06:24:14Z	223deb663cb12efe6f7fab92edc0080d	/workspace/rst/cache_4_5/library/ISOcodes/2026.03.28/223deb663cb12efe6f7fab92edc0080d/ISOcodes	available
4.5.2	ISOweek	0.6.2	2025-06-03T20:01:36Z	1078ea86ebe30f60683afb6996655091	/workspace/rst/cache_4_5/library/ISOweek/0.6-2/1078ea86ebe30f60683afb6996655091/ISOweek	available
4.5.2	ISwR	2.0.12	2026-05-22T06:25:15Z	9343e152e1a1b4c3bce2d1c764739756	/workspace/rst/cache_4_5/library/ISwR/2.0-12/9343e152e1a1b4c3bce2d1c764739756/ISwR	available
4.5.2	Icens	1.82.0	2025-12-15T20:15:51Z	b7e925ba3c0210e011126d3b9f95609e	/workspace/rst/cache_4_5/library/Icens/1.82.0/b7e925ba3c0210e011126d3b9f95609e/Icens	available
4.5.2	IlluminaDataTestFiles	1.48.0	2025-12-15T20:15:51Z	ef6aeba03c0d9aa71eee7437d1caa943	/workspace/rst/cache_4_5/library/IlluminaDataTestFiles/1.48.0/ef6aeba03c0d9aa71eee7437d1caa943/IlluminaDataTestFiles	available
4.5.2	Infusion	2.3.12	2026-05-13T06:27:45Z	6ceb947ab9dc2c4e5232838503d56265	/workspace/rst/cache_4_5/library/Infusion/2.3.12/6ceb947ab9dc2c4e5232838503d56265/Infusion	available
4.5.2	InteractionSet	1.38.0	2025-11-05T09:50:25Z	100bbd055e1221c1d58c570d0c553292	/workspace/rst/cache_4_5/library/InteractionSet/1.38.0/100bbd055e1221c1d58c570d0c553292/InteractionSet	available
4.5.2	InteractiveComplexHeatmap	1.18.1	2026-02-07T07:04:34Z	2b0bf7e2e20b7d9e913ad3f321384d2f	/workspace/rst/cache_4_5/library/InteractiveComplexHeatmap/1.18.1/2b0bf7e2e20b7d9e913ad3f321384d2f/InteractiveComplexHeatmap	available
4.5.2	IsingSampler	0.5.0	2026-07-21T06:18:50Z	1cd97eda5cd26baf0898308685513da3	/workspace/rst/cache_4_5/library/IsingSampler/0.5.0/1cd97eda5cd26baf0898308685513da3/IsingSampler	available
4.5.2	IsoriX	0.9.4	2026-01-15T07:09:11Z	363fe034dfc71d2946865d98bb995f18	/workspace/rst/cache_4_5/library/IsoriX/0.9.4/363fe034dfc71d2946865d98bb995f18/IsoriX	available
4.5.2	Iyer517	1.52.0	2026-02-18T07:06:14Z	8bfc4160464a8668ef3c6be32b7181e1	/workspace/rst/cache_4_5/library/Iyer517/1.52.0/8bfc4160464a8668ef3c6be32b7181e1/Iyer517	available
4.5.2	JASPAR2014	1.46.0	2025-11-06T07:52:20Z	6407d89a0af5c29005bbad507ca5fc63	/workspace/rst/cache_4_5/library/JASPAR2014/1.46.0/6407d89a0af5c29005bbad507ca5fc63/JASPAR2014	available
4.5.2	JASPAR2016	1.38.0	2025-12-15T20:15:52Z	3b498c243d7189f2c3147ef15f40c74d	/workspace/rst/cache_4_5/library/JASPAR2016/1.38.0/3b498c243d7189f2c3147ef15f40c74d/JASPAR2016	available
4.5.2	JASPAR2018	1.1.1	2025-06-03T20:04:18Z	e4ef13d44f97199921cf7800728f3d44	/workspace/rst/cache_4_5/library/JASPAR2018/1.1.1/e4ef13d44f97199921cf7800728f3d44/JASPAR2018	available
4.5.2	JASPAR2020	0.99.10	2025-06-03T16:26:40Z	d0371e085bd8c966e0b9de4405cf4324	/workspace/rst/cache_4_5/library/JASPAR2020/0.99.10/d0371e085bd8c966e0b9de4405cf4324/JASPAR2020	available
4.5.2	JM	1.5.2	2025-06-03T20:04:44Z	a5d0975b8eba0c291050d9d40605d4b9	/workspace/rst/cache_4_5/library/JM/1.5-2/a5d0975b8eba0c291050d9d40605d4b9/JM	available
4.5.2	JuliaCall	0.17.6	2025-06-03T20:05:04Z	328bd944f2b956db0edd0c166e2aec13	/workspace/rst/cache_4_5/library/JuliaCall/0.17.6/328bd944f2b956db0edd0c166e2aec13/JuliaCall	available
4.5.2	KEGGREST	1.50.0	2026-02-24T15:25:32Z	2f8fdba52f42833518d4ebde24e64c6d	/workspace/rst/cache_4_5/library/KEGGREST/1.50.0/2f8fdba52f42833518d4ebde24e64c6d/KEGGREST	available
4.5.2	KEGGgraph	1.70.0	2025-11-05T09:50:26Z	f42a2e314c28bdada005e9fcdc482e87	/workspace/rst/cache_4_5/library/KEGGgraph/1.70.0/f42a2e314c28bdada005e9fcdc482e87/KEGGgraph	available
4.5.2	KFAS	1.6.0	2025-06-03T20:05:32Z	34256b1200842609f75725463433a765	/workspace/rst/cache_4_5/library/KFAS/1.6.0/34256b1200842609f75725463433a765/KFAS	available
4.5.2	KMsurv	0.1.6	2025-06-03T20:05:43Z	85b7273371483180b5226513c289b55f	/workspace/rst/cache_4_5/library/KMsurv/0.1-6/85b7273371483180b5226513c289b55f/KMsurv	available
4.5.2	KONPsurv	1.0.4	2025-06-03T20:06:05Z	9bd7385d6f454af211215b90660325b4	/workspace/rst/cache_4_5/library/KONPsurv/1.0.4/9bd7385d6f454af211215b90660325b4/KONPsurv	available
4.5.2	Kendall	2.2.2	2025-12-24T07:05:30Z	b6b9732fa5f96efdba1e4ad308554bd6	/workspace/rst/cache_4_5/library/Kendall/2.2.2/b6b9732fa5f96efdba1e4ad308554bd6/Kendall	available
4.5.2	KernSmooth	2.23.27	2026-08-15T06:17:26Z	c93514f1321579256bfdd8563a1cad4e	/workspace/rst/cache_4_5/library/KernSmooth/2.23-27/c93514f1321579256bfdd8563a1cad4e/KernSmooth	available
4.5.2	KernelKnn	1.1.6	2025-12-06T20:44:57Z	18ac46fe113df11cfaca28769874c791	/workspace/rst/cache_4_5/library/KernelKnn/1.1.6/18ac46fe113df11cfaca28769874c791/KernelKnn	available
4.5.2	LDAvis	0.3.2	2025-09-05T05:53:01Z	3e92b9735d3d6d603d3cd0dac83e8e3a	/workspace/rst/cache_4_5/library/LDAvis/0.3.2/3e92b9735d3d6d603d3cd0dac83e8e3a/LDAvis	available
4.5.2	LDRTools	0.2.2	2025-08-30T07:49:25Z	8c540e32e424f03189b0e29e5c564b0e	/workspace/rst/cache_4_5/library/LDRTools/0.2-2/8c540e32e424f03189b0e29e5c564b0e/LDRTools	available
4.5.2	LPCM	0.47.6	2025-06-03T20:07:02Z	5a3abc3751ec48e7f32e881df7b14c3c	/workspace/rst/cache_4_5/library/LPCM/0.47-6/5a3abc3751ec48e7f32e881df7b14c3c/LPCM	available
4.5.2	Lahman	14.0.0	2026-02-14T07:09:14Z	4912bab04a15934815730ad0fdf44e50	/workspace/rst/cache_4_5/library/Lahman/14.0-0/4912bab04a15934815730ad0fdf44e50/Lahman	available
4.5.2	LambertW	0.6.9.2	2025-12-06T20:44:58Z	6962d59f8b03926b86efe0a45ed0c767	/workspace/rst/cache_4_5/library/LambertW/0.6.9-2/6962d59f8b03926b86efe0a45ed0c767/LambertW	available
4.5.2	LaplacesDemon	16.1.8	2026-02-19T07:08:24Z	0462dc8bb0870909b401b3619142fd1e	/workspace/rst/cache_4_5/library/LaplacesDemon/16.1.8/0462dc8bb0870909b401b3619142fd1e/LaplacesDemon	available
4.5.2	LearnBayes	2.15.2	2026-02-01T07:01:59Z	0d12a484ea04bb2ccede0ff917708057	/workspace/rst/cache_4_5/library/LearnBayes/2.15.2/0d12a484ea04bb2ccede0ff917708057/LearnBayes	available
4.5.2	LiblineaR	2.10.26	2026-09-27T06:18:19Z	79d9adec267ad5e5848efcc67e783479	/workspace/rst/cache_4_5/library/LiblineaR/2.10-26/79d9adec267ad5e5848efcc67e783479/LiblineaR	available
4.5.2	Lmoments	1.3.2	2025-12-06T20:44:58Z	2f5e7678a47bf570fb8fcaac67c3c196	/workspace/rst/cache_4_5/library/Lmoments/1.3-2/2f5e7678a47bf570fb8fcaac67c3c196/Lmoments	available
4.5.2	LogicReg	1.6.6	2025-12-23T07:05:01Z	d4db7483267f52f33b5fb6dad9118d91	/workspace/rst/cache_4_5/library/LogicReg/1.6.6/d4db7483267f52f33b5fb6dad9118d91/LogicReg	available
4.5.2	LoomExperiment	1.28.0	2025-11-05T09:50:28Z	624567b8e3650b7a534cfeb90def6c53	/workspace/rst/cache_4_5/library/LoomExperiment/1.28.0/624567b8e3650b7a534cfeb90def6c53/LoomExperiment	available
4.5.2	M3C	1.32.0	2025-12-15T20:15:52Z	6cf1ff9ff0435e25e2bea277c6f3d2ce	/workspace/rst/cache_4_5/library/M3C/1.32.0/6cf1ff9ff0435e25e2bea277c6f3d2ce/M3C	available
4.5.2	MALDIquant	1.22.3	2025-06-03T20:10:47Z	7881d9357a8a7b3566924e53a5654e38	/workspace/rst/cache_4_5/library/MALDIquant/1.22.3/7881d9357a8a7b3566924e53a5654e38/MALDIquant	available
4.5.2	MASS	7.3.66	2026-07-18T06:12:46Z	36a47ce3c6b6da4ff5f959165bc75ba7	/workspace/rst/cache_4_5/library/MASS/7.3-66/36a47ce3c6b6da4ff5f959165bc75ba7/MASS	available
4.5.2	MAST	1.36.0	2025-11-05T09:50:28Z	d0e4c4ab904341bb69ba4c3b694b2320	/workspace/rst/cache_4_5/library/MAST/1.36.0/d0e4c4ab904341bb69ba4c3b694b2320/MAST	available
4.5.2	MBA	0.1.3	2026-05-30T06:11:26Z	48a4dfe5575d5caf412a3ab2a5dabf03	/workspace/rst/cache_4_5/library/MBA/0.1-3/48a4dfe5575d5caf412a3ab2a5dabf03/MBA	available
4.5.2	MBESS	5.0.1	2026-06-06T06:10:55Z	8eca4df28232f2b5bfda21efd2f40126	/workspace/rst/cache_4_5/library/MBESS/5.0.1/8eca4df28232f2b5bfda21efd2f40126/MBESS	available
4.5.2	MCL	1.0	2025-06-03T20:12:09Z	02b9ff2771d11203f52fdb5e59beccba	/workspace/rst/cache_4_5/library/MCL/1.0/02b9ff2771d11203f52fdb5e59beccba/MCL	available
4.5.2	MCMCglmm	2.36	2025-06-03T20:13:19Z	0c6aaaa7da43a00cd91187b038a22e51	/workspace/rst/cache_4_5/library/MCMCglmm/2.36/0c6aaaa7da43a00cd91187b038a22e51/MCMCglmm	available
4.5.2	MCMCpack	1.7.1	2025-06-03T17:34:04Z	145156f2d9b1bd56b471d4de8abee007	/workspace/rst/cache_4_5/library/MCMCpack/1.7-1/145156f2d9b1bd56b471d4de8abee007/MCMCpack	available
4.5.2	MEMSS	0.9.4	2026-01-27T07:02:44Z	0b734bee20c277e8dd448896bd2c21f8	/workspace/rst/cache_4_5/library/MEMSS/0.9-4/0b734bee20c277e8dd448896bd2c21f8/MEMSS	available
4.5.2	MLEcens	0.1.7.1	2025-06-03T18:16:37Z	645147d8914ab31258313333d5838e5d	/workspace/rst/cache_4_5/library/MLEcens/0.1-7.1/645147d8914ab31258313333d5838e5d/MLEcens	available
4.5.2	MLInterfaces	1.90.0	2025-11-05T09:50:29Z	c8a59ecb9819a6a737664fc581be38bf	/workspace/rst/cache_4_5/library/MLInterfaces/1.90.0/c8a59ecb9819a6a737664fc581be38bf/MLInterfaces	available
4.5.2	MLmetrics	1.1.3	2025-06-03T20:14:56Z	5725a6c613184d4a4867e57ace9631ff	/workspace/rst/cache_4_5/library/MLmetrics/1.1.3/5725a6c613184d4a4867e57ace9631ff/MLmetrics	available
4.5.2	MNP	3.1.6	2026-07-16T06:11:24Z	6911c69c5a016f8e621c771d7bfd4fa8	/workspace/rst/cache_4_5/library/MNP/3.1-6/6911c69c5a016f8e621c771d7bfd4fa8/MNP	available
4.5.2	MPO.db	0.99.8	2025-06-03T20:15:38Z	2680f95f39df846418e4599778511725	/workspace/rst/cache_4_5/library/MPO.db/0.99.8/2680f95f39df846418e4599778511725/MPO.db	available
4.5.2	MPV	2.0	2025-06-03T20:15:49Z	88182167c4660d7649ae1e09cf9e2045	/workspace/rst/cache_4_5/library/MPV/2.0/88182167c4660d7649ae1e09cf9e2045/MPV	available
4.5.2	MPsychoR	0.10.8	2025-06-03T20:16:02Z	55d62b7f4c6c22f917f1bc58de098d2b	/workspace/rst/cache_4_5/library/MPsychoR/0.10-8/55d62b7f4c6c22f917f1bc58de098d2b/MPsychoR	available
4.5.2	MSnID	1.44.2	2026-02-14T07:09:14Z	17e5dc11d4e7c27b5890d4f749767c46	/workspace/rst/cache_4_5/library/MSnID/1.44.2/17e5dc11d4e7c27b5890d4f749767c46/MSnID	available
4.5.2	MSnbase	2.36.0	2025-11-05T09:50:30Z	1500b7f6be122ac9a5313e02a53dc96a	/workspace/rst/cache_4_5/library/MSnbase/2.36.0/1500b7f6be122ac9a5313e02a53dc96a/MSnbase	available
4.5.2	MSwM	1.5	2025-06-03T20:28:52Z	e6b4a27295f64fc1dc6ff57331377244	/workspace/rst/cache_4_5/library/MSwM/1.5/e6b4a27295f64fc1dc6ff57331377244/MSwM	available
4.5.2	MafDb.1Kgenomes.phase1.hs37d5	3.10.0	2025-06-03T20:32:29Z	21c708bb3bd5aa68a9ad7fd2a28194ef	/workspace/rst/cache_4_5/library/MafDb.1Kgenomes.phase1.hs37d5/3.10.0/21c708bb3bd5aa68a9ad7fd2a28194ef/MafDb.1Kgenomes.phase1.hs37d5	available
4.5.2	MafH5.gnomAD.v4.0.GRCh38	3.19.0	2025-06-03T20:39:58Z	8381f47dbe7aa3c01f10f362b50fd99e	/workspace/rst/cache_4_5/library/MafH5.gnomAD.v4.0.GRCh38/3.19.0/8381f47dbe7aa3c01f10f362b50fd99e/MafH5.gnomAD.v4.0.GRCh38	available
4.5.2	MassSpecWavelet	1.76.0	2025-12-15T20:15:52Z	66e39c8f9bfdab3f91d613331ec1b1fc	/workspace/rst/cache_4_5/library/MassSpecWavelet/1.76.0/66e39c8f9bfdab3f91d613331ec1b1fc/MassSpecWavelet	available
4.5.2	MatchIt	4.7.2	2025-06-03T17:40:22Z	073cc7765bd6f2758627697081c0bb4f	/workspace/rst/cache_4_5/library/MatchIt/4.7.2/073cc7765bd6f2758627697081c0bb4f/MatchIt	available
4.5.2	MatchThem	1.2.1	2025-06-03T20:41:06Z	1fac21b15b8bef2285023bce794a4b1e	/workspace/rst/cache_4_5/library/MatchThem/1.2.1/1fac21b15b8bef2285023bce794a4b1e/MatchThem	available
4.5.2	Matching	4.10.15	2025-06-03T20:41:28Z	f361fe809e647cf20b9229637e1b9c70	/workspace/rst/cache_4_5/library/Matching/4.10-15/f361fe809e647cf20b9229637e1b9c70/Matching	available
4.5.2	Matrix	1.7.6	2026-07-26T15:33:32Z	1fa67fe08b5fcffde840813de6aab23b	/workspace/rst/cache_4_5/library/Matrix/1.7-6/1fa67fe08b5fcffde840813de6aab23b/Matrix	available
4.5.2	MatrixExtra	0.1.15	2025-06-03T20:43:32Z	d68866daef36b0f664490856dcb9557c	/workspace/rst/cache_4_5/library/MatrixExtra/0.1.15/d68866daef36b0f664490856dcb9557c/MatrixExtra	available
4.5.2	MatrixGenerics	1.22.0	2026-02-24T15:25:32Z	5858ed1c7d157ea2da1b40d7cb5460d5	/workspace/rst/cache_4_5/library/MatrixGenerics/1.22.0/5858ed1c7d157ea2da1b40d7cb5460d5/MatrixGenerics	available
4.5.2	MatrixModels	0.5.4	2025-06-03T16:01:30Z	6425e8380737076e1bd01df6c58db09a	/workspace/rst/cache_4_5/library/MatrixModels/0.5-4/6425e8380737076e1bd01df6c58db09a/MatrixModels	available
4.5.2	MetaboCoreUtils	1.18.1	2025-11-26T07:04:36Z	d48cecfc2d7d108b06749f449627fb32	/workspace/rst/cache_4_5/library/MetaboCoreUtils/1.18.1/d48cecfc2d7d108b06749f449627fb32/MetaboCoreUtils	available
4.5.2	Metrics	0.1.4	2025-06-03T20:43:45Z	8d10f9311aa3c618e5a57614447fb337	/workspace/rst/cache_4_5/library/Metrics/0.1.4/8d10f9311aa3c618e5a57614447fb337/Metrics	available
4.5.2	ModelMetrics	1.2.2.2	2025-06-03T16:31:08Z	952d48a6aa1d18a29c58f6e4fe03ed52	/workspace/rst/cache_4_5/library/ModelMetrics/1.2.2.2/952d48a6aa1d18a29c58f6e4fe03ed52/ModelMetrics	available
4.5.2	MotifDb	1.52.0	2025-11-05T09:50:31Z	fa8318c9f2eeddf29ffd56d3228064f9	/workspace/rst/cache_4_5/library/MotifDb/1.52.0/fa8318c9f2eeddf29ffd56d3228064f9/MotifDb	available
4.5.2	MouseGastrulationData	1.24.0	2025-11-06T07:52:20Z	7651b3ed23515fdadce53bfae49b289a	/workspace/rst/cache_4_5/library/MouseGastrulationData/1.24.0/7651b3ed23515fdadce53bfae49b289a/MouseGastrulationData	available
4.5.2	MouseThymusAgeing	1.18.0	2025-11-06T07:52:21Z	418734455ec1e20d2615bdfb86db5c63	/workspace/rst/cache_4_5/library/MouseThymusAgeing/1.18.0/418734455ec1e20d2615bdfb86db5c63/MouseThymusAgeing	available
4.5.2	MplusAutomation	1.3	2026-06-27T06:13:45Z	576503f7c41df20d9cf04d43110e29d1	/workspace/rst/cache_4_5/library/MplusAutomation/1.3/576503f7c41df20d9cf04d43110e29d1/MplusAutomation	available
4.5.2	MsBackendMgf	1.18.0	2025-11-05T09:50:31Z	0b7ea7c89773d1a10cba526cd4a28d57	/workspace/rst/cache_4_5/library/MsBackendMgf/1.18.0/0b7ea7c89773d1a10cba526cd4a28d57/MsBackendMgf	available
4.5.2	MsBackendSql	1.9.4	2025-10-31T10:21:00Z	7c2ef7cf7e0f52859bfab883e2d4215a	/workspace/rst/cache_4_5/library/MsBackendSql/1.9.4/7c2ef7cf7e0f52859bfab883e2d4215a/MsBackendSql	available
4.5.2	MsCoreUtils	1.22.1	2025-12-03T07:03:58Z	a96a3c5d199b311718812354fbc7c510	/workspace/rst/cache_4_5/library/MsCoreUtils/1.22.1/a96a3c5d199b311718812354fbc7c510/MsCoreUtils	available
4.5.2	MsDataHub	1.9.0	2025-10-31T10:21:00Z	1ab9ae3119ea8ce6a16f65827a693784	/workspace/rst/cache_4_5/library/MsDataHub/1.9.0/1ab9ae3119ea8ce6a16f65827a693784/MsDataHub	available
4.5.2	MsExperiment	1.12.0	2025-11-05T09:50:32Z	37761c038939f5e96a6dc3ff7ba75a93	/workspace/rst/cache_4_5/library/MsExperiment/1.12.0/37761c038939f5e96a6dc3ff7ba75a93/MsExperiment	available
4.5.2	MsFeatures	1.18.0	2025-11-05T09:50:32Z	4bf0306259dcd2d4d6545044c04aca8d	/workspace/rst/cache_4_5/library/MsFeatures/1.18.0/4bf0306259dcd2d4d6545044c04aca8d/MsFeatures	available
4.5.2	MuMIn	1.48.19	2026-03-29T06:07:05Z	79e568d37bf8ba29aede4b5dff559e77	/workspace/rst/cache_4_5/library/MuMIn/1.48.19/79e568d37bf8ba29aede4b5dff559e77/MuMIn	available
4.5.2	MultiAssayExperiment	1.36.2	2026-04-01T06:10:41Z	8e786af56929cb9585d52fa2a7cdcdc1	/workspace/rst/cache_4_5/library/MultiAssayExperiment/1.36.2/8e786af56929cb9585d52fa2a7cdcdc1/MultiAssayExperiment	available
4.5.2	NISTunits	1.0.1	2025-06-03T20:51:30Z	799f84ebb0583f4ccbffc0d31251f718	/workspace/rst/cache_4_5/library/NISTunits/1.0.1/799f84ebb0583f4ccbffc0d31251f718/NISTunits	available
4.5.2	NLP	0.3.3	2026-07-16T06:11:25Z	d0c07e652174e81ccf5bbaafde0cc29f	/workspace/rst/cache_4_5/library/NLP/0.3-3/d0c07e652174e81ccf5bbaafde0cc29f/NLP	available
4.5.2	NMF	0.28	2025-06-03T17:48:24Z	1fc8a026be77abd470c1754a5cfd7ffc	/workspace/rst/cache_4_5/library/NMF/0.28/1fc8a026be77abd470c1754a5cfd7ffc/NMF	available
4.5.2	NSM3	1.20	2025-12-06T20:44:59Z	c36bc1109d67531bdc63223d76063133	/workspace/rst/cache_4_5/library/NSM3/1.20/c36bc1109d67531bdc63223d76063133/NSM3	available
4.5.2	NbClust	3.0.1	2025-06-03T20:53:29Z	539a7630509c7c89fd9c0b54fc0104ee	/workspace/rst/cache_4_5/library/NbClust/3.0.1/539a7630509c7c89fd9c0b54fc0104ee/NbClust	available
4.5.2	NeuralNetTools	1.5.3	2025-12-04T07:05:07Z	563572dcb57ca07282f5dc10b0449c81	/workspace/rst/cache_4_5/library/NeuralNetTools/1.5.3/563572dcb57ca07282f5dc10b0449c81/NeuralNetTools	available
4.5.2	NlcOptim	0.6	2025-10-24T06:14:38Z	7c26aa81db6ef439402432ffa7e2ea79	/workspace/rst/cache_4_5/library/NlcOptim/0.6/7c26aa81db6ef439402432ffa7e2ea79/NlcOptim	available
4.5.2	OAIHarvester	0.3.5	2025-06-03T20:53:40Z	59db0e9a47d0b23dde8daca6bc5d1ca5	/workspace/rst/cache_4_5/library/OAIHarvester/0.3-5/59db0e9a47d0b23dde8daca6bc5d1ca5/OAIHarvester	available
4.5.2	OmaDB	2.26.0	2026-08-27T06:17:31Z	8c573cf3bab943163ae55cae2cdaf3d8	/workspace/rst/cache_4_5/library/OmaDB/2.26.0/8c573cf3bab943163ae55cae2cdaf3d8/OmaDB	available
4.5.2	OmnipathR	3.18.4	2026-03-14T06:11:16Z	251b1a4be7bc13456fb228f32ddc40e9	/workspace/rst/cache_4_5/library/OmnipathR/3.18.4/251b1a4be7bc13456fb228f32ddc40e9/OmnipathR	available
4.5.2	OpenImageR	1.3.0	2025-06-03T20:54:41Z	323516b1fb2963f2782233682e175839	/workspace/rst/cache_4_5/library/OpenImageR/1.3.0/323516b1fb2963f2782233682e175839/OpenImageR	available
4.5.2	OpenMx	2.22.9	2025-08-22T05:50:01Z	d327824e48fcd6d0722d9f12e0ce0bdc	/workspace/rst/cache_4_5/library/OpenMx/2.22.9/d327824e48fcd6d0722d9f12e0ce0bdc/OpenMx	available
4.5.2	OpenStreetMap	0.4.1	2025-12-06T20:45:02Z	2842953feb62f992b3bda8c8349e8135	/workspace/rst/cache_4_5/library/OpenStreetMap/0.4.1/2842953feb62f992b3bda8c8349e8135/OpenStreetMap	available
4.5.2	OrganismDbi	1.52.0	2025-11-05T09:50:33Z	4e434a861404cbf7e9ff9e5173c22d91	/workspace/rst/cache_4_5/library/OrganismDbi/1.52.0/4e434a861404cbf7e9ff9e5173c22d91/OrganismDbi	available
4.5.2	Orthology.eg.db	3.22.0	2025-10-31T10:21:07Z	6d698698373c77dad929e96aef4ac2f1	/workspace/rst/cache_4_5/library/Orthology.eg.db/3.22.0/6d698698373c77dad929e96aef4ac2f1/Orthology.eg.db	available
4.5.2	PASWR	1.3	2025-07-09T05:43:43Z	a7f38a02765013de879f955913559206	/workspace/rst/cache_4_5/library/PASWR/1.3/a7f38a02765013de879f955913559206/PASWR	available
4.5.2	PCDimension	1.1.14	2025-06-03T21:05:16Z	6dc90ebe07225fa847111f5dc9418d84	/workspace/rst/cache_4_5/library/PCDimension/1.1.14/6dc90ebe07225fa847111f5dc9418d84/PCDimension	available
4.5.2	PFAM.db	3.22.0	2025-10-31T10:21:09Z	5aa7279ae11d232ebc8cef616f6b1832	/workspace/rst/cache_4_5/library/PFAM.db/3.22.0/5aa7279ae11d232ebc8cef616f6b1832/PFAM.db	available
4.5.2	PKI	0.1.15	2025-12-06T20:45:02Z	df8eb8b10f55e0b5c34dd3c52011c70e	/workspace/rst/cache_4_5/library/PKI/0.1-15/df8eb8b10f55e0b5c34dd3c52011c70e/PKI	available
4.5.2	PMCMRplus	1.9.12	2025-06-03T21:06:37Z	b13b48ceea27ed7cdd92a78bb26d4239	/workspace/rst/cache_4_5/library/PMCMRplus/1.9.12/b13b48ceea27ed7cdd92a78bb26d4239/PMCMRplus	available
4.5.2	PROJ	0.7.0	2026-07-12T06:11:20Z	825ad99dbb8c348ea975c01ea78be42f	/workspace/rst/cache_4_5/library/PROJ/0.7.0/825ad99dbb8c348ea975c01ea78be42f/PROJ	available
4.5.2	PROreg	1.3.2	2025-12-06T20:45:03Z	250b9b03ba46a7f1a1476fd877222f37	/workspace/rst/cache_4_5/library/PROreg/1.3.2/250b9b03ba46a7f1a1476fd877222f37/PROreg	available
4.5.2	PRROC	1.4	2025-06-03T21:07:29Z	edb9579148159e46441cddff3ee14aed	/workspace/rst/cache_4_5/library/PRROC/1.4/edb9579148159e46441cddff3ee14aed/PRROC	available
4.5.2	PSMatch	1.14.0	2025-11-05T09:50:33Z	bc65f481c5fae0d203396afb98d9b5ed	/workspace/rst/cache_4_5/library/PSMatch/1.14.0/bc65f481c5fae0d203396afb98d9b5ed/PSMatch	available
4.5.2	PairedData	1.1.1	2025-06-03T21:07:46Z	47129cc3b5d7d902e5193ba293394182	/workspace/rst/cache_4_5/library/PairedData/1.1.1/47129cc3b5d7d902e5193ba293394182/PairedData	available
4.5.2	ParamHelpers	1.14.2	2025-06-03T21:07:59Z	3983beadc3f58274ed8a89c03cd59162	/workspace/rst/cache_4_5/library/ParamHelpers/1.14.2/3983beadc3f58274ed8a89c03cd59162/ParamHelpers	available
4.5.2	PerformanceAnalytics	2.1.0	2026-04-13T06:21:31Z	88c5c8fff5278dc242efaa394fb54a32	/workspace/rst/cache_4_5/library/PerformanceAnalytics/2.1.0/88c5c8fff5278dc242efaa394fb54a32/PerformanceAnalytics	available
4.5.2	PlotTools	0.4.0	2026-01-31T07:04:40Z	2b447011196d2cefe5491e09004ed2b2	/workspace/rst/cache_4_5/library/PlotTools/0.4.0/2b447011196d2cefe5491e09004ed2b2/PlotTools	available
4.5.2	PoiClaClu	1.0.2.1	2025-06-03T21:08:59Z	2b9ccf39a637b949d16283effccd3641	/workspace/rst/cache_4_5/library/PoiClaClu/1.0.2.1/2b9ccf39a637b949d16283effccd3641/PoiClaClu	available
4.5.2	PoissonBinomial	1.2.8	2026-03-08T07:11:01Z	dfe74a3e21e13fca39cb80a006b383e0	/workspace/rst/cache_4_5/library/PoissonBinomial/1.2.8/dfe74a3e21e13fca39cb80a006b383e0/PoissonBinomial	available
4.5.2	PolyPhen.Hsapiens.dbSNP131	1.0.2	2025-06-03T21:10:15Z	9a4f06d72a536e6fe2e88ff56a1abb1d	/workspace/rst/cache_4_5/library/PolyPhen.Hsapiens.dbSNP131/1.0.2/9a4f06d72a536e6fe2e88ff56a1abb1d/PolyPhen.Hsapiens.dbSNP131	available
4.5.2	Polychrome	1.6.2	2026-09-27T06:18:20Z	48dc0b02cace046c6aa8f63e8c04a7e6	/workspace/rst/cache_4_5/library/Polychrome/1.6.2/48dc0b02cace046c6aa8f63e8c04a7e6/Polychrome	available
4.5.2	ProtGenerics	1.42.0	2025-11-05T09:50:33Z	3bd026a17dabeb439d34198bb87e5c26	/workspace/rst/cache_4_5/library/ProtGenerics/1.42.0/3bd026a17dabeb439d34198bb87e5c26/ProtGenerics	available
4.5.2	Publish	2025.7.24	2025-08-05T15:28:51Z	6653940a5cc878cae18abe147378b71c	/workspace/rst/cache_4_5/library/Publish/2025.07.24/6653940a5cc878cae18abe147378b71c/Publish	available
4.5.2	QCA	3.25	2026-05-11T06:18:37Z	528ae3f153c6ba3f3cae1597cd52eb92	/workspace/rst/cache_4_5/library/QCA/3.25/528ae3f153c6ba3f3cae1597cd52eb92/QCA	available
4.5.2	QFeatures	1.20.0	2025-11-05T09:50:33Z	9a2c660309bf978b26fa5b5cd3cdb459	/workspace/rst/cache_4_5/library/QFeatures/1.20.0/9a2c660309bf978b26fa5b5cd3cdb459/QFeatures	available
4.5.2	QSARdata	1.3	2025-06-03T21:11:36Z	526e8051c1bdeb7ba2b326b7f6709ee4	/workspace/rst/cache_4_5/library/QSARdata/1.3/526e8051c1bdeb7ba2b326b7f6709ee4/QSARdata	available
4.5.2	QuaternaryProd	1.44.0	2025-11-05T09:50:34Z	36039f14fedd155ef10e69cbf4c8c509	/workspace/rst/cache_4_5/library/QuaternaryProd/1.44.0/36039f14fedd155ef10e69cbf4c8c509/QuaternaryProd	available
4.5.2	QuickJSR	1.9.2	2026-04-19T06:09:41Z	9b53a50127b70fb705089c0a2bee53fb	/workspace/rst/cache_4_5/library/QuickJSR/1.9.2/9b53a50127b70fb705089c0a2bee53fb/QuickJSR	available
4.5.2	R.cache	0.17.0	2025-06-03T19:58:39Z	db46cadfda38b868a531cef82ff47c5c	/workspace/rst/cache_4_5/library/R.cache/0.17.0/db46cadfda38b868a531cef82ff47c5c/R.cache	available
4.5.2	R.devices	2.17.4	2026-05-11T06:18:37Z	a1edb94d608f9c698b1b919a360917e6	/workspace/rst/cache_4_5/library/R.devices/2.17.4/a1edb94d608f9c698b1b919a360917e6/R.devices	available
4.5.2	R.matlab	3.8.0	2026-09-12T06:18:55Z	5f380bfcbd154d00b75cab3a6e6d2b9a	/workspace/rst/cache_4_5/library/R.matlab/3.8.0/5f380bfcbd154d00b75cab3a6e6d2b9a/R.matlab	available
4.5.2	R.methodsS3	1.8.2	2025-06-03T16:18:43Z	23ca806dc24d8bafb78440cd998890f3	/workspace/rst/cache_4_5/library/R.methodsS3/1.8.2/23ca806dc24d8bafb78440cd998890f3/R.methodsS3	available
4.5.2	R.oo	1.27.1	2025-06-03T16:18:44Z	2681d85af686c32a5774aed7faac0a79	/workspace/rst/cache_4_5/library/R.oo/1.27.1/2681d85af686c32a5774aed7faac0a79/R.oo	available
4.5.2	R.rsp	0.46.0	2025-06-03T21:13:51Z	5318d16fe093da91546e31e4eab2361b	/workspace/rst/cache_4_5/library/R.rsp/0.46.0/5318d16fe093da91546e31e4eab2361b/R.rsp	available
4.5.2	R.utils	2.13.0	2025-06-03T16:18:44Z	47f1193f24634264e9d391953fa8e55d	/workspace/rst/cache_4_5/library/R.utils/2.13.0/47f1193f24634264e9d391953fa8e55d/R.utils	available
4.5.2	R01.feb2025.datapkg	0.0.0.9018	2026-03-16T13:48:03Z	3c5acb06e5e9dc0decc4dc729cbd1e80	/workspace/rst/cache_4_5/library/R01.feb2025.datapkg/0.0.0.9018/3c5acb06e5e9dc0decc4dc729cbd1e80/R01.feb2025.datapkg	available
4.5.2	R2BayesX	1.1.6	2025-06-03T21:14:15Z	48d65dd15ebc1feefa7c781dbb05bfc6	/workspace/rst/cache_4_5/library/R2BayesX/1.1-6/48d65dd15ebc1feefa7c781dbb05bfc6/R2BayesX	available
4.5.2	R2HTML	2.3.4	2025-06-03T21:14:31Z	2e712cdddb186b289f03e7e516c3cab1	/workspace/rst/cache_4_5/library/R2HTML/2.3.4/2e712cdddb186b289f03e7e516c3cab1/R2HTML	available
4.5.2	R2OpenBUGS	3.2.5	2026-02-25T07:06:49Z	b18bab67a0d6fe5c2b187fdda0f77fe0	/workspace/rst/cache_4_5/library/R2OpenBUGS/3.2-5/b18bab67a0d6fe5c2b187fdda0f77fe0/R2OpenBUGS	available
4.5.2	R2WinBUGS	2.1.23	2025-08-05T15:28:51Z	d66895054b10ed70d61f86ce2d6f93bd	/workspace/rst/cache_4_5/library/R2WinBUGS/2.1-23/d66895054b10ed70d61f86ce2d6f93bd/R2WinBUGS	available
4.5.2	R2admb	0.7.16.3	2025-06-03T21:15:11Z	08c79a9cdd595a7f6f2d9081a40217f9	/workspace/rst/cache_4_5/library/R2admb/0.7.16.3/08c79a9cdd595a7f6f2d9081a40217f9/R2admb	available
4.5.2	R2jags	0.8.9	2025-06-03T21:15:39Z	42fc8dc9e72dded88ec4aa6bdf24b8a5	/workspace/rst/cache_4_5/library/R2jags/0.8-9/42fc8dc9e72dded88ec4aa6bdf24b8a5/R2jags	available
4.5.2	R6	2.6.1	2025-06-03T15:43:12Z	0b14e35e6c003394f23b88dbe522a5ba	/workspace/rst/cache_4_5/library/R6/2.6.1/0b14e35e6c003394f23b88dbe522a5ba/R6	available
4.5.2	RANN	2.6.3	2026-08-27T06:17:31Z	a0a3a91b42c6bdd763ca9c476e976c26	/workspace/rst/cache_4_5/library/RANN/2.6.3/a0a3a91b42c6bdd763ca9c476e976c26/RANN	available
4.5.2	RApiSerialize	0.1.4	2025-06-03T21:15:50Z	4593f444070c345223dc9ffe9618bc2a	/workspace/rst/cache_4_5/library/RApiSerialize/0.1.4/4593f444070c345223dc9ffe9618bc2a/RApiSerialize	available
4.5.2	RBGL	1.86.0	2025-11-05T09:50:34Z	13444c04753799fa476aca0f68df08fb	/workspace/rst/cache_4_5/library/RBGL/1.86.0/13444c04753799fa476aca0f68df08fb/RBGL	available
4.5.2	RBesT	1.9.0	2026-04-18T06:06:07Z	2ebea3e7f0033c7779839308107daf94	/workspace/rst/cache_4_5/library/RBesT/1.9-0/2ebea3e7f0033c7779839308107daf94/RBesT	available
4.5.2	RColorBrewer	1.1.3	2025-06-03T15:43:12Z	d431b73ecad4af43f14769fdf6694d47	/workspace/rst/cache_4_5/library/RColorBrewer/1.1-3/d431b73ecad4af43f14769fdf6694d47/RColorBrewer	available
4.5.2	RConics	1.1.2	2025-06-03T21:22:02Z	eaab464747e592782e4f7c51c93e12cb	/workspace/rst/cache_4_5/library/RConics/1.1.2/eaab464747e592782e4f7c51c93e12cb/RConics	available
4.5.2	RCurl	1.98.1.20	2026-08-24T06:17:05Z	029e028ea2c1dcb955f44d4be146ad88	/workspace/rst/cache_4_5/library/RCurl/1.98-1.20/029e028ea2c1dcb955f44d4be146ad88/RCurl	available
4.5.2	RCy3	2.30.1	2025-12-10T07:08:15Z	7ec7691b1c79f0122544fc1e642f9415	/workspace/rst/cache_4_5/library/RCy3/2.30.1/7ec7691b1c79f0122544fc1e642f9415/RCy3	available
4.5.2	REPPlab	0.9.6	2025-08-30T07:49:26Z	bea37c77bf9279ab5c28bd6808355454	/workspace/rst/cache_4_5/library/REPPlab/0.9.6/bea37c77bf9279ab5c28bd6808355454/REPPlab	available
4.5.2	REndo	2.5.0	2026-05-10T06:21:08Z	f11785998272dad017afe95b3a828245	/workspace/rst/cache_4_5/library/REndo/2.5.0/f11785998272dad017afe95b3a828245/REndo	available
4.5.2	RGCCA	3.0.3	2025-06-03T21:23:46Z	cdd6c2007f241385bd4eee0c493bbdc8	/workspace/rst/cache_4_5/library/RGCCA/3.0.3/cdd6c2007f241385bd4eee0c493bbdc8/RGCCA	available
4.5.2	RH2	0.2.5	2026-02-01T07:01:59Z	316020508ec84432c65c12f5ac58eb6e	/workspace/rst/cache_4_5/library/RH2/0.2.5/316020508ec84432c65c12f5ac58eb6e/RH2	available
4.5.2	RJDBC	0.2.10	2026-02-01T07:01:59Z	103ae99c6a8874d51a805263e597d3e6	/workspace/rst/cache_4_5/library/RJDBC/0.2-10/103ae99c6a8874d51a805263e597d3e6/RJDBC	available
4.5.2	RJSONIO	2.0.5	2026-05-17T06:13:17Z	2533056b93853f6689b021791f038ef8	/workspace/rst/cache_4_5/library/RJSONIO/2.0.5/2533056b93853f6689b021791f038ef8/RJSONIO	available
4.5.2	RLRsim	3.1.9	2025-12-06T20:45:04Z	03ee3845d9c615982918558227b63093	/workspace/rst/cache_4_5/library/RLRsim/3.1-9/03ee3845d9c615982918558227b63093/RLRsim	available
4.5.2	RMariaDB	1.3.5	2026-02-08T07:06:05Z	72b661660e400de4cd77df9e0d49e93b	/workspace/rst/cache_4_5/library/RMariaDB/1.3.5/72b661660e400de4cd77df9e0d49e93b/RMariaDB	available
4.5.2	RMySQL	0.11.3	2026-04-13T06:21:31Z	7098e6e247389930879c182f78784192	/workspace/rst/cache_4_5/library/RMySQL/0.11.3/7098e6e247389930879c182f78784192/RMySQL	available
4.5.2	RNAseqData.HNRNPC.bam.chr14	0.48.0	2025-11-06T07:52:25Z	54055fbfc97f1ef8e665f6ebb9c581b7	/workspace/rst/cache_4_5/library/RNAseqData.HNRNPC.bam.chr14/0.48.0/54055fbfc97f1ef8e665f6ebb9c581b7/RNAseqData.HNRNPC.bam.chr14	available
4.5.2	RNeXML	2.4.11	2025-06-03T21:27:24Z	db4baf99ce1a8d817ff8055c531ae267	/workspace/rst/cache_4_5/library/RNeXML/2.4.11/db4baf99ce1a8d817ff8055c531ae267/RNeXML	available
4.5.2	RNetCDF	2.11.2	2026-08-07T06:16:37Z	a9662459d6616ed095f474f13d419683	/workspace/rst/cache_4_5/library/RNetCDF/2.11-2/a9662459d6616ed095f474f13d419683/RNetCDF	available
4.5.2	ROC	1.86.0	2025-11-05T09:50:35Z	17e43fbe439e2ae07a79aadc3410bd15	/workspace/rst/cache_4_5/library/ROC/1.86.0/17e43fbe439e2ae07a79aadc3410bd15/ROC	available
4.5.2	ROCR	1.0.12	2026-01-25T07:12:12Z	89420c03398e917d9e7083ebc6140c62	/workspace/rst/cache_4_5/library/ROCR/1.0-12/89420c03398e917d9e7083ebc6140c62/ROCR	available
4.5.2	RODBC	1.3.26.3	2026-09-18T06:21:24Z	ef0b92decbc309ec4a1bd738eb2c3d54	/workspace/rst/cache_4_5/library/RODBC/1.3-26.3/ef0b92decbc309ec4a1bd738eb2c3d54/RODBC	available
4.5.2	ROI	1.0.2	2026-01-14T07:00:17Z	e09f16c6470f883bd5a6510d6621f109	/workspace/rst/cache_4_5/library/ROI/1.0-2/e09f16c6470f883bd5a6510d6621f109/ROI	available
4.5.2	ROI.plugin.alabama	1.0.2	2026-04-21T06:17:31Z	d690168510452a49d6b56e621cbf7b50	/workspace/rst/cache_4_5/library/ROI.plugin.alabama/1.0-2/d690168510452a49d6b56e621cbf7b50/ROI.plugin.alabama	available
4.5.2	ROI.plugin.ecos	1.0.2	2026-04-21T06:17:31Z	9b7529c977d0bab1ca12b5ddf1088b66	/workspace/rst/cache_4_5/library/ROI.plugin.ecos/1.0-2/9b7529c977d0bab1ca12b5ddf1088b66/ROI.plugin.ecos	available
4.5.2	ROI.plugin.glpk	1.0.0	2025-06-29T05:39:31Z	38e29f3b36bf0d69737fb7c2da60182d	/workspace/rst/cache_4_5/library/ROI.plugin.glpk/1.0-0/38e29f3b36bf0d69737fb7c2da60182d/ROI.plugin.glpk	available
4.5.2	ROI.plugin.lpsolve	1.0.2	2025-09-01T05:51:17Z	16695d0c49166b524e8222e96341a287	/workspace/rst/cache_4_5/library/ROI.plugin.lpsolve/1.0-2/16695d0c49166b524e8222e96341a287/ROI.plugin.lpsolve	available
4.5.2	ROI.plugin.neos	1.0.2	2026-04-21T06:17:31Z	b6b93f0bc2d52a1fb946329857d7c56a	/workspace/rst/cache_4_5/library/ROI.plugin.neos/1.0-2/b6b93f0bc2d52a1fb946329857d7c56a/ROI.plugin.neos	available
4.5.2	ROOPSD	0.3.9	2025-06-03T21:28:54Z	8476f9024447f6ac10ee1599ac65e1f3	/workspace/rst/cache_4_5/library/ROOPSD/0.3.9/8476f9024447f6ac10ee1599ac65e1f3/ROOPSD	available
4.5.2	ROSE	0.0.4	2025-06-03T21:29:06Z	a906e4a78311a45218266d84db567657	/workspace/rst/cache_4_5/library/ROSE/0.0-4/a906e4a78311a45218266d84db567657/ROSE	available
4.5.2	RPEGLMEN	1.1.4	2025-12-21T07:04:36Z	aa62ebd7aba61c7f30c4b1949ffe34c5	/workspace/rst/cache_4_5/library/RPEGLMEN/1.1.4/aa62ebd7aba61c7f30c4b1949ffe34c5/RPEGLMEN	available
4.5.2	RPEIF	1.2.5	2025-12-19T06:57:40Z	e94fdff2d1e6a5690a63f63275b06c0a	/workspace/rst/cache_4_5/library/RPEIF/1.2.5/e94fdff2d1e6a5690a63f63275b06c0a/RPEIF	available
4.5.2	RPESE	1.2.7	2026-01-09T07:07:15Z	20fca143e913c082a5a02142a27fd451	/workspace/rst/cache_4_5/library/RPESE/1.2.7/20fca143e913c082a5a02142a27fd451/RPESE	available
4.5.2	RPMM	1.25	2025-11-05T09:50:35Z	87170a322260c02fab0bea4d0300190c	/workspace/rst/cache_4_5/library/RPMM/1.25/87170a322260c02fab0bea4d0300190c/RPMM	available
4.5.2	RPostgreSQL	0.7.8	2025-06-03T21:30:38Z	d32cdf1e1f215ff750fc2364432034ed	/workspace/rst/cache_4_5/library/RPostgreSQL/0.7-8/d32cdf1e1f215ff750fc2364432034ed/RPostgreSQL	available
4.5.2	RPostgres	1.4.9	2026-02-08T07:06:05Z	63f13a18a76991edfabfa7309df415b3	/workspace/rst/cache_4_5/library/RPostgres/1.4.9/63f13a18a76991edfabfa7309df415b3/RPostgres	available
4.5.2	RProtoBufLib	2.22.0	2025-11-05T09:50:36Z	12902e4e43a6bd895dbc668ab2cc0d1b	/workspace/rst/cache_4_5/library/RProtoBufLib/2.22.0/12902e4e43a6bd895dbc668ab2cc0d1b/RProtoBufLib	available
4.5.2	RPushbullet	0.3.5	2025-12-06T20:45:04Z	e1213f13d87e4b9a6b8c29878c4112a0	/workspace/rst/cache_4_5/library/RPushbullet/0.3.5/e1213f13d87e4b9a6b8c29878c4112a0/RPushbullet	available
4.5.2	RRF	1.9.4.1	2025-06-03T21:31:57Z	d4246d0d2ec437e29ba740763c172154	/workspace/rst/cache_4_5/library/RRF/1.9.4.1/d4246d0d2ec437e29ba740763c172154/RRF	available
4.5.2	RSGHB	1.2.2	2025-06-03T21:32:14Z	3dea1115f31c2e7fbf92cf1b3f640682	/workspace/rst/cache_4_5/library/RSGHB/1.2.2/3dea1115f31c2e7fbf92cf1b3f640682/RSGHB	available
4.5.2	RSNNS	0.4.18	2026-02-01T07:02:00Z	968e001650d19568cd6f5151dd4775fd	/workspace/rst/cache_4_5/library/RSNNS/0.4-18/968e001650d19568cd6f5151dd4775fd/RSNNS	available
4.5.2	RSQLite	3.53.3	2026-07-02T06:11:26Z	3dbef4008e1b800af22d7924e042e061	/workspace/rst/cache_4_5/library/RSQLite/3.53.3/3dbef4008e1b800af22d7924e042e061/RSQLite	available
4.5.2	RSiena	1.6.6	2026-04-22T06:09:34Z	7cfb2b237bf79182a9303b4df9852836	/workspace/rst/cache_4_5/library/RSiena/1.6.6/7cfb2b237bf79182a9303b4df9852836/RSiena	available
4.5.2	RSpectra	0.16.2	2025-06-03T15:43:13Z	c53ef239babbb4acdc47995bf2438615	/workspace/rst/cache_4_5/library/RSpectra/0.16-2/c53ef239babbb4acdc47995bf2438615/RSpectra	available
4.5.2	RTCGA	1.40.0	2025-11-05T09:50:37Z	9312cf84b751c00a0869b374e386f776	/workspace/rst/cache_4_5/library/RTCGA/1.40.0/9312cf84b751c00a0869b374e386f776/RTCGA	available
4.5.2	RTCGA.CNV	1.38.0	2025-11-06T07:52:28Z	a9b09416f38c7e5b4f61162c8a84b0d5	/workspace/rst/cache_4_5/library/RTCGA.CNV/1.38.0/a9b09416f38c7e5b4f61162c8a84b0d5/RTCGA.CNV	available
4.5.2	RTCGA.RPPA	1.38.0	2025-11-06T07:52:29Z	57d66f252b5738910e8bdc59ea337ab8	/workspace/rst/cache_4_5/library/RTCGA.RPPA/1.38.0/57d66f252b5738910e8bdc59ea337ab8/RTCGA.RPPA	available
4.5.2	RTCGA.clinical	20151101.40.0	2025-11-06T07:52:29Z	0753efb6d22c3536305cdf32dab80a85	/workspace/rst/cache_4_5/library/RTCGA.clinical/20151101.40.0/0753efb6d22c3536305cdf32dab80a85/RTCGA.clinical	available
4.5.2	RTCGA.mRNA	1.38.0	2025-11-06T07:52:30Z	815d11e6a2a016dd152f1064fee553b0	/workspace/rst/cache_4_5/library/RTCGA.mRNA/1.38.0/815d11e6a2a016dd152f1064fee553b0/RTCGA.mRNA	available
4.5.2	RTCGA.methylation	1.38.0	2025-11-06T07:52:32Z	7ec3eb63a0eecd2ada19630f157e6f48	/workspace/rst/cache_4_5/library/RTCGA.methylation/1.38.0/7ec3eb63a0eecd2ada19630f157e6f48/RTCGA.methylation	available
4.5.2	RTCGA.miRNASeq	1.38.0	2025-11-06T07:52:34Z	9854cc1c94d7ad67d2f54d15623d038d	/workspace/rst/cache_4_5/library/RTCGA.miRNASeq/1.38.0/9854cc1c94d7ad67d2f54d15623d038d/RTCGA.miRNASeq	available
4.5.2	RTCGA.mutations	20151101.40.0	2025-11-06T07:52:35Z	a54bcbdcefc0a3a71d20e3024e0bd136	/workspace/rst/cache_4_5/library/RTCGA.mutations/20151101.40.0/a54bcbdcefc0a3a71d20e3024e0bd136/RTCGA.mutations	available
4.5.2	RTCGA.rnaseq	20151101.40.0	2025-11-06T07:52:38Z	cd611553105d93101532a7010211866d	/workspace/rst/cache_4_5/library/RTCGA.rnaseq/20151101.40.0/cd611553105d93101532a7010211866d/RTCGA.rnaseq	available
4.5.2	RUVSeq	1.44.0	2025-11-05T09:50:37Z	8e82d1bab26b6b53339134b1a8f600fa	/workspace/rst/cache_4_5/library/RUVSeq/1.44.0/8e82d1bab26b6b53339134b1a8f600fa/RUVSeq	available
4.5.2	RUnit	0.4.33.1	2025-12-06T20:45:05Z	538525c06ed01b77c99a59935524b7ba	/workspace/rst/cache_4_5/library/RUnit/0.4.33.1/538525c06ed01b77c99a59935524b7ba/RUnit	available
4.5.2	RVAideMemoire	0.9.83.12	2025-12-06T20:45:05Z	f4c9ee1032e317bb17e72ce0d528e912	/workspace/rst/cache_4_5/library/RVAideMemoire/0.9-83-12/f4c9ee1032e317bb17e72ce0d528e912/RVAideMemoire	available
4.5.2	RVenn	1.1.0	2025-06-03T22:01:15Z	bd007711d643bdc623d9102c3875abfb	/workspace/rst/cache_4_5/library/RVenn/1.1.0/bd007711d643bdc623d9102c3875abfb/RVenn	available
4.5.2	RWeka	0.4.50	2026-07-29T06:16:16Z	f8988bfc3d2a0be51aa5b4c67d9529ed	/workspace/rst/cache_4_5/library/RWeka/0.4-50/f8988bfc3d2a0be51aa5b4c67d9529ed/RWeka	available
4.5.2	RWekajars	3.9.3.2	2025-06-03T19:34:04Z	70bbfc39717e1cbf0348d996c9db396d	/workspace/rst/cache_4_5/library/RWekajars/3.9.3-2/70bbfc39717e1cbf0348d996c9db396d/RWekajars	available
4.5.2	RWiener	1.3.3	2025-06-03T22:01:31Z	d88ec8a7cc464aa945e9359c6ca8b4e3	/workspace/rst/cache_4_5/library/RWiener/1.3-3/d88ec8a7cc464aa945e9359c6ca8b4e3/RWiener	available
4.5.2	RaggedExperiment	1.34.0	2025-11-05T09:50:37Z	658d01cb4d400aa91f30f0741d94b40f	/workspace/rst/cache_4_5/library/RaggedExperiment/1.34.0/658d01cb4d400aa91f30f0741d94b40f/RaggedExperiment	available
4.5.2	Rattus.norvegicus	1.3.1	2025-06-03T22:06:02Z	2616af9e92a36d949efb99b4bc0c8f2a	/workspace/rst/cache_4_5/library/Rattus.norvegicus/1.3.1/2616af9e92a36d949efb99b4bc0c8f2a/Rattus.norvegicus	available
4.5.2	Rcapture	1.4.4	2025-06-03T22:06:21Z	e66c4d88c173141071a98e4783e39c3f	/workspace/rst/cache_4_5/library/Rcapture/1.4-4/e66c4d88c173141071a98e4783e39c3f/Rcapture	available
4.5.2	Rcereal	1.3.2	2025-12-07T06:57:38Z	dbc860ae5a27e5aa91397a3ec25a1cec	/workspace/rst/cache_4_5/library/Rcereal/1.3.2/dbc860ae5a27e5aa91397a3ec25a1cec/Rcereal	available
4.5.2	Rchoice	0.3.6	2025-06-03T22:09:16Z	31afb9f41704565730057a2c2ac6d911	/workspace/rst/cache_4_5/library/Rchoice/0.3-6/31afb9f41704565730057a2c2ac6d911/Rchoice	available
4.5.2	RcisTarget	1.29.0	2025-10-31T10:21:31Z	4d40f6aaf5b7c3e6f4c6b98b1d702f60	/workspace/rst/cache_4_5/library/RcisTarget/1.29.0/4d40f6aaf5b7c3e6f4c6b98b1d702f60/RcisTarget	available
4.5.2	RcisTarget.hg19.motifDBs.cisbpOnly.500bp	1.30.0	2025-11-06T07:52:40Z	810f33de55b18c5b69a612cb6975fe49	/workspace/rst/cache_4_5/library/RcisTarget.hg19.motifDBs.cisbpOnly.500bp/1.30.0/810f33de55b18c5b69a612cb6975fe49/RcisTarget.hg19.motifDBs.cisbpOnly.500bp	available
4.5.2	Rcmdr	2.9.5	2025-06-03T22:20:08Z	29f8383969c6276eba664ad8d534d409	/workspace/rst/cache_4_5/library/Rcmdr/2.9-5/29f8383969c6276eba664ad8d534d409/Rcmdr	available
4.5.2	RcmdrMisc	2.9.2	2025-08-05T15:28:52Z	f9cd617d06b25c5dbbaa70c3e7a86534	/workspace/rst/cache_4_5/library/RcmdrMisc/2.9-2/f9cd617d06b25c5dbbaa70c3e7a86534/RcmdrMisc	available
4.5.2	RcmdrPlugin.HH	1.1.51	2025-06-03T22:20:45Z	21b2704c67f413c0f68142d8e67aacca	/workspace/rst/cache_4_5/library/RcmdrPlugin.HH/1.1-51/21b2704c67f413c0f68142d8e67aacca/RcmdrPlugin.HH	available
4.5.2	Rcpp	1.1.2	2026-07-07T06:20:33Z	6411867284d3de334a94c9eee533c22b	/workspace/rst/cache_4_5/library/Rcpp/1.1.2/6411867284d3de334a94c9eee533c22b/Rcpp	available
4.5.2	RcppAnnoy	0.0.23	2026-01-14T07:00:18Z	5c4c62d0c6bd15c6ce9161c08dfbace3	/workspace/rst/cache_4_5/library/RcppAnnoy/0.0.23/5c4c62d0c6bd15c6ce9161c08dfbace3/RcppAnnoy	available
4.5.2	RcppArmadillo	15.6.0.1	2026-09-11T06:19:01Z	efdb94d61ff9e0fb840b957de66e8c48	/workspace/rst/cache_4_5/library/RcppArmadillo/15.6.0-1/efdb94d61ff9e0fb840b957de66e8c48/RcppArmadillo	available
4.5.2	RcppCCTZ	0.2.14	2026-01-10T07:10:47Z	9e54a48fbd3f4f679ba91a6c89c51587	/workspace/rst/cache_4_5/library/RcppCCTZ/0.2.14/9e54a48fbd3f4f679ba91a6c89c51587/RcppCCTZ	available
4.5.2	RcppDate	0.0.7	2026-07-30T06:20:37Z	236b6cc5c08e2601c5e2ac3d822396eb	/workspace/rst/cache_4_5/library/RcppDate/0.0.7/236b6cc5c08e2601c5e2ac3d822396eb/RcppDate	available
4.5.2	RcppEigen	0.3.4.0.2	2025-06-03T15:43:22Z	9fc44fd0acf52c630e8321ed27854574	/workspace/rst/cache_4_5/library/RcppEigen/0.3.4.0.2/9fc44fd0acf52c630e8321ed27854574/RcppEigen	available
4.5.2	RcppGSL	0.3.14	2026-03-08T07:11:01Z	2b0771db338a60946340ff953645c917	/workspace/rst/cache_4_5/library/RcppGSL/0.3.14/2b0771db338a60946340ff953645c917/RcppGSL	available
4.5.2	RcppHNSW	0.7.0	2026-07-26T15:33:37Z	de97e632f74fabc0d64240f711cdcc80	/workspace/rst/cache_4_5/library/RcppHNSW/0.7.0/de97e632f74fabc0d64240f711cdcc80/RcppHNSW	available
4.5.2	RcppHungarian	0.3	2025-06-03T22:21:51Z	46d0fec9622cea070a1bf2f1b2120871	/workspace/rst/cache_4_5/library/RcppHungarian/0.3/46d0fec9622cea070a1bf2f1b2120871/RcppHungarian	available
4.5.2	RcppML	0.3.7.1	2026-04-23T16:48:33Z	2a93dfe1f6baed819f9258478b890d61	/workspace/rst/cache_4_5/library/RcppML/0.3.7.1/2a93dfe1f6baed819f9258478b890d61/RcppML	available
4.5.2	RcppNumerical	0.7.0	2026-03-02T07:10:08Z	3028401ea1ce004cb4d640c2052a039d	/workspace/rst/cache_4_5/library/RcppNumerical/0.7-0/3028401ea1ce004cb4d640c2052a039d/RcppNumerical	available
4.5.2	RcppParallel	6.2.1	2026-08-30T06:19:15Z	d3266b251b64074e8380aa0bd47852ff	/workspace/rst/cache_4_5/library/RcppParallel/6.2.1/d3266b251b64074e8380aa0bd47852ff/RcppParallel	available
4.5.2	RcppProgress	0.4.2	2025-06-03T15:43:24Z	2acd9ba55bba7b1d50cc9b60df2fd0aa	/workspace/rst/cache_4_5/library/RcppProgress/0.4.2/2acd9ba55bba7b1d50cc9b60df2fd0aa/RcppProgress	available
4.5.2	RcppRoll	0.4.0.9000	2026-09-08T06:18:43Z	4b697ed62d05e4f8ce82e8bf684a10c0	/workspace/rst/cache_4_5/library/RcppRoll/0.4.0.9000/4b697ed62d05e4f8ce82e8bf684a10c0/RcppRoll	available
4.5.2	RcppTOML	0.2.3	2025-06-03T16:26:41Z	b3d288861e8bbef98d59dc27a5a4318b	/workspace/rst/cache_4_5/library/RcppTOML/0.2.3/b3d288861e8bbef98d59dc27a5a4318b/RcppTOML	available
4.5.2	RcppThread	2.4.0	2026-06-13T06:15:43Z	d900f399cc64d4af0c7386da886e76f4	/workspace/rst/cache_4_5/library/RcppThread/2.4.0/d900f399cc64d4af0c7386da886e76f4/RcppThread	available
4.5.2	RcppZiggurat	0.1.8	2025-06-03T22:23:11Z	cc4d1a7c52f9d82f8bfaeaf41ce34b9f	/workspace/rst/cache_4_5/library/RcppZiggurat/0.1.8/cc4d1a7c52f9d82f8bfaeaf41ce34b9f/RcppZiggurat	available
4.5.2	Rcsdp	0.1.57.6	2025-12-06T20:45:13Z	72464f2689f7f03e1b2ac2348bddda2c	/workspace/rst/cache_4_5/library/Rcsdp/0.1.57.6/72464f2689f7f03e1b2ac2348bddda2c/Rcsdp	available
4.5.2	Rdatasets	0.0.1	2025-07-30T05:47:39Z	2b0cc5eb6b0badbe8787a411609db42c	/workspace/rst/cache_4_5/library/Rdatasets/0.0.1/2b0cc5eb6b0badbe8787a411609db42c/Rdatasets	available
4.5.2	Rdisop	1.70.0	2025-11-05T09:50:38Z	61113e25eb37eeff0a8aceee6dcd5fa6	/workspace/rst/cache_4_5/library/Rdisop/1.70.0/61113e25eb37eeff0a8aceee6dcd5fa6/Rdisop	available
4.5.2	Rdpack	2.6.6	2026-02-10T07:24:32Z	6abcbb45895d683222be8cfec829ae1b	/workspace/rst/cache_4_5/library/Rdpack/2.6.6/6abcbb45895d683222be8cfec829ae1b/Rdpack	available
4.5.2	ReactomePA	1.54.0	2025-11-05T09:50:38Z	530ecfeffb6b47d58947d9492c77194c	/workspace/rst/cache_4_5/library/ReactomePA/1.54.0/530ecfeffb6b47d58947d9492c77194c/ReactomePA	available
4.5.2	RefManageR	1.4.0	2025-06-03T22:33:57Z	c3f8d950b87f09c4213d7a64dd5c7d76	/workspace/rst/cache_4_5/library/RefManageR/1.4.0/c3f8d950b87f09c4213d7a64dd5c7d76/RefManageR	available
4.5.2	ReportingTools	2.50.0	2025-11-05T09:50:38Z	87f564bc5123e57089726c7084df1c08	/workspace/rst/cache_4_5/library/ReportingTools/2.50.0/87f564bc5123e57089726c7084df1c08/ReportingTools	available
4.5.2	ResidualMatrix	1.20.0	2026-02-24T15:25:41Z	cfb8fc72120b9ec69bdeeb9a06fd56f9	/workspace/rst/cache_4_5/library/ResidualMatrix/1.20.0/cfb8fc72120b9ec69bdeeb9a06fd56f9/ResidualMatrix	available
4.5.2	Rfast	2.1.5.2	2025-12-06T20:45:14Z	4c810e80b9d10943f847bae4445b75fd	/workspace/rst/cache_4_5/library/Rfast/2.1.5.2/4c810e80b9d10943f847bae4445b75fd/Rfast	available
4.5.2	Rfast2	0.1.5.6	2026-03-10T06:10:33Z	d18530865e50aac18345d1dd3ffe7969	/workspace/rst/cache_4_5/library/Rfast2/0.1.5.6/d18530865e50aac18345d1dd3ffe7969/Rfast2	available
4.5.2	Rfit	0.27.0	2025-06-03T20:53:10Z	45aebb7ec3511147192e2469334968a7	/workspace/rst/cache_4_5/library/Rfit/0.27.0/45aebb7ec3511147192e2469334968a7/Rfit	available
4.5.2	RforMassSpectrometry	0.1.5	2025-06-03T22:55:02Z	d1e0f767ef1475c6f3e441a51878b784	/workspace/rst/cache_4_5/library/RforMassSpectrometry/0.1.5/d1e0f767ef1475c6f3e441a51878b784/RforMassSpectrometry	available
4.5.2	Rglpk	0.6.5.1	2025-06-03T17:34:04Z	37363eed819c0a383a597fb68ff88328	/workspace/rst/cache_4_5/library/Rglpk/0.6-5.1/37363eed819c0a383a597fb68ff88328/Rglpk	available
4.5.2	Rgraphviz	2.54.0	2025-11-05T09:50:39Z	b14ff88ea2d14ee9b72e02c1ca9840b0	/workspace/rst/cache_4_5/library/Rgraphviz/2.54.0/b14ff88ea2d14ee9b72e02c1ca9840b0/Rgraphviz	available
4.5.2	Rhdf5lib	1.32.0	2026-02-24T15:25:42Z	08daeacc0ec21bcc4d19aa44afc3e216	/workspace/rst/cache_4_5/library/Rhdf5lib/1.32.0/08daeacc0ec21bcc4d19aa44afc3e216/Rhdf5lib	available
4.5.2	RhpcBLASctl	0.23.42	2025-06-03T15:43:27Z	47bbbae2a376ba2c49303b5a32857160	/workspace/rst/cache_4_5/library/RhpcBLASctl/0.23-42/47bbbae2a376ba2c49303b5a32857160/RhpcBLASctl	available
4.5.2	Rhtslib	3.6.0	2026-02-24T15:25:43Z	84add3b0f1a7199990da9a64c5c0ed29	/workspace/rst/cache_4_5/library/Rhtslib/3.6.0/84add3b0f1a7199990da9a64c5c0ed29/Rhtslib	available
4.5.2	Rigraphlib	1.2.0	2025-11-05T09:50:42Z	1ab2cc3855d3f77dcebe2726f7bf4840	/workspace/rst/cache_4_5/library/Rigraphlib/1.2.0/1ab2cc3855d3f77dcebe2726f7bf4840/Rigraphlib	available
4.5.2	Rmisc	1.5.1	2025-06-03T22:55:17Z	1ff70cbfbf726aa7d05c0af5659ffb0d	/workspace/rst/cache_4_5/library/Rmisc/1.5.1/1ff70cbfbf726aa7d05c0af5659ffb0d/Rmisc	available
4.5.2	Rmixmod	2.1.12	2026-08-31T06:23:16Z	56871f86b8e63d306ebddb0188e1351f	/workspace/rst/cache_4_5/library/Rmixmod/2.1.12/56871f86b8e63d306ebddb0188e1351f/Rmixmod	available
4.5.2	Rmpfr	1.1.3	2026-09-09T06:19:40Z	d166be72c37739fb8fb79ade0a0dafea	/workspace/rst/cache_4_5/library/Rmpfr/1.1-3/d166be72c37739fb8fb79ade0a0dafea/Rmpfr	available
4.5.2	Rmpi	0.7.3.4	2026-04-24T06:14:27Z	9457facc3e4d66580d6aae9f35003301	/workspace/rst/cache_4_5/library/Rmpi/0.7-3.4/9457facc3e4d66580d6aae9f35003301/Rmpi	available
4.5.2	Rnanoflann	0.0.3	2025-06-03T22:54:26Z	2866e87eabe1cb8a3a143a6c34fd2bb6	/workspace/rst/cache_4_5/library/Rnanoflann/0.0.3/2866e87eabe1cb8a3a143a6c34fd2bb6/Rnanoflann	available
4.5.2	RobStatTM	1.0.11	2025-06-03T21:30:03Z	40a30bb153d55052aadd524649f5e8db	/workspace/rst/cache_4_5/library/RobStatTM/1.0.11/40a30bb153d55052aadd524649f5e8db/RobStatTM	available
4.5.2	Rogue	2.2.1	2026-06-26T06:09:51Z	413caff86077150af5cb622475212c83	/workspace/rst/cache_4_5/library/Rogue/2.2.1/413caff86077150af5cb622475212c83/Rogue	available
4.5.2	Rsamtools	2.26.0	2026-02-24T15:25:44Z	257ef327578ade71a7185b41a2a55a79	/workspace/rst/cache_4_5/library/Rsamtools/2.26.0/257ef327578ade71a7185b41a2a55a79/Rsamtools	available
4.5.2	Rsolnp	2.0.1	2025-12-06T20:45:14Z	43208e623c00fd621f583ad34d2d5e39	/workspace/rst/cache_4_5/library/Rsolnp/2.0.1/43208e623c00fd621f583ad34d2d5e39/Rsolnp	available
4.5.2	Rsymphony	0.1.33	2025-06-03T22:56:06Z	f644b32db7f91b791f74fdceaea06a11	/workspace/rst/cache_4_5/library/Rsymphony/0.1-33/f644b32db7f91b791f74fdceaea06a11/Rsymphony	available
4.5.2	Rtsne	0.17	2025-06-03T15:43:27Z	8052362799c69e171461a9cb60c1003a	/workspace/rst/cache_4_5/library/Rtsne/0.17/8052362799c69e171461a9cb60c1003a/Rtsne	available
4.5.2	Rttf2pt1	1.3.14	2025-12-06T20:45:15Z	f514ea0a3a225430b6e5361947341fd8	/workspace/rst/cache_4_5/library/Rttf2pt1/1.3.14/f514ea0a3a225430b6e5361947341fd8/Rttf2pt1	available
4.5.2	Runuran	0.41	2025-06-03T22:57:18Z	74c324166c2a8df269bd7cf593f908cd	/workspace/rst/cache_4_5/library/Runuran/0.41/74c324166c2a8df269bd7cf593f908cd/Runuran	available
4.5.2	S4Arrays	1.9.2	2025-10-31T10:21:37Z	304dad68ba3978c839a54a1a62cfaf19	/workspace/rst/cache_4_5/library/S4Arrays/1.9.2/304dad68ba3978c839a54a1a62cfaf19/S4Arrays	available
4.5.2	S4Vectors	0.49.1.1	2026-04-18T06:06:10Z	ba845b0d2db2d7c8726062aa1265099c	/workspace/rst/cache_4_5/library/S4Vectors/0.49.1-1/ba845b0d2db2d7c8726062aa1265099c/S4Vectors	available
4.5.2	S7	0.2.2	2026-04-24T06:14:28Z	07f79ed180b83dc0700888208bf2e691	/workspace/rst/cache_4_5/library/S7/0.2.2/07f79ed180b83dc0700888208bf2e691/S7	available
4.5.2	SASmixed	1.0.5	2026-05-14T07:15:26Z	2a873eb351590afbefd1d2384abbd92a	/workspace/rst/cache_4_5/library/SASmixed/1.0-5/2a873eb351590afbefd1d2384abbd92a/SASmixed	available
4.5.2	SC3	1.38.0	2025-11-05T09:50:44Z	6de9dd62299090fb4735285ef6daeaab	/workspace/rst/cache_4_5/library/SC3/1.38.0/6de9dd62299090fb4735285ef6daeaab/SC3	available
4.5.2	SCENIC	1.3.1	2025-06-04T14:29:03Z	33d6b28827a49daca188e376c26683af	/workspace/rst/cache_4_5/library/SCENIC/1.3.1/33d6b28827a49daca188e376c26683af/SCENIC	available
4.5.2	SCopeLoomR	0.13.0	2025-06-04T15:07:52Z	facbe5dd843e20b9b9802cf6085e89b9	/workspace/rst/cache_4_5/library/SCopeLoomR/0.13.0/facbe5dd843e20b9b9802cf6085e89b9/SCopeLoomR	available
4.5.2	SIFT.Hsapiens.dbSNP132	1.0.2	2025-06-03T22:59:46Z	8789f7074ddddc1216c3606681b8e39c	/workspace/rst/cache_4_5/library/SIFT.Hsapiens.dbSNP132/1.0.2/8789f7074ddddc1216c3606681b8e39c/SIFT.Hsapiens.dbSNP132	available
4.5.2	SIFT.Hsapiens.dbSNP137	1.0.0	2025-06-03T23:01:52Z	50aeb152ab9229e473d8594147381f80	/workspace/rst/cache_4_5/library/SIFT.Hsapiens.dbSNP137/1.0.0/50aeb152ab9229e473d8594147381f80/SIFT.Hsapiens.dbSNP137	available
4.5.2	SIS	1.5	2026-03-17T06:14:49Z	ca251436bc28f0d0302b2544f5a239da	/workspace/rst/cache_4_5/library/SIS/1.5/ca251436bc28f0d0302b2544f5a239da/SIS	available
4.5.2	SNPlocs.Hsapiens.dbSNP144.GRCh37	0.99.20	2025-06-03T23:06:43Z	9cdb3219dc2d86008286cfc3e06a6431	/workspace/rst/cache_4_5/library/SNPlocs.Hsapiens.dbSNP144.GRCh37/0.99.20/9cdb3219dc2d86008286cfc3e06a6431/SNPlocs.Hsapiens.dbSNP144.GRCh37	available
4.5.2	SNPlocs.Hsapiens.dbSNP144.GRCh38	0.99.20	2025-06-03T23:11:37Z	1151d1a1b4526bed025171a613563a98	/workspace/rst/cache_4_5/library/SNPlocs.Hsapiens.dbSNP144.GRCh38/0.99.20/1151d1a1b4526bed025171a613563a98/SNPlocs.Hsapiens.dbSNP144.GRCh38	available
4.5.2	SPIA	2.62.0	2025-11-05T09:50:44Z	0d6f5f001c732e7834c1e113e03c8b26	/workspace/rst/cache_4_5/library/SPIA/2.62.0/0d6f5f001c732e7834c1e113e03c8b26/SPIA	available
4.5.2	SQUAREM	2026.1	2026-03-15T06:05:06Z	283492756ad130dd97fa59012bfebef2	/workspace/rst/cache_4_5/library/SQUAREM/2026.1/283492756ad130dd97fa59012bfebef2/SQUAREM	available
4.5.2	SRAdb	1.72.0	2025-11-05T09:50:44Z	ad41d46400b29b5634168700bf3c5dc0	/workspace/rst/cache_4_5/library/SRAdb/1.72.0/ad41d46400b29b5634168700bf3c5dc0/SRAdb	available
4.5.2	STRINGdb	2.22.0	2025-11-05T09:50:44Z	80c85f91366009bb33cacaff04c352e8	/workspace/rst/cache_4_5/library/STRINGdb/2.22.0/80c85f91366009bb33cacaff04c352e8/STRINGdb	available
4.5.2	SUMMER	2.0.0	2025-06-03T23:13:14Z	dea986260806de7a1a05608abc92cfaa	/workspace/rst/cache_4_5/library/SUMMER/2.0.0/dea986260806de7a1a05608abc92cfaa/SUMMER	available
4.5.2	ScaledMatrix	1.18.0	2026-02-24T15:25:45Z	0e80c2e799ecbd24603e18ed5c88745b	/workspace/rst/cache_4_5/library/ScaledMatrix/1.18.0/0e80c2e799ecbd24603e18ed5c88745b/ScaledMatrix	available
4.5.2	SeqGSEA	1.50.0	2025-11-05T09:50:45Z	3a7967bb886d53b0087e6f37a11efbbb	/workspace/rst/cache_4_5/library/SeqGSEA/1.50.0/3a7967bb886d53b0087e6f37a11efbbb/SeqGSEA	available
4.5.2	Seqinfo	1.0.0	2026-03-13T18:38:40Z	3d4e7ed039778df8e04b144c56cea51d	/workspace/rst/cache_4_5/library/Seqinfo/1.0.0/3d4e7ed039778df8e04b144c56cea51d/Seqinfo	available
4.5.2	Seurat	5.5.1	2026-07-26T15:33:37Z	f05f3914f67371ad9507172e7e000d36	/workspace/rst/cache_4_5/library/Seurat/5.5.1/f05f3914f67371ad9507172e7e000d36/Seurat	available
4.5.2	SeuratData	0.2.2.9002	2025-06-03T23:14:24Z	c52591da941af7cddf448b32967269f8	/workspace/rst/cache_4_5/library/SeuratData/0.2.2.9002/c52591da941af7cddf448b32967269f8/SeuratData	available
4.5.2	SeuratDisk	0.0.0.9021	2025-06-04T14:13:11Z	786aeebfa173ee18cc7e2438a9533791	/workspace/rst/cache_4_5/library/SeuratDisk/0.0.0.9021/786aeebfa173ee18cc7e2438a9533791/SeuratDisk	available
4.5.2	SeuratObject	5.4.0	2026-04-23T16:48:34Z	52cf985a0012c951866fcb4504558ae8	/workspace/rst/cache_4_5/library/SeuratObject/5.4.0/52cf985a0012c951866fcb4504558ae8/SeuratObject	available
4.5.2	SeuratWrappers	0.4.0	2025-06-04T15:09:04Z	2ce72ae9fefa4b46979cade368415889	/workspace/rst/cache_4_5/library/SeuratWrappers/0.4.0/2ce72ae9fefa4b46979cade368415889/SeuratWrappers	available
4.5.2	ShortRead	1.69.3.2	2026-04-18T06:06:11Z	84c9117238c3596705c2942313962ed5	/workspace/rst/cache_4_5/library/ShortRead/1.69.3-2/84c9117238c3596705c2942313962ed5/ShortRead	available
4.5.2	Signac	1.17.1	2026-04-08T06:22:32Z	59c179a4fb98a7075b093211af67a497	/workspace/rst/cache_4_5/library/Signac/1.17.1/59c179a4fb98a7075b093211af67a497/Signac	available
4.5.2	SimComp	3.6	2025-06-03T23:16:24Z	f13b18d0eac6cac8a0e28ee88ecf4fc7	/workspace/rst/cache_4_5/library/SimComp/3.6/f13b18d0eac6cac8a0e28ee88ecf4fc7/SimComp	available
4.5.2	SimDesign	2.27	2026-09-02T06:21:46Z	612e17740b7b8cc6dd598271cb832551	/workspace/rst/cache_4_5/library/SimDesign/2.27/612e17740b7b8cc6dd598271cb832551/SimDesign	available
4.5.2	SingleCellExperiment	1.32.0	2026-02-24T15:25:46Z	61ad17b1b7020183a63d4e805d9f8653	/workspace/rst/cache_4_5/library/SingleCellExperiment/1.32.0/61ad17b1b7020183a63d4e805d9f8653/SingleCellExperiment	available
4.5.2	SingleR	2.12.0	2025-11-05T09:50:46Z	9ef5c57ac5d97cc5d95551a8a2b15bc3	/workspace/rst/cache_4_5/library/SingleR/2.12.0/9ef5c57ac5d97cc5d95551a8a2b15bc3/SingleR	available
4.5.2	SkewHyperbolic	0.4.2	2025-06-03T23:18:22Z	197885607fb26d633faac90bf6603900	/workspace/rst/cache_4_5/library/SkewHyperbolic/0.4-2/197885607fb26d633faac90bf6603900/SkewHyperbolic	available
4.5.2	Sleuth2	2.0.7	2025-06-03T23:18:38Z	e7480b2a578a4b872ef529873ca71528	/workspace/rst/cache_4_5/library/Sleuth2/2.0-7/e7480b2a578a4b872ef529873ca71528/Sleuth2	available
4.5.2	SnowballC	0.7.1	2025-06-03T19:58:39Z	e92f9b9e5ee44786a07f02b0bada26bb	/workspace/rst/cache_4_5/library/SnowballC/0.7.1/e92f9b9e5ee44786a07f02b0bada26bb/SnowballC	available
4.5.2	SoupX	1.6.2	2025-06-03T23:19:44Z	e8bf21c28d6a118c66d24af590511268	/workspace/rst/cache_4_5/library/SoupX/1.6.2/e8bf21c28d6a118c66d24af590511268/SoupX	available
4.5.2	SpATS	1.0.20	2026-05-19T06:14:35Z	8c540c21573a52a7858dc269b9f22c4f	/workspace/rst/cache_4_5/library/SpATS/1.0-20/8c540c21573a52a7858dc269b9f22c4f/SpATS	available
4.5.2	SparseArray	1.9.1	2025-10-31T10:21:40Z	c2df94529edf4a80257238595a43adb1	/workspace/rst/cache_4_5/library/SparseArray/1.9.1/c2df94529edf4a80257238595a43adb1/SparseArray	available
4.5.2	SparseGrid	0.8.2	2025-06-03T23:19:58Z	282d5eeea0ad64002f490e3bd1fbf167	/workspace/rst/cache_4_5/library/SparseGrid/0.8.2/282d5eeea0ad64002f490e3bd1fbf167/SparseGrid	available
4.5.2	SparseM	1.84.2	2025-06-03T16:01:30Z	b96fc32eb895fae7f71e7078503cb22b	/workspace/rst/cache_4_5/library/SparseM/1.84-2/b96fc32eb895fae7f71e7078503cb22b/SparseM	available
4.5.2	SpatialExperiment	1.20.0	2025-11-05T09:50:47Z	f138b4ea8dd47e3246f0e35837e78191	/workspace/rst/cache_4_5/library/SpatialExperiment/1.20.0/f138b4ea8dd47e3246f0e35837e78191/SpatialExperiment	available
4.5.2	Spectra	1.20.1	2025-12-31T06:57:03Z	e79003454a584bdebe382ad3c38b1cbb	/workspace/rst/cache_4_5/library/Spectra/1.20.1/e79003454a584bdebe382ad3c38b1cbb/Spectra	available
4.5.2	StanHeaders	2.39.1	2026-09-05T06:19:38Z	8475da78479f80ba30ee0fea7d6746af	/workspace/rst/cache_4_5/library/StanHeaders/2.39.1/8475da78479f80ba30ee0fea7d6746af/StanHeaders	available
4.5.2	Stat2Data	2.0.0	2025-06-03T23:20:16Z	69bf172e2c7c8a4107ec988632d765e1	/workspace/rst/cache_4_5/library/Stat2Data/2.0.0/69bf172e2c7c8a4107ec988632d765e1/Stat2Data	available
4.5.2	SummarizedExperiment	1.40.0	2026-02-24T15:25:46Z	56298aedcfe97458fc0352a608e83827	/workspace/rst/cache_4_5/library/SummarizedExperiment/1.40.0/56298aedcfe97458fc0352a608e83827/SummarizedExperiment	available
4.5.2	SuperLearner	2.0.42	2026-09-17T06:22:04Z	1ee5fc1ab794182ebf9dfde1d691ea88	/workspace/rst/cache_4_5/library/SuperLearner/2.0-42/1ee5fc1ab794182ebf9dfde1d691ea88/SuperLearner	available
4.5.2	SuppDists	1.1.9.9	2025-06-03T20:53:10Z	0011374c33ff8209fa6344bfd6f3168b	/workspace/rst/cache_4_5/library/SuppDists/1.1-9.9/0011374c33ff8209fa6344bfd6f3168b/SuppDists	available
4.5.2	SurvMetrics	0.5.1	2025-06-03T23:27:33Z	96447a3e0a125fcc59ff52318a0734d5	/workspace/rst/cache_4_5/library/SurvMetrics/0.5.1/96447a3e0a125fcc59ff52318a0734d5/SurvMetrics	available
4.5.2	TAM	4.3.25	2025-12-06T20:45:17Z	9aed7f6036768920ea9a3cfb346aed5f	/workspace/rst/cache_4_5/library/TAM/4.3-25/9aed7f6036768920ea9a3cfb346aed5f/TAM	available
4.5.2	TCGAbiolinks	2.38.0	2025-11-05T09:50:48Z	ef6c4834383ef204dd21cd6aee98fd83	/workspace/rst/cache_4_5/library/TCGAbiolinks/2.38.0/ef6c4834383ef204dd21cd6aee98fd83/TCGAbiolinks	available
4.5.2	TCGAbiolinksGUI.data	1.30.0	2025-11-06T07:52:40Z	21b8e96c2e1244731303e22c50b21dfe	/workspace/rst/cache_4_5/library/TCGAbiolinksGUI.data/1.30.0/21b8e96c2e1244731303e22c50b21dfe/TCGAbiolinksGUI.data	available
4.5.2	TCseq	1.34.0	2025-12-20T07:07:45Z	0a4620503edf98f625a1cb3a96a2f146	/workspace/rst/cache_4_5/library/TCseq/1.34.0/0a4620503edf98f625a1cb3a96a2f146/TCseq	available
4.5.2	TENxBrainData	1.30.0	2025-11-06T07:52:40Z	a24691fbc926d1967fc457094f9ddbb0	/workspace/rst/cache_4_5/library/TENxBrainData/1.30.0/a24691fbc926d1967fc457094f9ddbb0/TENxBrainData	available
4.5.2	TENxIO	1.12.1	2025-12-13T07:00:00Z	41e1607902a746a75d12085199673735	/workspace/rst/cache_4_5/library/TENxIO/1.12.1/41e1607902a746a75d12085199673735/TENxIO	available
4.5.2	TENxPBMCData	1.28.0	2025-11-06T07:52:41Z	91e5b6788038a876d69b9d0461802825	/workspace/rst/cache_4_5/library/TENxPBMCData/1.28.0/91e5b6788038a876d69b9d0461802825/TENxPBMCData	available
4.5.2	TENxVisiumData	1.18.0	2026-03-21T06:18:05Z	e8a24a0fe8095a16d030373a1f049d6d	/workspace/rst/cache_4_5/library/TENxVisiumData/1.18.0/e8a24a0fe8095a16d030373a1f049d6d/TENxVisiumData	available
4.5.2	TFBSTools	1.48.0	2025-11-05T09:50:49Z	0acec3e709ce564d870bd080cfa33cd7	/workspace/rst/cache_4_5/library/TFBSTools/1.48.0/0acec3e709ce564d870bd080cfa33cd7/TFBSTools	available
4.5.2	TFMPvalue	1.0.0	2026-01-21T07:12:27Z	3c04aef745f94659433318652125f88b	/workspace/rst/cache_4_5/library/TFMPvalue/1.0.0/3c04aef745f94659433318652125f88b/TFMPvalue	available
4.5.2	TFisher	0.2.1	2026-08-27T06:17:31Z	94f3889359c322d9d056013a45c07870	/workspace/rst/cache_4_5/library/TFisher/0.2.1/94f3889359c322d9d056013a45c07870/TFisher	available
4.5.2	TH.data	1.1.5	2025-12-06T20:45:17Z	e622165783be64277c45acd3a6927bed	/workspace/rst/cache_4_5/library/TH.data/1.1-5/e622165783be64277c45acd3a6927bed/TH.data	available
4.5.2	TMB	1.9.25	2026-08-24T06:17:06Z	bc0646af6dce817a7634e21f0d84973e	/workspace/rst/cache_4_5/library/TMB/1.9.25/bc0646af6dce817a7634e21f0d84973e/TMB	available
4.5.2	TRAMPR	1.0.10	2025-06-03T23:31:35Z	4e8585faaf11ef05eb08d752ea6dc7f3	/workspace/rst/cache_4_5/library/TRAMPR/1.0-10/4e8585faaf11ef05eb08d752ea6dc7f3/TRAMPR	available
4.5.2	TSP	1.2.7	2026-03-25T06:13:15Z	8ea0d556e32b4ad81426aa8c3d7e129f	/workspace/rst/cache_4_5/library/TSP/1.2.7/8ea0d556e32b4ad81426aa8c3d7e129f/TSP	available
4.5.2	TTR	0.24.4	2025-06-03T23:31:50Z	cb6184f37e7a0e9348bb33dbf23ed34c	/workspace/rst/cache_4_5/library/TTR/0.24.4/cb6184f37e7a0e9348bb33dbf23ed34c/TTR	available
4.5.2	TeachingDemos	2.13	2025-06-03T23:32:10Z	dff621bf6b1a9e96ae6255bf58a29c9c	/workspace/rst/cache_4_5/library/TeachingDemos/2.13/dff621bf6b1a9e96ae6255bf58a29c9c/TeachingDemos	available
4.5.2	Ternary	2.3.7	2026-06-06T06:10:55Z	29c949ef5f2391da9d9d4f2e92891817	/workspace/rst/cache_4_5/library/Ternary/2.3.7/29c949ef5f2391da9d9d4f2e92891817/Ternary	available
4.5.2	TrajectoryUtils	1.18.0	2026-07-02T20:20:08Z	1b11449723f7701f62bcf8613715d291	/workspace/rst/cache_4_5/library/TrajectoryUtils/1.18.0/1b11449723f7701f62bcf8613715d291/TrajectoryUtils	available
4.5.2	TreeDist	2.11.1	2026-02-05T07:10:06Z	216d31003ec2d042cebdb3ee58119971	/workspace/rst/cache_4_5/library/TreeDist/2.11.1/216d31003ec2d042cebdb3ee58119971/TreeDist	available
4.5.2	TreeSearch	1.7.0	2026-02-13T07:12:27Z	773822b8caeed96f4de08faeb0fd374e	/workspace/rst/cache_4_5/library/TreeSearch/1.7.0/773822b8caeed96f4de08faeb0fd374e/TreeSearch	available
4.5.2	TreeTools	2.4.1	2026-09-13T06:54:41Z	13864be9db6dc197687b3204c7037bf7	/workspace/rst/cache_4_5/library/TreeTools/2.4.1/13864be9db6dc197687b3204c7037bf7/TreeTools	available
4.5.2	TruncatedNormal	2.3	2025-10-24T06:14:38Z	5c51f53c7aedb7f1e72a3a51976cd9ec	/workspace/rst/cache_4_5/library/TruncatedNormal/2.3/5c51f53c7aedb7f1e72a3a51976cd9ec/TruncatedNormal	available
4.5.2	TxDb.Athaliana.BioMart.plantsmart22	3.0.1	2025-06-03T23:33:18Z	66bffd541ff4749b3165e19443a9f97c	/workspace/rst/cache_4_5/library/TxDb.Athaliana.BioMart.plantsmart22/3.0.1/66bffd541ff4749b3165e19443a9f97c/TxDb.Athaliana.BioMart.plantsmart22	available
4.5.2	TxDb.Celegans.UCSC.ce11.ensGene	3.15.0	2025-06-03T23:34:04Z	08723265924d6d9c87662b142542d507	/workspace/rst/cache_4_5/library/TxDb.Celegans.UCSC.ce11.ensGene/3.15.0/08723265924d6d9c87662b142542d507/TxDb.Celegans.UCSC.ce11.ensGene	available
4.5.2	TxDb.Dmelanogaster.UCSC.dm3.ensGene	3.2.2	2025-06-03T23:34:50Z	84ee91ff906010d80c2adee415199ace	/workspace/rst/cache_4_5/library/TxDb.Dmelanogaster.UCSC.dm3.ensGene/3.2.2/84ee91ff906010d80c2adee415199ace/TxDb.Dmelanogaster.UCSC.dm3.ensGene	available
4.5.2	TxDb.Drerio.UCSC.danRer10.refGene	3.4.6	2025-06-03T23:35:35Z	3f4bb271e97840b52a01da44c0cbfaef	/workspace/rst/cache_4_5/library/TxDb.Drerio.UCSC.danRer10.refGene/3.4.6/3f4bb271e97840b52a01da44c0cbfaef/TxDb.Drerio.UCSC.danRer10.refGene	available
4.5.2	TxDb.Drerio.UCSC.danRer11.ensGene	1.0.0	2025-06-03T23:36:28Z	97894febc81149e893e6c5ebb2a3cac0	/workspace/rst/cache_4_5/library/TxDb.Drerio.UCSC.danRer11.ensGene/1.0.0/97894febc81149e893e6c5ebb2a3cac0/TxDb.Drerio.UCSC.danRer11.ensGene	available
4.5.2	TxDb.Drerio.UCSC.danRer11.refGene	3.4.6	2025-06-03T23:37:12Z	305c916b07850f67bc52d5ee8d68f057	/workspace/rst/cache_4_5/library/TxDb.Drerio.UCSC.danRer11.refGene/3.4.6/305c916b07850f67bc52d5ee8d68f057/TxDb.Drerio.UCSC.danRer11.refGene	available
4.5.2	TxDb.Hsapiens.UCSC.hg18.knownGene	3.2.2	2025-06-03T23:38:04Z	52728090796d9a71f41383e9633dcea6	/workspace/rst/cache_4_5/library/TxDb.Hsapiens.UCSC.hg18.knownGene/3.2.2/52728090796d9a71f41383e9633dcea6/TxDb.Hsapiens.UCSC.hg18.knownGene	available
4.5.2	TxDb.Hsapiens.UCSC.hg19.knownGene	3.22.1	2025-10-31T10:21:44Z	f8b3489b7eaddd25a7bf7e068c0fde7a	/workspace/rst/cache_4_5/library/TxDb.Hsapiens.UCSC.hg19.knownGene/3.22.1/f8b3489b7eaddd25a7bf7e068c0fde7a/TxDb.Hsapiens.UCSC.hg19.knownGene	available
4.5.2	TxDb.Hsapiens.UCSC.hg19.lincRNAsTranscripts	3.2.2	2025-06-03T23:38:48Z	9691332ee3c0e2211100ebe504608915	/workspace/rst/cache_4_5/library/TxDb.Hsapiens.UCSC.hg19.lincRNAsTranscripts/3.2.2/9691332ee3c0e2211100ebe504608915/TxDb.Hsapiens.UCSC.hg19.lincRNAsTranscripts	available
4.5.2	TxDb.Hsapiens.UCSC.hg38.knownGene	3.22.0	2026-02-24T15:25:47Z	133bfad1fe4addfbd65c0804b50501ea	/workspace/rst/cache_4_5/library/TxDb.Hsapiens.UCSC.hg38.knownGene/3.22.0/133bfad1fe4addfbd65c0804b50501ea/TxDb.Hsapiens.UCSC.hg38.knownGene	available
4.5.2	TxDb.Mmusculus.UCSC.mm10.knownGene	3.10.0	2025-06-03T23:41:25Z	3b8e041cd5f79cbe6a463652721ec4de	/workspace/rst/cache_4_5/library/TxDb.Mmusculus.UCSC.mm10.knownGene/3.10.0/3b8e041cd5f79cbe6a463652721ec4de/TxDb.Mmusculus.UCSC.mm10.knownGene	available
4.5.2	TxDb.Mmusculus.UCSC.mm9.knownGene	3.2.2	2025-06-03T23:42:16Z	201dd0f8fe47f1164342b29d26b4f311	/workspace/rst/cache_4_5/library/TxDb.Mmusculus.UCSC.mm9.knownGene/3.2.2/201dd0f8fe47f1164342b29d26b4f311/TxDb.Mmusculus.UCSC.mm9.knownGene	available
4.5.2	TxDb.Rnorvegicus.UCSC.rn5.refGene	3.12.0	2025-06-03T22:06:02Z	81553ad192a83d33c9b7a649784adca1	/workspace/rst/cache_4_5/library/TxDb.Rnorvegicus.UCSC.rn5.refGene/3.12.0/81553ad192a83d33c9b7a649784adca1/TxDb.Rnorvegicus.UCSC.rn5.refGene	available
4.5.2	UCSC.utils	1.6.1	2026-02-24T15:25:48Z	b65bea6abb26e1ee4ed2af3dc236c4c9	/workspace/rst/cache_4_5/library/UCSC.utils/1.6.1/b65bea6abb26e1ee4ed2af3dc236c4c9/UCSC.utils	available
4.5.2	UCell	2.14.0	2026-07-05T06:12:13Z	d7742de7298b34b5db7654bbc415c575	/workspace/rst/cache_4_5/library/UCell/2.14.0/d7742de7298b34b5db7654bbc415c575/UCell	available
4.5.2	UniProtKeywords	0.99.7	2025-06-03T23:42:33Z	f898f50c0bf9241b0ee1aefbd7c11763	/workspace/rst/cache_4_5/library/UniProtKeywords/0.99.7/f898f50c0bf9241b0ee1aefbd7c11763/UniProtKeywords	available
4.5.2	Unicode	17.0.0.1	2026-06-25T06:09:27Z	7ddd474524d26dcd46770669d2f72799	/workspace/rst/cache_4_5/library/Unicode/17.0.0-1/7ddd474524d26dcd46770669d2f72799/Unicode	available
4.5.2	UpSetR	1.4.1	2026-05-27T06:21:55Z	06660429be5d5cb6605a3281e783209f	/workspace/rst/cache_4_5/library/UpSetR/1.4.1/06660429be5d5cb6605a3281e783209f/UpSetR	available
4.5.2	V8	8.2.0	2026-04-23T06:09:13Z	8681c945550eaa1aad241e0aa0ce9c4d	/workspace/rst/cache_4_5/library/V8/8.2.0/8681c945550eaa1aad241e0aa0ce9c4d/V8	available
4.5.2	VGAM	1.1.14	2025-12-06T20:45:20Z	90c940ce86af1fe3ca04cf1e3e40a93b	/workspace/rst/cache_4_5/library/VGAM/1.1-14/90c940ce86af1fe3ca04cf1e3e40a93b/VGAM	available
4.5.2	VGAMdata	1.1.13	2025-06-03T23:43:11Z	c6e303945e45db908009af777fe9d8a4	/workspace/rst/cache_4_5/library/VGAMdata/1.1-13/c6e303945e45db908009af777fe9d8a4/VGAMdata	available
4.5.2	VGAMextra	0.0.9	2025-12-06T20:45:20Z	4eb8a9c83a8941b80ecceb7fc73c2219	/workspace/rst/cache_4_5/library/VGAMextra/0.0-9/4eb8a9c83a8941b80ecceb7fc73c2219/VGAMextra	available
4.5.2	VIM	7.3.1	2026-09-13T06:54:42Z	9b25485f8e5d8596b79cdcb6bf06e3ea	/workspace/rst/cache_4_5/library/VIM/7.3.1/9b25485f8e5d8596b79cdcb6bf06e3ea/VIM	available
4.5.2	VarianceGamma	0.4.2	2025-06-03T23:44:28Z	1dd4da740f4131b4aa0e33bcfb72c07f	/workspace/rst/cache_4_5/library/VarianceGamma/0.4-2/1dd4da740f4131b4aa0e33bcfb72c07f/VarianceGamma	available
4.5.2	VariantAnnotation	1.56.0	2025-11-05T09:50:50Z	962c5dc208470d45765f968c74644bfd	/workspace/rst/cache_4_5/library/VariantAnnotation/1.56.0/962c5dc208470d45765f968c74644bfd/VariantAnnotation	available
4.5.2	VennDiagram	1.8.2	2026-01-13T07:07:11Z	a4f8accb53b385212c28d799bd78d950	/workspace/rst/cache_4_5/library/VennDiagram/1.8.2/a4f8accb53b385212c28d799bd78d950/VennDiagram	available
4.5.2	ViSEAGO	1.24.0	2025-11-05T09:50:50Z	e12f90b1225c44a7bf42956162e7d320	/workspace/rst/cache_4_5/library/ViSEAGO/1.24.0/e12f90b1225c44a7bf42956162e7d320/ViSEAGO	available
4.5.2	VineCopula	2.6.1	2025-06-03T23:46:14Z	9699cf4afaa43ac482372bf1e1eb92a9	/workspace/rst/cache_4_5/library/VineCopula/2.6.1/9699cf4afaa43ac482372bf1e1eb92a9/VineCopula	available
4.5.2	VisiumIO	1.6.3	2025-11-29T07:06:20Z	fbce4ed71517b24b6e075fdd1235faba	/workspace/rst/cache_4_5/library/VisiumIO/1.6.3/fbce4ed71517b24b6e075fdd1235faba/VisiumIO	available
4.5.2	W3CMarkupValidator	0.2.4	2026-06-13T06:15:43Z	827e8e7531d30cf006ed644e1fc2d7b9	/workspace/rst/cache_4_5/library/W3CMarkupValidator/0.2-4/827e8e7531d30cf006ed644e1fc2d7b9/W3CMarkupValidator	available
4.5.2	WGCNA	1.74	2026-02-01T07:02:00Z	53d36c2997b2d15f68926b0c70959203	/workspace/rst/cache_4_5/library/WGCNA/1.74/53d36c2997b2d15f68926b0c70959203/WGCNA	available
4.5.2	WRS2	1.1.7	2025-06-03T23:47:42Z	959daa48cfe4465b92d6370e4a6a6575	/workspace/rst/cache_4_5/library/WRS2/1.1-7/959daa48cfe4465b92d6370e4a6a6575/WRS2	available
4.5.2	WeightIt	2.0.0	2026-08-05T06:20:54Z	49643acdbaa5f6b48b52add849bf1543	/workspace/rst/cache_4_5/library/WeightIt/2.0.0/49643acdbaa5f6b48b52add849bf1543/WeightIt	available
4.5.2	WeightSVM	1.7.16	2026-09-13T06:54:42Z	4a68633ee1ee9d4d7ccf6651ae8f772b	/workspace/rst/cache_4_5/library/WeightSVM/1.7-16/4a68633ee1ee9d4d7ccf6651ae8f772b/WeightSVM	available
4.5.2	WienR	0.3.17	2026-09-11T06:19:03Z	aa4beb2b74a01b4c2fad393d2c3a6e7b	/workspace/rst/cache_4_5/library/WienR/0.3-17/aa4beb2b74a01b4c2fad393d2c3a6e7b/WienR	available
4.5.2	Wrench	1.28.0	2026-02-12T07:01:51Z	12a574328f5ddf6a0e555d14f363f401	/workspace/rst/cache_4_5/library/Wrench/1.28.0/12a574328f5ddf6a0e555d14f363f401/Wrench	available
4.5.2	WrightMap	1.5	2026-08-25T06:19:58Z	59c3475e16491bb06b55c4a82cd38143	/workspace/rst/cache_4_5/library/WrightMap/1.5/59c3475e16491bb06b55c4a82cd38143/WrightMap	available
4.5.2	WriteXLS	6.8.0	2025-06-03T22:58:40Z	6e769517f5b8fd43d543654732af94bd	/workspace/rst/cache_4_5/library/WriteXLS/6.8.0/6e769517f5b8fd43d543654732af94bd/WriteXLS	available
4.5.2	XLConnect	1.3.0	2026-02-25T07:06:50Z	a77d19f8206f160e27bc2bfee17390d0	/workspace/rst/cache_4_5/library/XLConnect/1.3.0/a77d19f8206f160e27bc2bfee17390d0/XLConnect	available
4.5.2	XML	3.99.0.24	2026-08-23T06:21:22Z	51059ed659074edf38daca974c5b3b70	/workspace/rst/cache_4_5/library/XML/3.99-0.24/51059ed659074edf38daca974c5b3b70/XML	available
4.5.2	XVector	0.50.0	2026-02-24T15:25:48Z	fe937e66becc3293f618d366d2d84cdb	/workspace/rst/cache_4_5/library/XVector/0.50.0/fe937e66becc3293f618d366d2d84cdb/XVector	available
4.5.2	XtraSNPlocs.Hsapiens.dbSNP144.GRCh38	0.99.12	2025-06-03T23:49:23Z	b0fde2920c80fe24180f082b63e83b27	/workspace/rst/cache_4_5/library/XtraSNPlocs.Hsapiens.dbSNP144.GRCh38/0.99.12/b0fde2920c80fe24180f082b63e83b27/XtraSNPlocs.Hsapiens.dbSNP144.GRCh38	available
4.5.2	a4Preproc	1.58.0	2025-12-15T20:15:53Z	ef6dace28be939e1f955ecc7a832268c	/workspace/rst/cache_4_5/library/a4Preproc/1.58.0/ef6dace28be939e1f955ecc7a832268c/a4Preproc	available
4.5.2	aRtsy	1.0.1	2026-06-25T06:09:27Z	f995f48ebc80826ab45384dc48cba8c4	/workspace/rst/cache_4_5/library/aRtsy/1.0.1/f995f48ebc80826ab45384dc48cba8c4/aRtsy	available
4.5.2	abess	0.4.11	2025-12-10T07:08:16Z	60fd8c240d025aedbcc59422c3990c2a	/workspace/rst/cache_4_5/library/abess/0.4.11/60fd8c240d025aedbcc59422c3990c2a/abess	available
4.5.2	abind	1.4.8	2025-06-03T15:43:30Z	20322fbff3fab583673372ffe013686e	/workspace/rst/cache_4_5/library/abind/1.4-8/20322fbff3fab583673372ffe013686e/abind	available
4.5.2	ace2fastq	0.6.0	2025-06-03T23:49:51Z	8a13642051ff8df390b196efc691e8b4	/workspace/rst/cache_4_5/library/ace2fastq/0.6.0/8a13642051ff8df390b196efc691e8b4/ace2fastq	available
4.5.2	acepack	1.6.3	2025-12-06T20:45:22Z	7e406ed14bede571660064d8cbbaca34	/workspace/rst/cache_4_5/library/acepack/1.6.3/7e406ed14bede571660064d8cbbaca34/acepack	available
4.5.2	actuar	3.3.7	2026-03-04T07:04:34Z	eae95a17391007cae12a2adff53fe149	/workspace/rst/cache_4_5/library/actuar/3.3-7/eae95a17391007cae12a2adff53fe149/actuar	available
4.5.2	ada	2.0.5.1	2026-02-19T07:08:25Z	ff5dbf78145bdb7fe5a0252b7286aed5	/workspace/rst/cache_4_5/library/ada/2.0-5.1/ff5dbf78145bdb7fe5a0252b7286aed5/ada	available
4.5.2	adabag	5.1	2025-08-05T15:28:53Z	9923f1724b8449a9285bfc1c9d33e421	/workspace/rst/cache_4_5/library/adabag/5.1/9923f1724b8449a9285bfc1c9d33e421/adabag	available
4.5.2	adagio	0.9.2	2025-06-03T23:51:29Z	febf961f62064e1a8cd8aabfc367d000	/workspace/rst/cache_4_5/library/adagio/0.9.2/febf961f62064e1a8cd8aabfc367d000/adagio	available
4.5.2	adbcdrivermanager	0.24.0.3	2026-09-16T06:21:43Z	56f7d3ed8dd799422ae58a710fc2c655	/workspace/rst/cache_4_5/library/adbcdrivermanager/0.24.0-3/56f7d3ed8dd799422ae58a710fc2c655/adbcdrivermanager	available
4.5.2	adbcsqlite	0.24.0.2	2026-09-17T06:22:04Z	ec1d6e7765170adddfea30e9b80fa43a	/workspace/rst/cache_4_5/library/adbcsqlite/0.24.0-2/ec1d6e7765170adddfea30e9b80fa43a/adbcsqlite	available
4.5.2	adbi	0.1.2	2026-06-19T06:07:29Z	167159f5bbbdcd530b974aaa40a65be1	/workspace/rst/cache_4_5/library/adbi/0.1.2/167159f5bbbdcd530b974aaa40a65be1/adbi	available
4.5.2	additivityTests	1.1.4.2	2025-06-03T23:52:08Z	fa64a5da62cde273f2a30deba8ab1d9d	/workspace/rst/cache_4_5/library/additivityTests/1.1-4.2/fa64a5da62cde273f2a30deba8ab1d9d/additivityTests	available
4.5.2	ade4	1.7.24	2026-03-22T06:15:05Z	b796c5d2f165319d5848f5a8ae690f81	/workspace/rst/cache_4_5/library/ade4/1.7-24/b796c5d2f165319d5848f5a8ae690f81/ade4	available
4.5.2	ade4TkGUI	0.3.4	2025-06-03T23:52:55Z	e95e7014ccd4690372a4599e59c067a3	/workspace/rst/cache_4_5/library/ade4TkGUI/0.3.4/e95e7014ccd4690372a4599e59c067a3/ade4TkGUI	available
4.5.2	adegenet	2.1.11	2025-06-03T23:53:37Z	7c565b9c285db1f52e798cd66fe65b4a	/workspace/rst/cache_4_5/library/adegenet/2.1.11/7c565b9c285db1f52e798cd66fe65b4a/adegenet	available
4.5.2	adegraphics	1.0.22	2025-06-03T23:52:55Z	e5dd116316091dae4f09f69d9b7184e9	/workspace/rst/cache_4_5/library/adegraphics/1.0-22/e5dd116316091dae4f09f69d9b7184e9/adegraphics	available
4.5.2	adehabitatLT	0.3.29	2025-12-06T20:45:23Z	3c7130b911f83cd4fd21a6a5cc104ce0	/workspace/rst/cache_4_5/library/adehabitatLT/0.3.29/3c7130b911f83cd4fd21a6a5cc104ce0/adehabitatLT	available
4.5.2	adehabitatMA	0.3.17	2025-06-03T23:54:05Z	8f05edb73fdcda2681bb17a5b01a0e72	/workspace/rst/cache_4_5/library/adehabitatMA/0.3.17/8f05edb73fdcda2681bb17a5b01a0e72/adehabitatMA	available
4.5.2	adephylo	1.1.17	2025-06-03T23:57:00Z	ebba61052d1eb628920830142a3debeb	/workspace/rst/cache_4_5/library/adephylo/1.1-17/ebba61052d1eb628920830142a3debeb/adephylo	available
4.5.2	adespatial	0.3.29	2026-03-23T06:10:17Z	f5154e48d4d2503ecdfe581d033ced53	/workspace/rst/cache_4_5/library/adespatial/0.3-29/f5154e48d4d2503ecdfe581d033ced53/adespatial	available
4.5.2	admisc	0.41	2026-08-24T06:17:07Z	eecd08192a32540c5779087025a25baf	/workspace/rst/cache_4_5/library/admisc/0.41/eecd08192a32540c5779087025a25baf/admisc	available
4.5.2	adrftools	0.1.0	2026-04-24T06:14:29Z	e893699b89157305921e29d130efa1ff	/workspace/rst/cache_4_5/library/adrftools/0.1.0/e893699b89157305921e29d130efa1ff/adrftools	available
4.5.2	afex	1.5.1	2025-12-16T07:02:01Z	0d843cee3261bc7ef8c4ad540e0dc3d2	/workspace/rst/cache_4_5/library/afex/1.5-1/0d843cee3261bc7ef8c4ad540e0dc3d2/afex	available
4.5.2	affy	1.88.0	2025-11-05T09:50:51Z	6bf5deb0b388b2082660a963912d8f53	/workspace/rst/cache_4_5/library/affy/1.88.0/6bf5deb0b388b2082660a963912d8f53/affy	available
4.5.2	affyPLM	1.86.0	2025-11-05T09:50:52Z	b808d801b49897cb173b51a38273698d	/workspace/rst/cache_4_5/library/affyPLM/1.86.0/b808d801b49897cb173b51a38273698d/affyPLM	available
4.5.2	affydata	1.58.0	2025-11-05T09:50:52Z	e2a37dd0f7e5eca8bc56cb3f3a163cc6	/workspace/rst/cache_4_5/library/affydata/1.58.0/e2a37dd0f7e5eca8bc56cb3f3a163cc6/affydata	available
4.5.2	affyio	1.80.0	2025-12-15T20:15:54Z	65675e3eff5ff0dc4fab25d427fdbaff	/workspace/rst/cache_4_5/library/affyio/1.80.0/65675e3eff5ff0dc4fab25d427fdbaff/affyio	available
4.5.2	aggregation	1.0.2	2026-06-06T06:10:55Z	c5160a68e1fa7596b45fcb99ee3eb14c	/workspace/rst/cache_4_5/library/aggregation/1.0.2/c5160a68e1fa7596b45fcb99ee3eb14c/aggregation	available
4.5.2	agricolae	1.3.7	2025-06-03T20:53:10Z	1fb0e9608ae76eb84c7a6c80fb9d7a23	/workspace/rst/cache_4_5/library/agricolae/1.3-7/1fb0e9608ae76eb84c7a6c80fb9d7a23/agricolae	available
4.5.2	agridat	1.26	2025-11-21T07:04:52Z	95c591796c282164a376a7ddee22e5ea	/workspace/rst/cache_4_5/library/agridat/1.26/95c591796c282164a376a7ddee22e5ea/agridat	available
4.5.2	airports	0.1.0	2025-08-26T05:45:42Z	938556b6b2f4a918ee44644464d9ae6b	/workspace/rst/cache_4_5/library/airports/0.1.0/938556b6b2f4a918ee44644464d9ae6b/airports	available
4.5.2	airway	1.30.0	2025-11-05T09:50:53Z	8ce3198c7d5f8d180bbb906ae31f169c	/workspace/rst/cache_4_5/library/airway/1.30.0/8ce3198c7d5f8d180bbb906ae31f169c/airway	available
4.5.2	akima	0.6.3.6	2025-06-04T00:00:24Z	2573cb978ebaba66078db35e878a12ea	/workspace/rst/cache_4_5/library/akima/0.6-3.6/2573cb978ebaba66078db35e878a12ea/akima	available
4.5.2	al.pt.ed.datapkg	0.0.0.9000	2026-08-01T19:59:31Z	412abab62df0c77f27136b345407da03	/workspace/rst/cache_4_5/library/al.pt.ed.datapkg/0.0.0.9000/412abab62df0c77f27136b345407da03/al.pt.ed.datapkg	available
4.5.2	alabama	2025.1.0	2026-01-17T07:09:47Z	332dcca3cd337deebf5d00be28c31d4d	/workspace/rst/cache_4_5/library/alabama/2025.1.0/332dcca3cd337deebf5d00be28c31d4d/alabama	available
4.5.2	alabaster.base	1.9.5	2025-10-31T10:21:49Z	e6f655e9fec8c19fbcbc550b15d2e228	/workspace/rst/cache_4_5/library/alabaster.base/1.9.5/e6f655e9fec8c19fbcbc550b15d2e228/alabaster.base	available
4.5.2	alabaster.matrix	1.9.0	2025-10-31T10:21:49Z	3f9d2251cf8ab76c7b550ccad4e7a09f	/workspace/rst/cache_4_5/library/alabaster.matrix/1.9.0/3f9d2251cf8ab76c7b550ccad4e7a09f/alabaster.matrix	available
4.5.2	alabaster.ranges	1.9.1	2025-10-31T10:21:49Z	d1fe5b96d42c72384ade4c4168ed967d	/workspace/rst/cache_4_5/library/alabaster.ranges/1.9.1/d1fe5b96d42c72384ade4c4168ed967d/alabaster.ranges	available
4.5.2	alabaster.sce	1.9.0	2025-10-31T10:21:50Z	5e07d9d5f0985f44c8a4d5750a292cb9	/workspace/rst/cache_4_5/library/alabaster.sce/1.9.0/5e07d9d5f0985f44c8a4d5750a292cb9/alabaster.sce	available
4.5.2	alabaster.schemas	1.9.0	2025-10-31T10:21:50Z	9665fce58823b040131f49ee026c4323	/workspace/rst/cache_4_5/library/alabaster.schemas/1.9.0/9665fce58823b040131f49ee026c4323/alabaster.schemas	available
4.5.2	alabaster.se	1.9.0	2025-10-31T10:21:50Z	92ce816911f8d2715d4f97fe2b004e75	/workspace/rst/cache_4_5/library/alabaster.se/1.9.0/92ce816911f8d2715d4f97fe2b004e75/alabaster.se	available
4.5.2	alluvial	0.1.2	2026-02-24T07:07:00Z	01ec749aabd513e0713842a4afe5d7de	/workspace/rst/cache_4_5/library/alluvial/0.1-2/01ec749aabd513e0713842a4afe5d7de/alluvial	available
4.5.2	alpaca	0.3.5	2025-12-06T20:45:24Z	180137d644d9cac20ed16d1e8963163e	/workspace/rst/cache_4_5/library/alpaca/0.3.5/180137d644d9cac20ed16d1e8963163e/alpaca	available
4.5.2	alphahull	2.5	2025-06-04T00:05:40Z	7b29c000c3714b37c75dee695f4173fb	/workspace/rst/cache_4_5/library/alphahull/2.5/7b29c000c3714b37c75dee695f4173fb/alphahull	available
4.5.2	alphashape3d	1.3.3	2025-12-06T20:45:25Z	715b665d6d2fdea247b941349e4727dd	/workspace/rst/cache_4_5/library/alphashape3d/1.3.3/715b665d6d2fdea247b941349e4727dd/alphashape3d	available
4.5.2	alr4	1.0.7	2026-01-19T07:04:51Z	18e0e3db8015438529c35c708989def4	/workspace/rst/cache_4_5/library/alr4/1.0.7/18e0e3db8015438529c35c708989def4/alr4	available
4.5.2	altdoc	0.7.3	2026-07-09T06:10:20Z	4c3ee68d62a7c09e3fca3095de83f80b	/workspace/rst/cache_4_5/library/altdoc/0.7.3/4c3ee68d62a7c09e3fca3095de83f80b/altdoc	available
4.5.2	amap	0.8.20	2025-06-03T18:32:33Z	f3b6146232e36095c349388679838f0f	/workspace/rst/cache_4_5/library/amap/0.8-20/f3b6146232e36095c349388679838f0f/amap	available
4.5.2	ambient	1.0.3	2026-03-09T06:19:36Z	c1a354bd0d3f61f6158651598b5e9ece	/workspace/rst/cache_4_5/library/ambient/1.0.3/c1a354bd0d3f61f6158651598b5e9ece/ambient	available
4.5.2	aml.myelotoxicity.datapkg	0.0.0.9003	2025-06-04T23:40:31Z	e611337deb74617c4d64ac760aac8860	/workspace/rst/cache_4_5/library/aml.myelotoxicity.datapkg/0.0.0.9003/e611337deb74617c4d64ac760aac8860/aml.myelotoxicity.datapkg	available
4.5.2	animation	2.8	2025-12-06T20:45:25Z	9e6e8eec5f10e3293a7a62a234dbf5ac	/workspace/rst/cache_4_5/library/animation/2.8/9e6e8eec5f10e3293a7a62a234dbf5ac/animation	available
4.5.2	anndata	0.8.0	2025-06-04T00:07:11Z	6c16048890d55a328b21628f38410c6d	/workspace/rst/cache_4_5/library/anndata/0.8.0/6c16048890d55a328b21628f38410c6d/anndata	available
4.5.2	annotate	1.88.0	2026-02-24T15:25:49Z	d52418364419d5d1e2694bbb51147e6e	/workspace/rst/cache_4_5/library/annotate/1.88.0/d52418364419d5d1e2694bbb51147e6e/annotate	available
4.5.2	anytime	0.3.13	2026-04-16T06:17:45Z	dc93acd998cc8c31949821dd2b1f716f	/workspace/rst/cache_4_5/library/anytime/0.3.13/dc93acd998cc8c31949821dd2b1f716f/anytime	available
4.5.2	aod	1.3.3	2025-06-04T00:07:57Z	9bc47b5c40557ead6911eb6d5d96d047	/workspace/rst/cache_4_5/library/aod/1.3.3/9bc47b5c40557ead6911eb6d5d96d047/aod	available
4.5.2	aorsf	0.1.6	2025-12-13T07:00:00Z	d041be21092757765b6daeb7e8208763	/workspace/rst/cache_4_5/library/aorsf/0.1.6/d041be21092757765b6daeb7e8208763/aorsf	available
4.5.2	apcluster	1.4.14	2025-12-15T20:15:55Z	a975aabb52f9fb3799ecaeb98e35eae7	/workspace/rst/cache_4_5/library/apcluster/1.4.14/a975aabb52f9fb3799ecaeb98e35eae7/apcluster	available
4.5.2	ape	5.8.1	2025-06-03T17:50:42Z	fbefb0cf8341c387da664e7bb3eb63a7	/workspace/rst/cache_4_5/library/ape/5.8-1/fbefb0cf8341c387da664e7bb3eb63a7/ape	available
4.5.2	apeglm	1.32.0	2025-12-15T20:15:55Z	4707e0fbc5cee8e07688cd0d458156fe	/workspace/rst/cache_4_5/library/apeglm/1.32.0/4707e0fbc5cee8e07688cd0d458156fe/apeglm	available
4.5.2	apex	1.0.7	2025-08-05T15:28:54Z	5536c2ab98160e7fc4ae8e119104e732	/workspace/rst/cache_4_5/library/apex/1.0.7/5536c2ab98160e7fc4ae8e119104e732/apex	available
4.5.2	aplore3	0.9	2025-06-04T00:12:04Z	a8026d9e17d81ab5bb37fefe17ee0ee3	/workspace/rst/cache_4_5/library/aplore3/0.9/a8026d9e17d81ab5bb37fefe17ee0ee3/aplore3	available
4.5.2	aplot	0.3.2	2026-09-24T06:21:11Z	653e926f673d660ad06253ea9ae42af7	/workspace/rst/cache_4_5/library/aplot/0.3.2/653e926f673d660ad06253ea9ae42af7/aplot	available
4.5.2	aplpack	1.3.5	2025-06-04T00:12:38Z	dffc5906ec143b87df5a6071c912f852	/workspace/rst/cache_4_5/library/aplpack/1.3.5/dffc5906ec143b87df5a6071c912f852/aplpack	available
4.5.2	apollo	0.3.9	2026-07-15T06:13:03Z	966c8ae4ea80d3811217bc730c0c6817	/workspace/rst/cache_4_5/library/apollo/0.3.9/966c8ae4ea80d3811217bc730c0c6817/apollo	available
4.5.2	aqp	2.3.2	2026-06-25T06:09:28Z	e1f9b617f63374b198f0577404feeda3	/workspace/rst/cache_4_5/library/aqp/2.3.2/e1f9b617f63374b198f0577404feeda3/aqp	available
4.5.2	archdata	1.2.1	2025-06-04T00:14:15Z	ea6a75bf35161c6422562bd03fab3684	/workspace/rst/cache_4_5/library/archdata/1.2-1/ea6a75bf35161c6422562bd03fab3684/archdata	available
4.5.2	archive	1.1.14	2026-08-01T06:51:52Z	2fc7059a0286ade037c978c2d5814ed8	/workspace/rst/cache_4_5/library/archive/1.1.14/2fc7059a0286ade037c978c2d5814ed8/archive	available
4.5.2	arg	0.2.1	2026-08-01T06:51:53Z	f30bb5014a0d357e0317b43c012f63bd	/workspace/rst/cache_4_5/library/arg/0.2.1/f30bb5014a0d357e0317b43c012f63bd/arg	available
4.5.2	arm	1.15.3	2026-04-18T06:06:12Z	e24747e56e4a61d9f50eba768b252650	/workspace/rst/cache_4_5/library/arm/1.15-3/e24747e56e4a61d9f50eba768b252650/arm	available
4.5.2	aroma.light	3.40.0	2025-12-15T20:15:56Z	0d7b0aa2ca492aa7a3dba6e8fa09d65f	/workspace/rst/cache_4_5/library/aroma.light/3.40.0/0d7b0aa2ca492aa7a3dba6e8fa09d65f/aroma.light	available
4.5.2	arrow	25.0.1	2026-08-25T06:19:59Z	ce517feb86dd60902edec51c5a9a2781	/workspace/rst/cache_4_5/library/arrow/25.0.1/ce517feb86dd60902edec51c5a9a2781/arrow	available
4.5.2	arsenal	3.7.1	2026-07-04T06:15:13Z	b2c708c3f7da0c0029a80c93a2ecfa79	/workspace/rst/cache_4_5/library/arsenal/3.7.1/b2c708c3f7da0c0029a80c93a2ecfa79/arsenal	available
4.5.2	arules	1.7.15	2026-09-13T06:54:43Z	99566d8b982ba321e7a67fca8cc15e40	/workspace/rst/cache_4_5/library/arules/1.7.15/99566d8b982ba321e7a67fca8cc15e40/arules	available
4.5.2	arulesCBA	1.2.9	2026-03-31T06:24:15Z	34ef57a6783b047ae2a8d7037d696d18	/workspace/rst/cache_4_5/library/arulesCBA/1.2.9/34ef57a6783b047ae2a8d7037d696d18/arulesCBA	available
4.5.2	arulesViz	1.5.4	2026-03-31T06:24:15Z	92afea0e81989390eaff15d0473c267b	/workspace/rst/cache_4_5/library/arulesViz/1.5.4/92afea0e81989390eaff15d0473c267b/arulesViz	available
4.5.2	ascii	2.6	2025-06-04T00:15:28Z	e4d9e48f400698973fc767c5eb6738cd	/workspace/rst/cache_4_5/library/ascii/2.6/e4d9e48f400698973fc767c5eb6738cd/ascii	available
4.5.2	asciicast	2.3.1	2025-06-04T00:15:46Z	1f842ece320956cd2a29e0048a8ae191	/workspace/rst/cache_4_5/library/asciicast/2.3.1/1f842ece320956cd2a29e0048a8ae191/asciicast	available
4.5.2	asd	2.2	2025-06-04T00:16:00Z	f3db39fee97da7f2dd892ed3f5618cf6	/workspace/rst/cache_4_5/library/asd/2.2/f3db39fee97da7f2dd892ed3f5618cf6/asd	available
4.5.2	ash	1.0.15	2025-06-03T19:11:55Z	92a1e109171b6f29e739564a4611ed83	/workspace/rst/cache_4_5/library/ash/1.0-15/92a1e109171b6f29e739564a4611ed83/ash	available
4.5.2	ashr	2.2.63	2025-06-03T18:32:33Z	868a7c4b451e9b7756a827399d615ec9	/workspace/rst/cache_4_5/library/ashr/2.2-63/868a7c4b451e9b7756a827399d615ec9/ashr	available
4.5.2	asht	1.0.3	2025-12-06T20:45:28Z	618d2f483a98c9506285dc7d6818b539	/workspace/rst/cache_4_5/library/asht/1.0.3/618d2f483a98c9506285dc7d6818b539/asht	available
4.5.2	askpass	1.2.1	2025-06-03T15:43:30Z	ea1f04ccfd009d1faca45fa7d1545c4f	/workspace/rst/cache_4_5/library/askpass/1.2.1/ea1f04ccfd009d1faca45fa7d1545c4f/askpass	available
4.5.2	assertthat	0.2.1	2025-06-03T15:43:30Z	8bd8648ab976d568ab3ce43e4ecc9607	/workspace/rst/cache_4_5/library/assertthat/0.2.1/8bd8648ab976d568ab3ce43e4ecc9607/assertthat	available
4.5.2	assorthead	1.4.0	2026-02-24T15:25:51Z	cab3c615c4b8616b8aad5361e6e5e89b	/workspace/rst/cache_4_5/library/assorthead/1.4.0/cab3c615c4b8616b8aad5361e6e5e89b/assorthead	available
4.5.2	attachment	1.1.0	2026-08-22T06:22:22Z	afdaeae6c717806dc5e6a5afa3d98ec5	/workspace/rst/cache_4_5/library/attachment/1.1.0/afdaeae6c717806dc5e6a5afa3d98ec5/attachment	available
4.5.2	attempt	0.3.1	2025-06-04T00:16:50Z	5d0b2d9bce01c412951b786db0a331e9	/workspace/rst/cache_4_5/library/attempt/0.3.1/5d0b2d9bce01c412951b786db0a331e9/attempt	available
4.5.2	audio	0.1.12	2025-12-17T07:00:06Z	34eea7f74e9080502e65a3d78c7bdc61	/workspace/rst/cache_4_5/library/audio/0.1-12/34eea7f74e9080502e65a3d78c7bdc61/audio	available
4.5.2	auditor	1.3.5	2026-01-16T07:07:55Z	a4938d0f7786c0567b51bf2d8c1a8d3a	/workspace/rst/cache_4_5/library/auditor/1.3.5/a4938d0f7786c0567b51bf2d8c1a8d3a/auditor	available
4.5.2	autometric	0.1.2	2025-06-04T00:17:05Z	c3ea947c56b7ccd0d6edebfd0226440d	/workspace/rst/cache_4_5/library/autometric/0.1.2/c3ea947c56b7ccd0d6edebfd0226440d/autometric	available
4.5.2	av	0.9.6	2025-12-06T20:45:29Z	2d0027e7265d523733224fe70a986f6d	/workspace/rst/cache_4_5/library/av/0.9.6/2d0027e7265d523733224fe70a986f6d/av	available
4.5.2	available	1.1.0	2025-06-03T19:58:39Z	43d4eced738a8d6b8d0410c5b40d5a1b	/workspace/rst/cache_4_5/library/available/1.1.0/43d4eced738a8d6b8d0410c5b40d5a1b/available	available
4.5.2	aws.ec2metadata	0.2.0	2025-09-05T05:53:02Z	e27395a9cf399713f38b9af773d1cc23	/workspace/rst/cache_4_5/library/aws.ec2metadata/0.2.0/e27395a9cf399713f38b9af773d1cc23/aws.ec2metadata	available
4.5.2	aws.s3	0.3.22	2025-12-06T20:45:29Z	14d22c786f15e92770cc33dd73904767	/workspace/rst/cache_4_5/library/aws.s3/0.3.22/14d22c786f15e92770cc33dd73904767/aws.s3	available
4.5.2	aws.signature	0.6.2	2026-07-23T06:16:58Z	febae833efb816f149be1cb88e3e3d21	/workspace/rst/cache_4_5/library/aws.signature/0.6.2/febae833efb816f149be1cb88e3e3d21/aws.signature	available
4.5.2	babelgene	22.9	2025-06-04T00:18:02Z	f55679ffbf4db55c0d28c8d8bdcf8483	/workspace/rst/cache_4_5/library/babelgene/22.9/f55679ffbf4db55c0d28c8d8bdcf8483/babelgene	available
4.5.2	babynames	1.0.1	2026-02-24T07:07:01Z	6b5afc9c38260faaadb6de6db89e2bfb	/workspace/rst/cache_4_5/library/babynames/1.0.1/6b5afc9c38260faaadb6de6db89e2bfb/babynames	available
4.5.2	backports	1.5.1	2026-04-05T06:10:03Z	856b365362abdd30398861b581a93e8a	/workspace/rst/cache_4_5/library/backports/1.5.1/856b365362abdd30398861b581a93e8a/backports	available
4.5.2	badger	0.2.5	2026-08-27T06:17:31Z	e32ced8bc33e2d36956808b1ff148c7c	/workspace/rst/cache_4_5/library/badger/0.2.5/e32ced8bc33e2d36956808b1ff148c7c/badger	available
4.5.2	bain	0.2.12	2026-08-26T06:18:49Z	b095a1c6aba6cab7a4599c944599bc55	/workspace/rst/cache_4_5/library/bain/0.2.12/b095a1c6aba6cab7a4599c944599bc55/bain	available
4.5.2	baker.pipseq.datapkg	0.0.0.9011	2025-11-10T07:23:14Z	cc3d21c033a33da6e4284140362de486	/workspace/rst/cache_4_5/library/baker.pipseq.datapkg/0.0.0.9011/cc3d21c033a33da6e4284140362de486/baker.pipseq.datapkg	available
4.5.2	ballgown	2.42.0	2025-11-05T09:51:01Z	9b29e4dfd7b1e2132ac09ffd1c138aa6	/workspace/rst/cache_4_5/library/ballgown/2.42.0/9b29e4dfd7b1e2132ac09ffd1c138aa6/ballgown	available
4.5.2	bamlss	1.2.5	2025-06-04T00:20:28Z	ac45c44aa15f0572e819399c6b4ae230	/workspace/rst/cache_4_5/library/bamlss/1.2-5/ac45c44aa15f0572e819399c6b4ae230/bamlss	available
4.5.2	bamsignals	1.42.0	2025-11-05T09:51:01Z	dad243b282d2a4c036c92740d572dbd4	/workspace/rst/cache_4_5/library/bamsignals/1.42.0/dad243b282d2a4c036c92740d572dbd4/bamsignals	available
4.5.2	bandyopadhyay	0.0.0.9000	2025-09-26T17:23:22Z	3e7d0292b2be32fdd739ba99f8353f04	/workspace/rst/cache_4_5/library/bandyopadhyay/0.0.0.9000/3e7d0292b2be32fdd739ba99f8353f04/bandyopadhyay	available
4.5.2	bang	1.0.4	2026-01-13T07:07:11Z	dc3cdf1151fcaa14349deb16cd7d1e73	/workspace/rst/cache_4_5/library/bang/1.0.4/dc3cdf1151fcaa14349deb16cd7d1e73/bang	available
4.5.2	bartMachine	1.4.2	2026-05-06T06:24:29Z	9be63248fa95cd3321485939f67a6bc3	/workspace/rst/cache_4_5/library/bartMachine/1.4.2/9be63248fa95cd3321485939f67a6bc3/bartMachine	available
4.5.2	bartMachineJARs	1.2.2	2026-01-15T07:09:12Z	051228fc97b162a4d354995d1c3a917f	/workspace/rst/cache_4_5/library/bartMachineJARs/1.2.2/051228fc97b162a4d354995d1c3a917f/bartMachineJARs	available
4.5.2	baryawno	0.0.0.9000	2026-09-02T17:42:35Z	9d3b9afd5c7c1ec7a1a7d043fe90d186	/workspace/rst/cache_4_5/library/baryawno/0.0.0.9000/9d3b9afd5c7c1ec7a1a7d043fe90d186/baryawno	available
4.5.2	base	4.5.0	2025-06-03T15:43:34Z	95b992687ff2c8b6a00ecc0fa9045c9d	/workspace/rst/cache_4_5/library/base/4.5.0/95b992687ff2c8b6a00ecc0fa9045c9d/base	base
4.5.2	base64	2.0.2	2025-06-04T00:20:43Z	6a77b479065c0172771a711f384fd9f5	/workspace/rst/cache_4_5/library/base64/2.0.2/6a77b479065c0172771a711f384fd9f5/base64	available
4.5.2	base64enc	0.1.6	2026-02-04T07:03:04Z	21698eb34a3ea5e5044f82845b1a89a4	/workspace/rst/cache_4_5/library/base64enc/0.1-6/21698eb34a3ea5e5044f82845b1a89a4/base64enc	available
4.5.2	base64url	1.4	2025-06-03T21:22:46Z	11e2a8db1fa12e9e8cbfcb93d33ab26f	/workspace/rst/cache_4_5/library/base64url/1.4/11e2a8db1fa12e9e8cbfcb93d33ab26f/base64url	available
4.5.2	basefun	1.2.6	2026-03-08T07:11:03Z	a43cba996bbd94e151a14a2d00b1907a	/workspace/rst/cache_4_5/library/basefun/1.2-6/a43cba996bbd94e151a14a2d00b1907a/basefun	available
4.5.2	basilisk	1.22.0	2025-11-05T09:51:01Z	b3ac7965f42a3a4088b2dc0abd7579f9	/workspace/rst/cache_4_5/library/basilisk/1.22.0/b3ac7965f42a3a4088b2dc0abd7579f9/basilisk	available
4.5.2	basilisk.utils	1.22.0	2025-12-15T20:16:01Z	b418ad551c981b4c962acc562f96f5ff	/workspace/rst/cache_4_5/library/basilisk.utils/1.22.0/b418ad551c981b4c962acc562f96f5ff/basilisk.utils	available
4.5.2	batchelor	1.26.0	2026-02-24T15:25:54Z	d5f77e029a3b403267839fef51b76ed1	/workspace/rst/cache_4_5/library/batchelor/1.26.0/d5f77e029a3b403267839fef51b76ed1/batchelor	available
4.5.2	batchtools	0.9.18	2025-12-06T20:45:29Z	b0e2cafd066ab787a2a7439680214014	/workspace/rst/cache_4_5/library/batchtools/0.9.18/b0e2cafd066ab787a2a7439680214014/batchtools	available
4.5.2	bayesQR	2.4	2025-06-04T00:22:08Z	0e248df7809d67b803787dc9c39af775	/workspace/rst/cache_4_5/library/bayesQR/2.4/0e248df7809d67b803787dc9c39af775/bayesQR	available
4.5.2	bayesm	3.1.7	2025-12-06T20:45:29Z	bb0bbbfed8e237a041d1d046ac135f6a	/workspace/rst/cache_4_5/library/bayesm/3.1-7/bb0bbbfed8e237a041d1d046ac135f6a/bayesm	available
4.5.2	bayesmeta	3.5	2025-12-06T20:45:30Z	8d6ff4e92f7e88a525853ea7af449686	/workspace/rst/cache_4_5/library/bayesmeta/3.5/8d6ff4e92f7e88a525853ea7af449686/bayesmeta	available
4.5.2	bayesplot	1.15.0	2025-12-15T20:16:01Z	0539215fc564ef16683aa88fdbb9060d	/workspace/rst/cache_4_5/library/bayesplot/1.15.0/0539215fc564ef16683aa88fdbb9060d/bayesplot	available
4.5.2	bayestestR	0.19.0	2026-09-11T06:19:03Z	7d14f2448ce0e06e622698808d9398b7	/workspace/rst/cache_4_5/library/bayestestR/0.19.0/7d14f2448ce0e06e622698808d9398b7/bayestestR	available
4.5.2	bbmle	1.0.26	2026-09-02T06:21:46Z	d8b20b88b12eba0cd72decea506a56a6	/workspace/rst/cache_4_5/library/bbmle/1.0.26/d8b20b88b12eba0cd72decea506a56a6/bbmle	available
4.5.2	bbotk	1.9.0	2026-03-02T07:10:08Z	2b98349ed5192ed18beefdd8f13c868f	/workspace/rst/cache_4_5/library/bbotk/1.9.0/2b98349ed5192ed18beefdd8f13c868f/bbotk	available
4.5.2	bdsmatrix	1.3.7	2025-06-03T18:32:34Z	acc79613b2ee005dd6e63281049334fd	/workspace/rst/cache_4_5/library/bdsmatrix/1.3-7/acc79613b2ee005dd6e63281049334fd/bdsmatrix	available
4.5.2	beachmat	2.26.0	2026-02-24T15:25:54Z	47b9ff2ad030a6f96f71de16f9d69359	/workspace/rst/cache_4_5/library/beachmat/2.26.0/47b9ff2ad030a6f96f71de16f9d69359/beachmat	available
4.5.2	beachmat.hdf5	1.8.0	2025-11-05T09:51:03Z	7ef487708c0ee2ae2aba9722375d1b3c	/workspace/rst/cache_4_5/library/beachmat.hdf5/1.8.0/7ef487708c0ee2ae2aba9722375d1b3c/beachmat.hdf5	available
4.5.2	beepr	2.0	2025-06-03T23:16:57Z	445cd53740044937debed9eb41964813	/workspace/rst/cache_4_5/library/beepr/2.0/445cd53740044937debed9eb41964813/beepr	available
4.5.2	beeswarm	0.4.0	2025-06-03T15:43:36Z	1a0796365ed83ee76d466a59e39fcd60	/workspace/rst/cache_4_5/library/beeswarm/0.4.0/1a0796365ed83ee76d466a59e39fcd60/beeswarm	available
4.5.2	bench	1.1.4	2025-06-04T00:36:57Z	39ef1c35b0632d6d8bbd5efeaf354e69	/workspace/rst/cache_4_5/library/bench/1.1.4/39ef1c35b0632d6d8bbd5efeaf354e69/bench	available
4.5.2	benchmarkme	1.0.8	2025-06-04T00:37:09Z	926e10db6f4ebb5953c8312d7d4e0f8c	/workspace/rst/cache_4_5/library/benchmarkme/1.0.8/926e10db6f4ebb5953c8312d7d4e0f8c/benchmarkme	available
4.5.2	benchmarkmeData	2.0.0	2026-01-21T07:12:28Z	2b483312ebcff0f34697231d156e29df	/workspace/rst/cache_4_5/library/benchmarkmeData/2.0.0/2b483312ebcff0f34697231d156e29df/benchmarkmeData	available
4.5.2	benchr	0.2.5	2025-06-04T00:37:24Z	667d95270ece6838ec738817be7ac917	/workspace/rst/cache_4_5/library/benchr/0.2.5/667d95270ece6838ec738817be7ac917/benchr	available
4.5.2	berryFunctions	1.22.5	2025-06-04T00:37:35Z	aac2177b35c07d3f604d5308d0cdfe55	/workspace/rst/cache_4_5/library/berryFunctions/1.22.5/aac2177b35c07d3f604d5308d0cdfe55/berryFunctions	available
4.5.2	bestNormalize	1.9.2	2025-12-06T20:45:31Z	6f4d9daffa2468ea9d479164bd9634c9	/workspace/rst/cache_4_5/library/bestNormalize/1.9.2/6f4d9daffa2468ea9d479164bd9634c9/bestNormalize	available
4.5.2	betacal	0.1.0	2025-06-04T00:37:58Z	ecbf69c05536283a80ee351044aeaa0e	/workspace/rst/cache_4_5/library/betacal/0.1.0/ecbf69c05536283a80ee351044aeaa0e/betacal	available
4.5.2	betapart	1.6.1	2025-08-05T15:28:55Z	d94ade5e907c9741970f2840f438fac9	/workspace/rst/cache_4_5/library/betapart/1.6.1/d94ade5e907c9741970f2840f438fac9/betapart	available
4.5.2	betareg	3.2.6	2026-08-28T06:19:52Z	94230ae4dba6eaa3c8c6d83f8fe2e0ab	/workspace/rst/cache_4_5/library/betareg/3.2-6/94230ae4dba6eaa3c8c6d83f8fe2e0ab/betareg	available
4.5.2	bezier	1.1.2	2025-06-04T00:38:35Z	69efc3296ce58a3e1afbf85bb578829b	/workspace/rst/cache_4_5/library/bezier/1.1.2/69efc3296ce58a3e1afbf85bb578829b/bezier	available
4.5.2	bgw	0.1.4	2026-02-06T07:08:35Z	176f836e05738a0ac1dce324afb69d72	/workspace/rst/cache_4_5/library/bgw/0.1.4/176f836e05738a0ac1dce324afb69d72/bgw	available
4.5.2	bibtex	0.5.3	2026-09-24T06:21:11Z	f1b59d049aa5efa24809f2e3b2f7ecf0	/workspace/rst/cache_4_5/library/bibtex/0.5.3/f1b59d049aa5efa24809f2e3b2f7ecf0/bibtex	available
4.5.2	biclust	2.0.3.1	2025-06-04T00:38:47Z	8684b010703f0fb703e5ddf64c509bab	/workspace/rst/cache_4_5/library/biclust/2.0.3.1/8684b010703f0fb703e5ddf64c509bab/biclust	available
4.5.2	bife	0.7.3	2025-12-06T20:45:31Z	b2e3db49c3a3d3ed69a1f875794b9ccc	/workspace/rst/cache_4_5/library/bife/0.7.3/b2e3db49c3a3d3ed69a1f875794b9ccc/bife	available
4.5.2	bigD	0.3.1	2025-06-04T00:39:10Z	091758892a020c2b9fd18a59925596a2	/workspace/rst/cache_4_5/library/bigD/0.3.1/091758892a020c2b9fd18a59925596a2/bigD	available
4.5.2	bigassertr	0.2.0	2026-05-24T06:15:30Z	996d636e24a7d5f8a1639df0875ce033	/workspace/rst/cache_4_5/library/bigassertr/0.2.0/996d636e24a7d5f8a1639df0875ce033/bigassertr	available
4.5.2	biglasso	1.7.2	2026-08-27T06:17:32Z	b31ca205b3f13450272daab9c6efb0ec	/workspace/rst/cache_4_5/library/biglasso/1.7.2/b31ca205b3f13450272daab9c6efb0ec/biglasso	available
4.5.2	biglm	0.9.3	2025-06-03T15:43:36Z	0839f9fe396572a3aed7542e8d9f8fa3	/workspace/rst/cache_4_5/library/biglm/0.9-3/0839f9fe396572a3aed7542e8d9f8fa3/biglm	available
4.5.2	biglmm	0.9.3	2025-06-04T00:39:34Z	f1894b0536aaa46380f7d6973903cca9	/workspace/rst/cache_4_5/library/biglmm/0.9-3/f1894b0536aaa46380f7d6973903cca9/biglmm	available
4.5.2	bigmemory	4.6.6	2026-06-10T06:10:02Z	ae733fd7bc0ff1efabc35c6a3ae80e7b	/workspace/rst/cache_4_5/library/bigmemory/4.6.6/ae733fd7bc0ff1efabc35c6a3ae80e7b/bigmemory	available
4.5.2	bigmemory.sri	0.1.8	2025-06-03T18:25:39Z	c7f105aa0164d90b8afc43aa2f35cc01	/workspace/rst/cache_4_5/library/bigmemory.sri/0.1.8/c7f105aa0164d90b8afc43aa2f35cc01/bigmemory.sri	available
4.5.2	bigparallelr	0.3.2	2025-06-04T00:39:44Z	960094ed906700e71c278f56011daff3	/workspace/rst/cache_4_5/library/bigparallelr/0.3.2/960094ed906700e71c278f56011daff3/bigparallelr	available
4.5.2	bigreadr	0.2.5	2025-06-04T00:39:56Z	984b156f980e536d1c9002f842800168	/workspace/rst/cache_4_5/library/bigreadr/0.2.5/984b156f980e536d1c9002f842800168/bigreadr	available
4.5.2	bigstatsr	1.6.2	2025-12-06T20:45:32Z	0f52daf90b43970a25fcdf6b0ecebc82	/workspace/rst/cache_4_5/library/bigstatsr/1.6.2/0f52daf90b43970a25fcdf6b0ecebc82/bigstatsr	available
4.5.2	bigutilsr	0.3.4	2025-06-04T00:40:21Z	f3da5a07109748ebd6f68bf5e97384f0	/workspace/rst/cache_4_5/library/bigutilsr/0.3.4/f3da5a07109748ebd6f68bf5e97384f0/bigutilsr	available
4.5.2	binGroup	2.2.3	2025-06-04T00:40:33Z	5da6d89cba1205143d45ff8658d87c63	/workspace/rst/cache_4_5/library/binGroup/2.2-3/5da6d89cba1205143d45ff8658d87c63/binGroup	available
4.5.2	bindr	0.1.3	2025-12-06T20:45:32Z	8145a88c4ca0cf964f26581c0d2634c0	/workspace/rst/cache_4_5/library/bindr/0.1.3/8145a88c4ca0cf964f26581c0d2634c0/bindr	available
4.5.2	bindrcpp	0.2.4	2026-02-08T07:06:06Z	070c1fce2850f14d80f900ca2623b8a9	/workspace/rst/cache_4_5/library/bindrcpp/0.2.4/070c1fce2850f14d80f900ca2623b8a9/bindrcpp	available
4.5.2	binom	1.1.2	2026-07-09T06:10:21Z	5531507321b85ea89d419cbf5b86ed3b	/workspace/rst/cache_4_5/library/binom/1.1-2/5531507321b85ea89d419cbf5b86ed3b/binom	available
4.5.2	biocGraph	1.72.0	2025-11-05T09:51:03Z	f67bfc26d5d3632f268f7fea74fb4041	/workspace/rst/cache_4_5/library/biocGraph/1.72.0/f67bfc26d5d3632f268f7fea74fb4041/biocGraph	available
4.5.2	biocViews	1.78.2	2026-04-07T06:17:37Z	e218368fdd2944a5144b047d7f9f5e96	/workspace/rst/cache_4_5/library/biocViews/1.78.2/e218368fdd2944a5144b047d7f9f5e96/biocViews	available
4.5.2	biocmake	1.2.0	2025-11-05T09:51:03Z	a02c049340c47fe70325a12e028297f9	/workspace/rst/cache_4_5/library/biocmake/1.2.0/a02c049340c47fe70325a12e028297f9/biocmake	available
4.5.2	biocthis	1.20.0	2025-11-05T09:51:04Z	e49cbc98c5cf8e41719c389f986fd38d	/workspace/rst/cache_4_5/library/biocthis/1.20.0/e49cbc98c5cf8e41719c389f986fd38d/biocthis	available
4.5.2	biomaRt	2.66.2	2026-03-18T06:02:18Z	b6e4116ce52cbf763e4d793bf8bb1ff8	/workspace/rst/cache_4_5/library/biomaRt/2.66.2/b6e4116ce52cbf763e4d793bf8bb1ff8/biomaRt	available
4.5.2	biomformat	1.38.3	2026-03-19T06:33:44Z	c3ed37910a470cf1d13b9a7ef0fa0c2f	/workspace/rst/cache_4_5/library/biomformat/1.38.3/c3ed37910a470cf1d13b9a7ef0fa0c2f/biomformat	available
4.5.2	biovizBase	1.58.0	2025-11-05T09:51:04Z	9053eb210195c51141dfbcd46a02834a	/workspace/rst/cache_4_5/library/biovizBase/1.58.0/9053eb210195c51141dfbcd46a02834a/biovizBase	available
4.5.2	bit	4.6.0	2025-06-03T15:43:36Z	447e0604570c37d521789d8d473410cb	/workspace/rst/cache_4_5/library/bit/4.6.0/447e0604570c37d521789d8d473410cb/bit	available
4.5.2	bit64	4.8.6	2026-09-03T06:23:18Z	bda68d70f96880581e26079e24a59f5b	/workspace/rst/cache_4_5/library/bit64/4.8.6/bda68d70f96880581e26079e24a59f5b/bit64	available
4.5.2	bitops	1.1.0	2026-08-01T06:51:54Z	dfbf06e163e0a3f8f4724632d5b0fa94	/workspace/rst/cache_4_5/library/bitops/1.1-0/dfbf06e163e0a3f8f4724632d5b0fa94/bitops	available
4.5.2	blackbox	1.1.54	2026-03-03T07:08:25Z	f489ad9a1639266a2d4778cd6a28f6c4	/workspace/rst/cache_4_5/library/blackbox/1.1.54/f489ad9a1639266a2d4778cd6a28f6c4/blackbox	available
4.5.2	bladderbatch	1.48.0	2025-11-05T09:51:05Z	eb244dc9a179da0797b1ac296ce57428	/workspace/rst/cache_4_5/library/bladderbatch/1.48.0/eb244dc9a179da0797b1ac296ce57428/bladderbatch	available
4.5.2	blaseRdata	0.0.0.9013	2025-06-04T14:13:12Z	4281ff4f0b7d7809a03fb4be444733c8	/workspace/rst/cache_4_5/library/blaseRdata/0.0.0.9013/4281ff4f0b7d7809a03fb4be444733c8/blaseRdata	available
4.5.2	blaseRextras	1.0.2	2026-02-13T15:02:07Z	e41e9743852544da912689b1c9e8849b	/workspace/rst/cache_4_5/library/blaseRextras/1.0.2/e41e9743852544da912689b1c9e8849b/blaseRextras	available
4.5.2	blaseRtemplates	0.0.0.9224	2026-08-21T06:19:34Z	5600ba051c0d41f3456c38feee362732	/workspace/rst/cache_4_5/library/blaseRtemplates/0.0.0.9224/5600ba051c0d41f3456c38feee362732/blaseRtemplates	available
4.5.2	blaseRtools	0.0.0.9210	2026-08-04T13:53:45Z	39f08ae91a50a87490dd362de4af3ed7	/workspace/rst/cache_4_5/library/blaseRtools/0.0.0.9210/39f08ae91a50a87490dd362de4af3ed7/blaseRtools	available
4.5.2	blaser.park.datapkg	0.0.0.9002	2025-06-04T23:46:58Z	295f324efebcd1e58af3eda64cab9ecc	/workspace/rst/cache_4_5/library/blaser.park.datapkg/0.0.0.9002/295f324efebcd1e58af3eda64cab9ecc/blaser.park.datapkg	available
4.5.2	blastula	0.3.6	2026-02-12T07:01:53Z	11a7d8ee20c4b5fbe4d4be8e3d2c6e6f	/workspace/rst/cache_4_5/library/blastula/0.3.6/11a7d8ee20c4b5fbe4d4be8e3d2c6e6f/blastula	available
4.5.2	blavaan	0.5.9	2025-12-06T20:45:33Z	6f99970a148a823fd450a464820a436c	/workspace/rst/cache_4_5/library/blavaan/0.5-9/6f99970a148a823fd450a464820a436c/blavaan	available
4.5.2	blme	1.0.7	2026-01-12T06:56:12Z	3f95a534144a061726279df9ac16a7a7	/workspace/rst/cache_4_5/library/blme/1.0-7/3f95a534144a061726279df9ac16a7a7/blme	available
4.5.2	blob	1.3.0	2026-01-16T07:07:55Z	23df24be910f154685079b7a82e2f123	/workspace/rst/cache_4_5/library/blob/1.3.0/23df24be910f154685079b7a82e2f123/blob	available
4.5.2	blockTools	0.6.6	2026-08-29T06:17:00Z	70954a924b1b3c5aebc83a5ef0a03c45	/workspace/rst/cache_4_5/library/blockTools/0.6.6/70954a924b1b3c5aebc83a5ef0a03c45/blockTools	available
4.5.2	bluster	1.20.0	2025-11-05T09:51:05Z	2a2fa3b249de5ad3fc8bfce034e5d502	/workspace/rst/cache_4_5/library/bluster/1.20.0/2a2fa3b249de5ad3fc8bfce034e5d502/bluster	available
4.5.2	bnlearn	5.2.1	2026-07-21T06:18:51Z	db4b574585421d245453c60a003072d2	/workspace/rst/cache_4_5/library/bnlearn/5.2.1/db4b574585421d245453c60a003072d2/bnlearn	available
4.5.2	bonemarrowref.SeuratData	1.0.0	2026-01-26T20:21:08Z	28161c39e16b30193c58518a93d996dc	/workspace/rst/cache_4_5/library/bonemarrowref.SeuratData/1.0.0/28161c39e16b30193c58518a93d996dc/bonemarrowref.SeuratData	available
4.5.2	bookdown	0.48	2026-08-30T06:19:16Z	3fb030942818c1ff218019ac14a3d23c	/workspace/rst/cache_4_5/library/bookdown/0.48/3fb030942818c1ff218019ac14a3d23c/bookdown	available
4.5.2	boot	1.3.32	2025-12-24T15:06:09Z	616fbea3be6e3a9bea33f29f99df6f00	/workspace/rst/cache_4_5/library/boot/1.3-32/616fbea3be6e3a9bea33f29f99df6f00/boot	available
4.5.2	bootES	1.3.1	2025-06-04T00:44:15Z	7a794e1a5be939a46d6834fa36281a49	/workspace/rst/cache_4_5/library/bootES/1.3.1/7a794e1a5be939a46d6834fa36281a49/bootES	available
4.5.2	bootstrap	2019.6	2025-06-04T00:44:25Z	b32afa9d2c01c8e81ca3ba39b97c298c	/workspace/rst/cache_4_5/library/bootstrap/2019.6/b32afa9d2c01c8e81ca3ba39b97c298c/bootstrap	available
4.5.2	botor	0.4.1	2025-09-13T05:52:01Z	7d87e574d92819867199b397d290273d	/workspace/rst/cache_4_5/library/botor/0.4.1/7d87e574d92819867199b397d290273d/botor	available
4.5.2	box	1.2.3	2026-08-22T06:22:23Z	74a5d9e1bdd05e6b7b4240407248b115	/workspace/rst/cache_4_5/library/box/1.2.3/74a5d9e1bdd05e6b7b4240407248b115/box	available
4.5.2	box.linters	0.10.7	2026-01-11T06:55:00Z	ea456af4e17303d2a160a4e34b4af91e	/workspace/rst/cache_4_5/library/box.linters/0.10.7/ea456af4e17303d2a160a4e34b4af91e/box.linters	available
4.5.2	box.lsp	0.1.4	2026-03-19T06:33:45Z	3210e23f2702410372f8cf2748417aba	/workspace/rst/cache_4_5/library/box.lsp/0.1.4/3210e23f2702410372f8cf2748417aba/box.lsp	available
4.5.2	bpcp	1.5.5	2026-07-24T06:13:55Z	a685ba126d830504ee4800b0de4aee26	/workspace/rst/cache_4_5/library/bpcp/1.5.5/a685ba126d830504ee4800b0de4aee26/bpcp	available
4.5.2	brand.yml	0.1.0	2026-01-28T07:36:27Z	6be65ca4e5e8d47077b86e71a2f69050	/workspace/rst/cache_4_5/library/brand.yml/0.1.0/6be65ca4e5e8d47077b86e71a2f69050/brand.yml	available
4.5.2	breastCancerUPP	1.48.0	2025-11-05T09:51:05Z	ceaf3cac2d41a57471540fe473462535	/workspace/rst/cache_4_5/library/breastCancerUPP/1.48.0/ceaf3cac2d41a57471540fe473462535/breastCancerUPP	available
4.5.2	brew	1.0.10	2025-06-03T15:43:38Z	f03f278f78391732c4171426348010e4	/workspace/rst/cache_4_5/library/brew/1.0-10/f03f278f78391732c4171426348010e4/brew	available
4.5.2	brglm	0.7.3	2025-12-06T20:45:34Z	27217e4c0c9a33dd9b29f29e60d13393	/workspace/rst/cache_4_5/library/brglm/0.7.3/27217e4c0c9a33dd9b29f29e60d13393/brglm	available
4.5.2	brglm2	1.1.0	2026-05-01T06:04:13Z	93378be89c434684c26708dba3338bdc	/workspace/rst/cache_4_5/library/brglm2/1.1.0/93378be89c434684c26708dba3338bdc/brglm2	available
4.5.2	bridgesampling	1.2.1	2026-05-22T06:25:17Z	5f1ebbba384205b56f8f348697fb1ebe	/workspace/rst/cache_4_5/library/bridgesampling/1.2-1/5f1ebbba384205b56f8f348697fb1ebe/bridgesampling	available
4.5.2	brio	1.1.5	2025-06-03T15:43:38Z	52ad09e4d71da8cd19f0ff807cdc2414	/workspace/rst/cache_4_5/library/brio/1.1.5/52ad09e4d71da8cd19f0ff807cdc2414/brio	available
4.5.2	brms	2.23.0	2025-12-06T20:45:35Z	b4e89c49ebcbd1f2e70d28a2ba03d04c	/workspace/rst/cache_4_5/library/brms/2.23.0/b4e89c49ebcbd1f2e70d28a2ba03d04c/brms	available
4.5.2	brmsmargins	0.3.0	2026-04-08T06:22:32Z	601cca0198bd7e1f48e014d368a5b130	/workspace/rst/cache_4_5/library/brmsmargins/0.3.0/601cca0198bd7e1f48e014d368a5b130/brmsmargins	available
4.5.2	brnn	0.9.4	2025-06-04T00:45:30Z	f95cfeb31a4f31503bede64e9ff97ba5	/workspace/rst/cache_4_5/library/brnn/0.9.4/f95cfeb31a4f31503bede64e9ff97ba5/brnn	available
4.5.2	broman	0.98	2026-07-22T06:18:42Z	63812f447a25eaef4c87809fcd028533	/workspace/rst/cache_4_5/library/broman/0.98/63812f447a25eaef4c87809fcd028533/broman	available
4.5.2	broom	1.0.9	2025-08-05T15:28:56Z	b4b0fa28f3cd0dd12ce1d8cad4b3b4da	/workspace/rst/cache_4_5/library/broom/1.0.9/b4b0fa28f3cd0dd12ce1d8cad4b3b4da/broom	available
4.5.2	broom.helpers	1.23.0	2026-08-22T06:22:24Z	200ec8954d8ed58c3f394ff2ccbb4476	/workspace/rst/cache_4_5/library/broom.helpers/1.23.0/200ec8954d8ed58c3f394ff2ccbb4476/broom.helpers	available
4.5.2	broom.mixed	0.2.9.6	2025-06-04T00:45:57Z	2ed3ee9a8cb0ba844db3b4e30352d638	/workspace/rst/cache_4_5/library/broom.mixed/0.2.9.6/2ed3ee9a8cb0ba844db3b4e30352d638/broom.mixed	available
4.5.2	brotli	1.3.2	2025-06-04T00:46:08Z	f1b272ad6277da47bbbabb44d0266aec	/workspace/rst/cache_4_5/library/brotli/1.3.2/f1b272ad6277da47bbbabb44d0266aec/brotli	available
4.5.2	bs4Dash	2.3.5	2025-12-06T20:45:36Z	45f127fd97dd56722a244aa449b8f6aa	/workspace/rst/cache_4_5/library/bs4Dash/2.3.5/45f127fd97dd56722a244aa449b8f6aa/bs4Dash	available
4.5.2	bsicons	0.1.2	2025-06-04T00:46:37Z	b28aa621624bb5a2d778df02382775f2	/workspace/rst/cache_4_5/library/bsicons/0.1.2/b28aa621624bb5a2d778df02382775f2/bsicons	available
4.5.2	bslib	0.9.0	2025-06-03T15:43:42Z	8a0033fc4dbeae3a6b0b4486b96f1d4d	/workspace/rst/cache_4_5/library/bslib/0.9.0/8a0033fc4dbeae3a6b0b4486b96f1d4d/bslib	available
4.5.2	bssm	2.0.3	2025-12-06T20:45:37Z	1d8025e0cd1d6056410bd99aff4f831b	/workspace/rst/cache_4_5/library/bssm/2.0.3/1d8025e0cd1d6056410bd99aff4f831b/bssm	available
4.5.2	bst	0.3.24	2025-06-04T00:47:02Z	822a2553d9334db4d6cdab2bd5867c2f	/workspace/rst/cache_4_5/library/bst/0.3-24/822a2553d9334db4d6cdab2bd5867c2f/bst	available
4.5.2	btergm	1.11.1	2025-06-04T00:47:16Z	2d9dd9bb17d634cd42791c7b063b02ad	/workspace/rst/cache_4_5/library/btergm/1.11.1/2d9dd9bb17d634cd42791c7b063b02ad/btergm	available
4.5.2	butcher	0.4.0	2025-12-11T07:12:00Z	ef9a2a31e478efcd411a7c8cab1d0f37	/workspace/rst/cache_4_5/library/butcher/0.4.0/ef9a2a31e478efcd411a7c8cab1d0f37/butcher	available
4.5.2	bvls	1.4	2025-06-04T00:47:29Z	2b55c413412e4b759863fbccff9bae8b	/workspace/rst/cache_4_5/library/bvls/1.4/2b55c413412e4b759863fbccff9bae8b/bvls	available
4.5.2	c3net	1.1.1.1	2025-10-31T10:22:01Z	9b82e92ffcb5f6bcbce8a05ec9937811	/workspace/rst/cache_4_5/library/c3net/1.1.1.1/9b82e92ffcb5f6bcbce8a05ec9937811/c3net	available
4.5.2	cAIC4	1.1	2025-06-04T00:47:41Z	a114122e51681d122f8f2583f7c80913	/workspace/rst/cache_4_5/library/cAIC4/1.1/a114122e51681d122f8f2583f7c80913/cAIC4	available
4.5.2	cSEM	0.7.1	2026-09-10T06:20:29Z	ba5f7f7859583ab122b005e1f21c8e55	/workspace/rst/cache_4_5/library/cSEM/0.7.1/ba5f7f7859583ab122b005e1f21c8e55/cSEM	available
4.5.2	ca	0.72	2026-09-15T06:19:39Z	1aacd4da5777f67d2f61ebe1c506764e	/workspace/rst/cache_4_5/library/ca/0.72/1aacd4da5777f67d2f61ebe1c506764e/ca	available
4.5.2	caTools	1.18.4	2026-07-22T06:18:43Z	31755310b5091a6f1490ccba26c8bc4c	/workspace/rst/cache_4_5/library/caTools/1.18.4/31755310b5091a6f1490ccba26c8bc4c/caTools	available
4.5.2	cachem	1.1.0	2025-06-03T15:43:46Z	ea1cc49bfd6ff52c505228e48b70537e	/workspace/rst/cache_4_5/library/cachem/1.1.0/ea1cc49bfd6ff52c505228e48b70537e/cachem	available
4.5.2	calculus	1.1.0	2025-12-15T20:16:03Z	a572e0186c74e2d4becef2b02a0a1c3f	/workspace/rst/cache_4_5/library/calculus/1.1.0/a572e0186c74e2d4becef2b02a0a1c3f/calculus	available
4.5.2	calibrate	1.7.7	2025-06-04T00:48:04Z	70c9e70b4770b1016e3a0bc4b93746e5	/workspace/rst/cache_4_5/library/calibrate/1.7.7/70c9e70b4770b1016e3a0bc4b93746e5/calibrate	available
4.5.2	calibrator	1.2.9	2026-09-15T06:19:39Z	b10f76389c576f3fd93d28dc07d8aed3	/workspace/rst/cache_4_5/library/calibrator/1.2-9/b10f76389c576f3fd93d28dc07d8aed3/calibrator	available
4.5.2	callr	3.8.0	2026-06-06T06:10:56Z	8ef576f64a9aafa3563d1073ea5c8031	/workspace/rst/cache_4_5/library/callr/3.8.0/8ef576f64a9aafa3563d1073ea5c8031/callr	available
4.5.2	candisc	1.1.1	2026-06-06T06:10:56Z	700a65f02155d00c4f68b0e82bd0bffc	/workspace/rst/cache_4_5/library/candisc/1.1.1/700a65f02155d00c4f68b0e82bd0bffc/candisc	available
4.5.2	capushe	1.1.3	2025-09-12T05:48:16Z	a5003ece3b7bc3fc36e0a2cced30fd7f	/workspace/rst/cache_4_5/library/capushe/1.1.3/a5003ece3b7bc3fc36e0a2cced30fd7f/capushe	available
4.5.2	car	3.1.5	2026-02-05T07:10:07Z	7b2ff08d7e1dd3eb2dcf6b5a1510edcf	/workspace/rst/cache_4_5/library/car/3.1-5/7b2ff08d7e1dd3eb2dcf6b5a1510edcf/car	available
4.5.2	carData	3.0.6	2026-02-01T07:02:00Z	f20caff8d8de8c131bb118528fd68813	/workspace/rst/cache_4_5/library/carData/3.0-6/f20caff8d8de8c131bb118528fd68813/carData	available
4.5.2	carSurv	1.0.0	2025-06-04T00:48:32Z	4eef6dc5cc01676506fb3bbfd3210248	/workspace/rst/cache_4_5/library/carSurv/1.0.0/4eef6dc5cc01676506fb3bbfd3210248/carSurv	available
4.5.2	cards	0.9.0	2026-08-23T06:21:23Z	2b5f560050816d5ad23767dea179dfa3	/workspace/rst/cache_4_5/library/cards/0.9.0/2b5f560050816d5ad23767dea179dfa3/cards	available
4.5.2	cardx	0.3.4	2026-07-08T06:21:25Z	91b1c367991dcf6a5e01d537ec0cbd43	/workspace/rst/cache_4_5/library/cardx/0.3.4/91b1c367991dcf6a5e01d537ec0cbd43/cardx	available
4.5.2	care	1.1.11	2025-06-04T00:48:57Z	1c78395e0dade521e7073de533de1137	/workspace/rst/cache_4_5/library/care/1.1.11/1c78395e0dade521e7073de533de1137/care	available
4.5.2	caret	7.0.1	2025-06-03T16:31:08Z	cd492d9f83218a68aa295cd627f9ad6e	/workspace/rst/cache_4_5/library/caret/7.0-1/cd492d9f83218a68aa295cd627f9ad6e/caret	available
4.5.2	carrier	0.3.0.4	2025-12-06T20:45:38Z	6411fa9a17aaa1f04e36e9ca77a0ef6f	/workspace/rst/cache_4_5/library/carrier/0.3.0.4/6411fa9a17aaa1f04e36e9ca77a0ef6f/carrier	available
4.5.2	casebase	0.10.7	2026-09-05T06:19:44Z	4086f872d8e2c7470eb3de0bab8bc25b	/workspace/rst/cache_4_5/library/casebase/0.10.7/4086f872d8e2c7470eb3de0bab8bc25b/casebase	available
4.5.2	catdata	1.2.5	2025-12-06T20:45:39Z	3774075069b9a76d11454a54a85f0dc4	/workspace/rst/cache_4_5/library/catdata/1.2.5/3774075069b9a76d11454a54a85f0dc4/catdata	available
4.5.2	causaldata	0.1.4	2025-06-04T00:49:47Z	aff598396428676057e6e2678d0e97a4	/workspace/rst/cache_4_5/library/causaldata/0.1.4/aff598396428676057e6e2678d0e97a4/causaldata	available
4.5.2	cba	0.2.25	2025-12-13T07:00:01Z	4aaf6084c71484b7f78f364c638d0336	/workspace/rst/cache_4_5/library/cba/0.2-25/4aaf6084c71484b7f78f364c638d0336/cba	available
4.5.2	cccd	1.6	2025-06-04T00:49:58Z	34a008344986d9733c9063612e1cb7c3	/workspace/rst/cache_4_5/library/cccd/1.6/34a008344986d9733c9063612e1cb7c3/cccd	available
4.5.2	cccp	0.3.3	2025-12-06T20:45:39Z	482820f210e9081f2c355fd04056f474	/workspace/rst/cache_4_5/library/cccp/0.3-3/482820f210e9081f2c355fd04056f474/cccp	available
4.5.2	cd34.scRNAseq.datapkg	0.0.0.9000	2026-06-29T14:39:07Z	ad2102685a3521b0bf4c3145a47b31f4	/workspace/rst/cache_4_5/library/cd34.scRNAseq.datapkg/0.0.0.9000/ad2102685a3521b0bf4c3145a47b31f4/cd34.scRNAseq.datapkg	available
4.5.2	cellWise	2.5.7	2026-03-01T07:09:00Z	e1425749ae6a49dc63f00516f4bad7b1	/workspace/rst/cache_4_5/library/cellWise/2.5.7/e1425749ae6a49dc63f00516f4bad7b1/cellWise	available
4.5.2	celldex	1.20.0	2025-11-06T07:52:41Z	66585c801520a841b4d752457992d5b4	/workspace/rst/cache_4_5/library/celldex/1.20.0/66585c801520a841b4d752457992d5b4/celldex	available
4.5.2	cellranger	1.1.0	2025-06-03T15:43:47Z	ebaad5e83d6672b3311bdb4d87420e53	/workspace/rst/cache_4_5/library/cellranger/1.1.0/ebaad5e83d6672b3311bdb4d87420e53/cellranger	available
4.5.2	cem	1.1.31	2025-06-04T00:51:06Z	0949eeeb48375e7216cb19fd5d17ffd2	/workspace/rst/cache_4_5/library/cem/1.1.31/0949eeeb48375e7216cb19fd5d17ffd2/cem	available
4.5.2	censReg	0.5.38	2025-06-04T00:51:19Z	4690b736a72315530314497c72978473	/workspace/rst/cache_4_5/library/censReg/0.5-38/4690b736a72315530314497c72978473/censReg	available
4.5.2	censored	0.3.5	2026-09-10T06:20:29Z	28651ccf1fd9852ccdc92726be3466e1	/workspace/rst/cache_4_5/library/censored/0.3.5/28651ccf1fd9852ccdc92726be3466e1/censored	available
4.5.2	cgam	1.32	2026-03-08T07:11:03Z	17e7c41778ecaf010319e33ecf1a6661	/workspace/rst/cache_4_5/library/cgam/1.32/17e7c41778ecaf010319e33ecf1a6661/cgam	available
4.5.2	chandwich	1.1.6	2025-06-04T00:51:58Z	534596b4d8bfd26c3352d8d2ff75321a	/workspace/rst/cache_4_5/library/chandwich/1.1.6/534596b4d8bfd26c3352d8d2ff75321a/chandwich	available
4.5.2	changepoint	2.3	2025-06-03T21:05:17Z	a76f82f80f9dfb0372c69a76a65d6b66	/workspace/rst/cache_4_5/library/changepoint/2.3/a76f82f80f9dfb0372c69a76a65d6b66/changepoint	available
4.5.2	checkhelper	1.0.1	2026-08-21T06:19:35Z	ea73cb95548769062497a6f9046d4ab3	/workspace/rst/cache_4_5/library/checkhelper/1.0.1/ea73cb95548769062497a6f9046d4ab3/checkhelper	available
4.5.2	checkmate	2.3.4	2026-02-05T07:10:07Z	28cccba3f0f40dba70ff8bdadf6f87ca	/workspace/rst/cache_4_5/library/checkmate/2.3.4/28cccba3f0f40dba70ff8bdadf6f87ca/checkmate	available
4.5.2	chemo.induced.myelotoxicity.datapkg	0.0.0.9002	2026-02-18T16:02:02Z	f96abae6a4d69dea5bb7f37e5ae85ad1	/workspace/rst/cache_4_5/library/chemo.induced.myelotoxicity.datapkg/0.0.0.9002/f96abae6a4d69dea5bb7f37e5ae85ad1/chemo.induced.myelotoxicity.datapkg	available
4.5.2	chemometrics	1.4.4	2025-06-04T00:52:11Z	d9acd0086f4c01311f47d900aab7d39f	/workspace/rst/cache_4_5/library/chemometrics/1.4.4/d9acd0086f4c01311f47d900aab7d39f/chemometrics	available
4.5.2	chihaya	1.9.0	2025-10-31T10:22:02Z	39fc8d125e3d1b5c180b3e49c73b96a3	/workspace/rst/cache_4_5/library/chihaya/1.9.0/39fc8d125e3d1b5c180b3e49c73b96a3/chihaya	available
4.5.2	chipseq	1.60.0	2025-11-05T09:51:06Z	6d13e1976d92e7f371a76eaf8d454cfc	/workspace/rst/cache_4_5/library/chipseq/1.60.0/6d13e1976d92e7f371a76eaf8d454cfc/chipseq	available
4.5.2	chk	0.11.0	2026-09-05T06:19:45Z	d4dcbf1b224205758f1858a451f65cc3	/workspace/rst/cache_4_5/library/chk/0.11.0/d4dcbf1b224205758f1858a451f65cc3/chk	available
4.5.2	chromVAR	1.32.0	2025-11-05T09:51:07Z	4a0764513096fd303dee5e311e97bd52	/workspace/rst/cache_4_5/library/chromVAR/1.32.0/4a0764513096fd303dee5e311e97bd52/chromVAR	available
4.5.2	chromote	0.5.1	2025-06-04T00:55:00Z	c14d89756def28f6783c704d041a8700	/workspace/rst/cache_4_5/library/chromote/0.5.1/c14d89756def28f6783c704d041a8700/chromote	available
4.5.2	chron	2.3.63	2026-07-17T06:13:00Z	aef02e439f259436f4440068dc51b641	/workspace/rst/cache_4_5/library/chron/2.3-63/aef02e439f259436f4440068dc51b641/chron	available
4.5.2	cicero	1.28.3	2026-03-24T06:27:26Z	08902a5c25f6bd4002fc47ef13441334	/workspace/rst/cache_4_5/library/cicero/1.28.3/08902a5c25f6bd4002fc47ef13441334/cicero	available
4.5.2	cigarillo	1.0.0	2026-02-24T15:25:57Z	80706ad33aeb636d1d81ac4b85d62025	/workspace/rst/cache_4_5/library/cigarillo/1.0.0/80706ad33aeb636d1d81ac4b85d62025/cigarillo	available
4.5.2	circlize	0.4.18	2026-04-06T06:09:08Z	461567ed8c3ee5aa8535201c1e4e5e7b	/workspace/rst/cache_4_5/library/circlize/0.4.18/461567ed8c3ee5aa8535201c1e4e5e7b/circlize	available
4.5.2	circular	0.5.2	2026-08-25T06:19:59Z	acd3d9ce8e9fecbd7084f0bc8dcb6f10	/workspace/rst/cache_4_5/library/circular/0.5-2/acd3d9ce8e9fecbd7084f0bc8dcb6f10/circular	available
4.5.2	cisTopic	0.3.0	2025-06-04T14:32:13Z	63b3aad17b8fd76a6b1926e58be10e35	/workspace/rst/cache_4_5/library/cisTopic/0.3.0/63b3aad17b8fd76a6b1926e58be10e35/cisTopic	available
4.5.2	cjoint	2.1.3	2026-05-21T06:15:16Z	2b8b4c24e833e3ffee4e8ace41e8f912	/workspace/rst/cache_4_5/library/cjoint/2.1.3/2b8b4c24e833e3ffee4e8ace41e8f912/cjoint	available
4.5.2	clarabel	0.11.3	2026-08-25T06:20:00Z	308bf1c9d92113fae6ff60708ad4ad91	/workspace/rst/cache_4_5/library/clarabel/0.11.3/308bf1c9d92113fae6ff60708ad4ad91/clarabel	available
4.5.2	clarify	0.2.3	2026-06-10T06:10:03Z	1f3d76b2fd51a5267b3a0982b896a79b	/workspace/rst/cache_4_5/library/clarify/0.2.3/1f3d76b2fd51a5267b3a0982b896a79b/clarify	available
4.5.2	class	7.3.24	2026-08-05T06:20:59Z	e01529635964c8cd002887e974dce959	/workspace/rst/cache_4_5/library/class/7.3-24/e01529635964c8cd002887e974dce959/class	available
4.5.2	classGraph	0.7.7	2025-12-20T07:07:46Z	d35de2c334219ebef9a4a4dab27f3dfb	/workspace/rst/cache_4_5/library/classGraph/0.7-7/d35de2c334219ebef9a4a4dab27f3dfb/classGraph	available
4.5.2	classInt	0.4.11	2025-06-03T15:43:48Z	b48b13e647805e293439123a88cd8669	/workspace/rst/cache_4_5/library/classInt/0.4-11/b48b13e647805e293439123a88cd8669/classInt	available
4.5.2	cleanrmd	0.1.1	2025-06-04T00:57:17Z	9726e6eee1ae8b82ea2c307f4a5f3120	/workspace/rst/cache_4_5/library/cleanrmd/0.1.1/9726e6eee1ae8b82ea2c307f4a5f3120/cleanrmd	available
4.5.2	cli	3.6.6	2026-04-11T06:28:42Z	d2b9d63f39a6e774c2920e316230ff54	/workspace/rst/cache_4_5/library/cli/3.6.6/d2b9d63f39a6e774c2920e316230ff54/cli	available
4.5.2	clinfun	1.1.6	2026-08-31T06:23:16Z	59a0ccc0cbf0a25cf751b4c27c8003f9	/workspace/rst/cache_4_5/library/clinfun/1.1.6/59a0ccc0cbf0a25cf751b4c27c8003f9/clinfun	available
4.5.2	clipper	1.50.0	2025-11-05T09:51:08Z	82d3e4358a7215b3b84c3b48ac6f82cc	/workspace/rst/cache_4_5/library/clipper/1.50.0/82d3e4358a7215b3b84c3b48ac6f82cc/clipper	available
4.5.2	clipr	0.8.1	2026-05-27T06:21:55Z	cb0da8734dae1142a1bf0f8d99b9f9c8	/workspace/rst/cache_4_5/library/clipr/0.8.1/cb0da8734dae1142a1bf0f8d99b9f9c8/clipr	available
4.5.2	clisymbols	1.2.0	2025-06-03T19:58:41Z	16b4a186e740574ed5a1ce2e080c2a7f	/workspace/rst/cache_4_5/library/clisymbols/1.2.0/16b4a186e740574ed5a1ce2e080c2a7f/clisymbols	available
4.5.2	cll.scrnaseq.datapkg	1.1.2	2026-01-08T15:07:46Z	ddfc2c049465e2eea95599b468c287d2	/workspace/rst/cache_4_5/library/cll.scrnaseq.datapkg/1.1.2/ddfc2c049465e2eea95599b468c287d2/cll.scrnaseq.datapkg	available
4.5.2	clock	0.7.4	2026-02-19T22:36:46Z	da3df54daad8db154b950d8a03b98a6d	/workspace/rst/cache_4_5/library/clock/0.7.4/da3df54daad8db154b950d8a03b98a6d/clock	available
4.5.2	clubSandwich	0.7.0	2026-05-06T06:24:29Z	bb02b3830fe1287b5b66048690c43583	/workspace/rst/cache_4_5/library/clubSandwich/0.7.0/bb02b3830fe1287b5b66048690c43583/clubSandwich	available
4.5.2	clue	0.3.68	2026-03-28T06:29:16Z	ad3ba073c3ed6e5f41a7a267aa08ec78	/workspace/rst/cache_4_5/library/clue/0.3-68/ad3ba073c3ed6e5f41a7a267aa08ec78/clue	available
4.5.2	clustMixType	0.5.2	2026-07-01T06:09:57Z	6a9e0f13607b9c23623f63cd2023e884	/workspace/rst/cache_4_5/library/clustMixType/0.5-2/6a9e0f13607b9c23623f63cd2023e884/clustMixType	available
4.5.2	cluster	2.1.8.3	2026-08-01T06:51:55Z	0bc3b97c59eb6b7b7126da338995328f	/workspace/rst/cache_4_5/library/cluster/2.1.8.3/0bc3b97c59eb6b7b7126da338995328f/cluster	available
4.5.2	clusterCrit	1.3.0	2026-06-13T06:15:43Z	8bae0889a9082a0a1ab133f67a43a7e0	/workspace/rst/cache_4_5/library/clusterCrit/1.3.0/8bae0889a9082a0a1ab133f67a43a7e0/clusterCrit	available
4.5.2	clusterExperiment	2.30.0	2026-06-13T06:15:44Z	a32ae5e16e11d490c0d49495fe97f815	/workspace/rst/cache_4_5/library/clusterExperiment/2.30.0/a32ae5e16e11d490c0d49495fe97f815/clusterExperiment	available
4.5.2	clusterGeneration	1.3.8	2025-06-04T00:57:56Z	5194e7a5b50c4abd52a75a1a102c2ed1	/workspace/rst/cache_4_5/library/clusterGeneration/1.3.8/5194e7a5b50c4abd52a75a1a102c2ed1/clusterGeneration	available
4.5.2	clusterProfiler	4.18.4	2025-12-20T07:07:46Z	4883a1bf23667f2ed74766495118f32c	/workspace/rst/cache_4_5/library/clusterProfiler/4.18.4/4883a1bf23667f2ed74766495118f32c/clusterProfiler	available
4.5.2	clusterSim	0.51.6	2026-01-21T07:12:28Z	282060e0fcc8f6c8634e1f98c50d8ee6	/workspace/rst/cache_4_5/library/clusterSim/0.51-6/282060e0fcc8f6c8634e1f98c50d8ee6/clusterSim	available
4.5.2	clustermq	0.9.9	2025-06-04T00:58:55Z	056a183a551fb023186f05b1666d8977	/workspace/rst/cache_4_5/library/clustermq/0.9.9/056a183a551fb023186f05b1666d8977/clustermq	available
4.5.2	cmaes	1.0.12	2025-06-04T00:59:08Z	a06e5f75ff208d65f945086efff4a71c	/workspace/rst/cache_4_5/library/cmaes/1.0-12/a06e5f75ff208d65f945086efff4a71c/cmaes	available
4.5.2	cmaesr	1.0.3	2026-03-03T07:08:25Z	29e4ec941b2159a248fa8c8d5f5aef09	/workspace/rst/cache_4_5/library/cmaesr/1.0.3/29e4ec941b2159a248fa8c8d5f5aef09/cmaesr	available
4.5.2	cmm	1.0	2025-06-12T05:37:09Z	b1e957330892ac1aaa066c056b766749	/workspace/rst/cache_4_5/library/cmm/1.0/b1e957330892ac1aaa066c056b766749/cmm	available
4.5.2	cmprsk	2.2.12	2025-06-03T19:29:00Z	8afe08950e9f717f9200bd401a488053	/workspace/rst/cache_4_5/library/cmprsk/2.2-12/8afe08950e9f717f9200bd401a488053/cmprsk	available
4.5.2	coRanking	0.2.5	2025-06-04T00:59:20Z	e17ac1bf5cf3ddcc7f496e99c770cf84	/workspace/rst/cache_4_5/library/coRanking/0.2.5/e17ac1bf5cf3ddcc7f496e99c770cf84/coRanking	available
4.5.2	cobalt	5.0.0	2026-08-27T06:17:32Z	a98edfeab5413801021cf73ee86839fc	/workspace/rst/cache_4_5/library/cobalt/5.0.0/a98edfeab5413801021cf73ee86839fc/cobalt	available
4.5.2	cobs	1.3.9.1	2025-12-06T20:45:41Z	95d5626a679c7fe84d82fc233840ece8	/workspace/rst/cache_4_5/library/cobs/1.3-9-1/95d5626a679c7fe84d82fc233840ece8/cobs	available
4.5.2	cocor	1.1.4	2025-06-04T00:59:46Z	079130bab8c76f9282be0abae2aea00c	/workspace/rst/cache_4_5/library/cocor/1.1-4/079130bab8c76f9282be0abae2aea00c/cocor	available
4.5.2	coda	0.19.4.1	2025-06-03T17:13:05Z	60105b5b2708b8a0299b2e7901ecfd9b	/workspace/rst/cache_4_5/library/coda/0.19-4.1/60105b5b2708b8a0299b2e7901ecfd9b/coda	available
4.5.2	codetools	0.2.20	2025-06-03T15:43:49Z	a79a79a9060e26f98b8e7474878139f7	/workspace/rst/cache_4_5/library/codetools/0.2-20/a79a79a9060e26f98b8e7474878139f7/codetools	available
4.5.2	codingMatrices	0.4.0	2025-06-12T05:37:09Z	8c768806d3090a81c99411a1f029c2d1	/workspace/rst/cache_4_5/library/codingMatrices/0.4.0/8c768806d3090a81c99411a1f029c2d1/codingMatrices	available
4.5.2	coin	1.4.5	2026-07-12T06:11:20Z	2a77373defa9b195a552513c3a2509eb	/workspace/rst/cache_4_5/library/coin/1.4-5/2a77373defa9b195a552513c3a2509eb/coin	available
4.5.2	cola	2.16.1	2026-02-07T07:04:35Z	1983edf6d688ec3218cee29cf5f3ab2c	/workspace/rst/cache_4_5/library/cola/2.16.1/1983edf6d688ec3218cee29cf5f3ab2c/cola	available
4.5.2	collapse	2.1.8	2026-09-01T06:18:06Z	1c08ab8d1d89e19da4ea1dbf29a9561e	/workspace/rst/cache_4_5/library/collapse/2.1.8/1c08ab8d1d89e19da4ea1dbf29a9561e/collapse	available
4.5.2	collections	0.3.9	2025-12-06T20:45:42Z	626f4340384f289ebcabd3a7565bd5e2	/workspace/rst/cache_4_5/library/collections/0.3.9/626f4340384f289ebcabd3a7565bd5e2/collections	available
4.5.2	colorRamps	2.3.4	2026-04-02T18:50:14Z	c882f8d3514bf952e3599e3783a2f959	/workspace/rst/cache_4_5/library/colorRamps/2.3.4/c882f8d3514bf952e3599e3783a2f959/colorRamps	available
4.5.2	colorblindcheck	1.0.4	2025-10-11T05:55:11Z	60923e8b11c045f8602cd4b34a4b4a76	/workspace/rst/cache_4_5/library/colorblindcheck/1.0.4/60923e8b11c045f8602cd4b34a4b4a76/colorblindcheck	available
4.5.2	colorspace	2.1.3	2026-07-14T06:13:31Z	9395650a26b3f50427119352c27812fd	/workspace/rst/cache_4_5/library/colorspace/2.1-3/9395650a26b3f50427119352c27812fd/colorspace	available
4.5.2	colourpicker	1.3.0	2025-06-03T19:38:37Z	5d8fd73c8a46415be754ae34eaea8992	/workspace/rst/cache_4_5/library/colourpicker/1.3.0/5d8fd73c8a46415be754ae34eaea8992/colourpicker	available
4.5.2	colourvalues	0.3.9	2025-06-04T01:00:54Z	055fa069250769a2c8d29611fa4f9e64	/workspace/rst/cache_4_5/library/colourvalues/0.3.9/055fa069250769a2c8d29611fa4f9e64/colourvalues	available
4.5.2	cols4all	0.9	2025-08-30T07:49:28Z	a6e0a385f3cda4b2d8d5a731bec271e7	/workspace/rst/cache_4_5/library/cols4all/0.9/a6e0a385f3cda4b2d8d5a731bec271e7/cols4all	available
4.5.2	combinat	0.0.9	2026-09-16T06:21:44Z	31e806a22094b2b362ee8e9538549f54	/workspace/rst/cache_4_5/library/combinat/0.0-9/31e806a22094b2b362ee8e9538549f54/combinat	available
4.5.2	commonmark	2.0.0	2025-12-24T15:06:10Z	114867aab6ec859a160877871952fdb5	/workspace/rst/cache_4_5/library/commonmark/2.0.0/114867aab6ec859a160877871952fdb5/commonmark	available
4.5.2	compiler	4.5.0	2025-06-03T15:43:49Z	f13959d1ef0c32e51b3750a8e2e8f3b3	/workspace/rst/cache_4_5/library/compiler/4.5.0/f13959d1ef0c32e51b3750a8e2e8f3b3/compiler	base
4.5.2	compositions	2.0.9	2025-12-06T20:45:44Z	524cfdac6c1fc62e5025b9953836482c	/workspace/rst/cache_4_5/library/compositions/2.0-9/524cfdac6c1fc62e5025b9953836482c/compositions	available
4.5.2	compute.es	0.2.6	2026-01-15T07:09:12Z	d580745486d5213123f70994e3e8e0cf	/workspace/rst/cache_4_5/library/compute.es/0.2-6/d580745486d5213123f70994e3e8e0cf/compute.es	available
4.5.2	concaveman	1.2.0	2025-12-06T20:45:44Z	f7e332722488c8be8c87d98a005cdc4d	/workspace/rst/cache_4_5/library/concaveman/1.2.0/f7e332722488c8be8c87d98a005cdc4d/concaveman	available
4.5.2	coneproj	1.23	2026-01-11T06:55:00Z	dad662a34543c492eb084c69096afab7	/workspace/rst/cache_4_5/library/coneproj/1.23/dad662a34543c492eb084c69096afab7/coneproj	available
4.5.2	conf.design	2.0.0	2025-06-03T18:33:38Z	e052c488657165c3b36211aa7067006a	/workspace/rst/cache_4_5/library/conf.design/2.0.0/e052c488657165c3b36211aa7067006a/conf.design	available
4.5.2	config	0.3.2	2025-06-04T01:01:46Z	2d9ff2504a5212b27d7d1d7b8af235ac	/workspace/rst/cache_4_5/library/config/0.3.2/2d9ff2504a5212b27d7d1d7b8af235ac/config	available
4.5.2	confintROB	1.1.1	2026-01-31T07:04:40Z	783dbe2f91e3b39904b30e416d0f9657	/workspace/rst/cache_4_5/library/confintROB/1.1-1/783dbe2f91e3b39904b30e416d0f9657/confintROB	available
4.5.2	confintr	1.0.2	2025-06-04T01:01:58Z	64fc353f54f930d623329dfd0a872c09	/workspace/rst/cache_4_5/library/confintr/1.0.2/64fc353f54f930d623329dfd0a872c09/confintr	available
4.5.2	conflicted	1.2.0	2025-06-04T01:02:10Z	c35b268ec46b85d6444aada412516cd7	/workspace/rst/cache_4_5/library/conflicted/1.2.0/c35b268ec46b85d6444aada412516cd7/conflicted	available
4.5.2	connectcreds	0.2.0	2026-03-04T07:04:35Z	c70cc8d3d6b9d34e6a30b892ca85f8a2	/workspace/rst/cache_4_5/library/connectcreds/0.2.0/c70cc8d3d6b9d34e6a30b892ca85f8a2/connectcreds	available
4.5.2	conquer	1.3.3	2025-06-04T01:02:33Z	85a7844ff437c69bc4366dc2cc9d1762	/workspace/rst/cache_4_5/library/conquer/1.3.3/85a7844ff437c69bc4366dc2cc9d1762/conquer	available
4.5.2	constructive	1.3.0	2025-12-06T20:45:45Z	034a84a9c7d034a6b94419f5fb5dfe08	/workspace/rst/cache_4_5/library/constructive/1.3.0/034a84a9c7d034a6b94419f5fb5dfe08/constructive	available
4.5.2	contfrac	1.1.12	2025-06-03T17:16:05Z	aad2810025bbd45b9f9a85c5dda47e52	/workspace/rst/cache_4_5/library/contfrac/1.1-12/aad2810025bbd45b9f9a85c5dda47e52/contfrac	available
4.5.2	convert2anndata	0.2.0	2025-06-04T15:11:03Z	d26c545469193dedcea6aa8a7670d4ce	/workspace/rst/cache_4_5/library/convert2anndata/0.2.0/d26c545469193dedcea6aa8a7670d4ce/convert2anndata	available
4.5.2	copula	1.1.7	2026-02-22T07:08:42Z	cb16265146de9e3d7be911f9b30c6ded	/workspace/rst/cache_4_5/library/copula/1.1-7/cb16265146de9e3d7be911f9b30c6ded/copula	available
4.5.2	coro	1.1.0	2025-06-04T01:02:58Z	2249117cb79ba88d4f5e0acb9f6e5b28	/workspace/rst/cache_4_5/library/coro/1.1.0/2249117cb79ba88d4f5e0acb9f6e5b28/coro	available
4.5.2	corpcor	1.6.10	2025-06-03T19:00:51Z	04712105bd5b405e038702f6b7c45c48	/workspace/rst/cache_4_5/library/corpcor/1.6.10/04712105bd5b405e038702f6b7c45c48/corpcor	available
4.5.2	correlation	0.8.8	2025-12-06T20:45:45Z	14fdc9fd231f1dc018a1bfbe8f9fbb3e	/workspace/rst/cache_4_5/library/correlation/0.8.8/14fdc9fd231f1dc018a1bfbe8f9fbb3e/correlation	available
4.5.2	corrgram	1.16	2026-09-04T06:18:44Z	c0bea74d748f46df93203f453f9649a8	/workspace/rst/cache_4_5/library/corrgram/1.16/c0bea74d748f46df93203f453f9649a8/corrgram	available
4.5.2	corrplot	0.95	2025-06-03T17:48:25Z	ee3c9cbada6bbbd3b6209fa0788b4928	/workspace/rst/cache_4_5/library/corrplot/0.95/ee3c9cbada6bbbd3b6209fa0788b4928/corrplot	available
4.5.2	corrr	0.4.5	2025-12-06T20:45:45Z	e78af3717f6a2ee660bda95dd4ec8818	/workspace/rst/cache_4_5/library/corrr/0.4.5/e78af3717f6a2ee660bda95dd4ec8818/corrr	available
4.5.2	cotram	0.6.1	2026-06-11T06:07:36Z	4be63f821be1e8722fdf5ad6bbe75810	/workspace/rst/cache_4_5/library/cotram/0.6-1/4be63f821be1e8722fdf5ad6bbe75810/cotram	available
4.5.2	countrycode	1.9.0	2026-08-22T06:22:24Z	b7e20a380201f2b3ba34415877f9dc50	/workspace/rst/cache_4_5/library/countrycode/1.9.0/b7e20a380201f2b3ba34415877f9dc50/countrycode	available
4.5.2	countsimQC	1.28.1	2026-02-14T07:09:15Z	93e12c065c6db68fa7202c93f6812fd1	/workspace/rst/cache_4_5/library/countsimQC/1.28.1/93e12c065c6db68fa7202c93f6812fd1/countsimQC	available
4.5.2	covr	3.6.5	2025-12-06T20:45:46Z	d1e0eab806c9c172c62fee6fbd895a85	/workspace/rst/cache_4_5/library/covr/3.6.5/d1e0eab806c9c172c62fee6fbd895a85/covr	available
4.5.2	cowplot	1.2.0	2025-12-24T15:06:10Z	60a2e1fa613aef993cdb9aa9abe9d9f7	/workspace/rst/cache_4_5/library/cowplot/1.2.0/60a2e1fa613aef993cdb9aa9abe9d9f7/cowplot	available
4.5.2	cowsay	1.2.2	2025-12-06T20:45:46Z	3b2ae3bcb887a87fad6ffcfd1d2be79d	/workspace/rst/cache_4_5/library/cowsay/1.2.2/3b2ae3bcb887a87fad6ffcfd1d2be79d/cowsay	available
4.5.2	coxme	2.2.22	2025-06-04T01:04:35Z	173620cd67afc9d85a3f7f6ab9fdd9da	/workspace/rst/cache_4_5/library/coxme/2.2-22/173620cd67afc9d85a3f7f6ab9fdd9da/coxme	available
4.5.2	cplm	0.7.12.1	2025-06-04T01:04:47Z	3a1e0274cde01d4c9c6bf1d4b62cdcf4	/workspace/rst/cache_4_5/library/cplm/0.7-12.1/3a1e0274cde01d4c9c6bf1d4b62cdcf4/cplm	available
4.5.2	cpm	2.3	2025-06-03T21:05:17Z	a3f827920bdadce6eb123831e1e548d5	/workspace/rst/cache_4_5/library/cpm/2.3/a3f827920bdadce6eb123831e1e548d5/cpm	available
4.5.2	cpp11	0.5.5	2026-05-08T06:38:33Z	dadfc009c8770647066e91f1f752af61	/workspace/rst/cache_4_5/library/cpp11/0.5.5/dadfc009c8770647066e91f1f752af61/cpp11	available
4.5.2	cpp11bigwig	0.3.1	2026-06-28T06:11:51Z	dc84f41da6af14d6ffaa0e54cdfc7504	/workspace/rst/cache_4_5/library/cpp11bigwig/0.3.1/dc84f41da6af14d6ffaa0e54cdfc7504/cpp11bigwig	available
4.5.2	cranlogs	2.1.1	2026-05-26T06:15:08Z	ddfab762190965dfe94fbc632ce821f0	/workspace/rst/cache_4_5/library/cranlogs/2.1.1/ddfab762190965dfe94fbc632ce821f0/cranlogs	available
4.5.2	crayon	1.5.3	2025-06-03T15:43:50Z	30436a0e238c4b23b5d30d3c855d67c0	/workspace/rst/cache_4_5/library/crayon/1.5.3/30436a0e238c4b23b5d30d3c855d67c0/crayon	available
4.5.2	crch	1.2.3	2026-08-29T06:17:01Z	8e9a6852a1071dc68cf2e14f98be3c50	/workspace/rst/cache_4_5/library/crch/1.2-3/8e9a6852a1071dc68cf2e14f98be3c50/crch	available
4.5.2	credentials	2.0.3	2025-12-24T15:06:11Z	04fbb574323b2a93f9cd17b96dbba566	/workspace/rst/cache_4_5/library/credentials/2.0.3/04fbb574323b2a93f9cd17b96dbba566/credentials	available
4.5.2	crew	1.3.3	2026-09-06T06:25:26Z	41f91da41705d5bd949ea133f0b072a2	/workspace/rst/cache_4_5/library/crew/1.3.3/41f91da41705d5bd949ea133f0b072a2/crew	available
4.5.2	crmReg	1.0.4	2026-09-04T06:18:45Z	2a184a9837a237ccbcc5359236641cc5	/workspace/rst/cache_4_5/library/crmReg/1.0.4/2a184a9837a237ccbcc5359236641cc5/crmReg	available
4.5.2	crop	0.0.3	2025-06-04T01:05:53Z	60492f3af6db034bfaf4ff095c30f99e	/workspace/rst/cache_4_5/library/crop/0.0-3/60492f3af6db034bfaf4ff095c30f99e/crop	available
4.5.2	crossnma	1.3.1	2026-06-21T06:16:37Z	5f4be0388e08497b6106e27ebb9196c7	/workspace/rst/cache_4_5/library/crossnma/1.3.1/5f4be0388e08497b6106e27ebb9196c7/crossnma	available
4.5.2	crosstalk	1.2.2	2025-12-24T15:06:11Z	56486d64ae0beeab6045ad5d231157cc	/workspace/rst/cache_4_5/library/crosstalk/1.2.2/56486d64ae0beeab6045ad5d231157cc/crosstalk	available
4.5.2	crossval	1.0.5	2025-06-04T01:06:20Z	1582755bfdde1c13790b1be47a915d16	/workspace/rst/cache_4_5/library/crossval/1.0.5/1582755bfdde1c13790b1be47a915d16/crossval	available
4.5.2	crs	0.15.46	2026-08-21T06:19:35Z	91d9760e6954c31b11b1c8eaf25d7c8a	/workspace/rst/cache_4_5/library/crs/0.15-46/91d9760e6954c31b11b1c8eaf25d7c8a/crs	available
4.5.2	crsmeta	0.3.0	2025-06-04T01:06:44Z	b170a2863ace81e3654e4a8fb4b77a3e	/workspace/rst/cache_4_5/library/crsmeta/0.3.0/b170a2863ace81e3654e4a8fb4b77a3e/crsmeta	available
4.5.2	crul	1.6.0	2025-12-06T20:45:48Z	cc20baacab65fe1954730f0d9b944419	/workspace/rst/cache_4_5/library/crul/1.6.0/cc20baacab65fe1954730f0d9b944419/crul	available
4.5.2	csaw	1.44.0	2025-11-05T09:51:09Z	83e8c49cfaec83a39dec782a396a9e26	/workspace/rst/cache_4_5/library/csaw/1.44.0/83e8c49cfaec83a39dec782a396a9e26/csaw	available
4.5.2	cshapes	2.0	2025-06-04T01:08:58Z	2ed718ac88da0b0a71b67ff2f9915e95	/workspace/rst/cache_4_5/library/cshapes/2.0/2ed718ac88da0b0a71b67ff2f9915e95/cshapes	available
4.5.2	cubature	2.1.4.1	2025-12-15T20:16:07Z	6ecabd5ede7e49bbf2d10573ba81990a	/workspace/rst/cache_4_5/library/cubature/2.1.4-1/6ecabd5ede7e49bbf2d10573ba81990a/cubature	available
4.5.2	cubble	1.0.0	2025-06-04T01:09:15Z	0021382f43567fc9ca179911f911a2fd	/workspace/rst/cache_4_5/library/cubble/1.0.0/0021382f43567fc9ca179911f911a2fd/cubble	available
4.5.2	curl	8.0.0	2026-08-27T06:17:32Z	893dd6a60a17d92e8e102d9e26fcdaa4	/workspace/rst/cache_4_5/library/curl/8.0.0/893dd6a60a17d92e8e102d9e26fcdaa4/curl	available
4.5.2	cvAUC	1.1.4	2025-06-03T23:20:43Z	7d2d14f069a2eeb25b86752192ee7f43	/workspace/rst/cache_4_5/library/cvAUC/1.1.4/7d2d14f069a2eeb25b86752192ee7f43/cvAUC	available
4.5.2	cvTools	0.3.3	2025-09-20T05:49:20Z	d13fff86ace919a429867ec272d81a17	/workspace/rst/cache_4_5/library/cvTools/0.3.3/d13fff86ace919a429867ec272d81a17/cvTools	available
4.5.2	cvar	0.6.1	2026-08-23T06:21:23Z	67ab2c11167995afa73b3400febb2214	/workspace/rst/cache_4_5/library/cvar/0.6.1/67ab2c11167995afa73b3400febb2214/cvar	available
4.5.2	cyclocomp	1.1.2	2026-03-14T06:11:16Z	71a4971827c6d32b2c878cf75bbc19e3	/workspace/rst/cache_4_5/library/cyclocomp/1.1.2/71a4971827c6d32b2c878cf75bbc19e3/cyclocomp	available
4.5.2	cytolib	2.22.0	2025-11-05T09:51:10Z	f0ca5ae363dd53bfd23c5482cc144706	/workspace/rst/cache_4_5/library/cytolib/2.22.0/f0ca5ae363dd53bfd23c5482cc144706/cytolib	available
4.5.2	dagitty	0.3.4	2025-06-04T01:09:55Z	1451851cc460cb5afbd7992286babca8	/workspace/rst/cache_4_5/library/dagitty/0.3-4/1451851cc460cb5afbd7992286babca8/dagitty	available
4.5.2	data.table	1.18.6.1	2026-08-26T06:18:50Z	9a42a6ad7e099c3bf307056fe3e9ba6a	/workspace/rst/cache_4_5/library/data.table/1.18.6.1/9a42a6ad7e099c3bf307056fe3e9ba6a/data.table	available
4.5.2	data.tree	1.2.0	2025-12-06T20:45:49Z	2ab670f2d1b5672293ab3c6e8d5924f3	/workspace/rst/cache_4_5/library/data.tree/1.2.0/2ab670f2d1b5672293ab3c6e8d5924f3/data.tree	available
4.5.2	datascience.curriculum	0.0.0.9011	2026-01-14T07:00:18Z	29ec07d84af49eed313981622556bd17	/workspace/rst/cache_4_5/library/datascience.curriculum/0.0.0.9011/29ec07d84af49eed313981622556bd17/datascience.curriculum	available
4.5.2	datasets	4.5.0	2025-06-03T15:43:53Z	e15b2e414b68f997c237ebf1ec58f20a	/workspace/rst/cache_4_5/library/datasets/4.5.0/e15b2e414b68f997c237ebf1ec58f20a/datasets	base
4.5.2	dataverse	0.3.16	2025-11-07T07:09:59Z	22746d978d3f37facf8a86d3ec08924e	/workspace/rst/cache_4_5/library/dataverse/0.3.16/22746d978d3f37facf8a86d3ec08924e/dataverse	available
4.5.2	datawizard	1.4.0	2026-09-12T06:18:55Z	f8447b7747b3d78c3ffd84c05dfb79e3	/workspace/rst/cache_4_5/library/datawizard/1.4.0/f8447b7747b3d78c3ffd84c05dfb79e3/datawizard	available
4.5.2	date	1.2.43	2026-02-20T07:12:11Z	b1a2a9f7af868a607d147215f2b0ad05	/workspace/rst/cache_4_5/library/date/1.2-43/b1a2a9f7af868a607d147215f2b0ad05/date	available
4.5.2	dbarts	0.9.34	2026-08-23T06:21:23Z	a3cef2ea7dac871aaf7ae749ad28170c	/workspace/rst/cache_4_5/library/dbarts/0.9-34/a3cef2ea7dac871aaf7ae749ad28170c/dbarts	available
4.5.2	dbplyr	2.6.0	2026-06-19T06:07:29Z	7bcebce56030f3b1c3a15704df4a72e2	/workspace/rst/cache_4_5/library/dbplyr/2.6.0/7bcebce56030f3b1c3a15704df4a72e2/dbplyr	available
4.5.2	dbscan	1.2.6	2026-08-27T06:17:33Z	d55a20c4688adcf6c47ebb58a5f5483b	/workspace/rst/cache_4_5/library/dbscan/1.2.6/d55a20c4688adcf6c47ebb58a5f5483b/dbscan	available
4.5.2	dcurver	0.9.3	2025-12-06T20:45:50Z	90d6776e848736702f825067b0b6d2e5	/workspace/rst/cache_4_5/library/dcurver/0.9.3/90d6776e848736702f825067b0b6d2e5/dcurver	available
4.5.2	ddalpha	1.3.16	2025-06-04T01:11:12Z	2edc62cf807627428e56997d22cb8bbb	/workspace/rst/cache_4_5/library/ddalpha/1.3.16/2edc62cf807627428e56997d22cb8bbb/ddalpha	available
4.5.2	deSolve	1.42	2026-03-22T06:15:14Z	323c58f15aac01fbfefa0d5db6051b3e	/workspace/rst/cache_4_5/library/deSolve/1.42/323c58f15aac01fbfefa0d5db6051b3e/deSolve	available
4.5.2	deadwood	0.9.0.3	2026-06-13T06:15:44Z	76deb1ef794220652b9d30a3342311a6	/workspace/rst/cache_4_5/library/deadwood/0.9.0-3/76deb1ef794220652b9d30a3342311a6/deadwood	available
4.5.2	debugme	1.2.0	2025-06-04T01:11:26Z	7f7f0624945cd27d394c9e959d69803f	/workspace/rst/cache_4_5/library/debugme/1.2.0/7f7f0624945cd27d394c9e959d69803f/debugme	available
4.5.2	declared	0.27	2026-08-24T06:17:07Z	a4b21e4a2cf6c41c2fc2c012b83a83d7	/workspace/rst/cache_4_5/library/declared/0.27/a4b21e4a2cf6c41c2fc2c012b83a83d7/declared	available
4.5.2	decor	1.0.2	2025-06-04T01:11:38Z	0e98c4c69fb9b5e26341472d36888f79	/workspace/rst/cache_4_5/library/decor/1.0.2/0e98c4c69fb9b5e26341472d36888f79/decor	available
4.5.2	decoupleR	2.16.0	2026-03-14T06:11:16Z	79bc56093e843842a48b025f63147f4a	/workspace/rst/cache_4_5/library/decoupleR/2.16.0/79bc56093e843842a48b025f63147f4a/decoupleR	available
4.5.2	deepnet	0.2.1	2025-06-04T01:11:50Z	60b1178601d5877a17124ad72f4a89c7	/workspace/rst/cache_4_5/library/deepnet/0.2.1/60b1178601d5877a17124ad72f4a89c7/deepnet	available
4.5.2	deldir	2.0.4	2025-06-03T15:43:53Z	37a0d5e21e9e1f457b3a282bfe3126d3	/workspace/rst/cache_4_5/library/deldir/2.0-4/37a0d5e21e9e1f457b3a282bfe3126d3/deldir	available
4.5.2	demography	2.0.1	2025-12-06T20:45:50Z	6027399d56b532e30f26121e322f053b	/workspace/rst/cache_4_5/library/demography/2.0.1/6027399d56b532e30f26121e322f053b/demography	available
4.5.2	dendextend	1.19.1	2025-12-06T20:45:50Z	1841bcfe88798886784d2904d215adbe	/workspace/rst/cache_4_5/library/dendextend/1.19.1/1841bcfe88798886784d2904d215adbe/dendextend	available
4.5.2	dendsort	0.3.4	2025-06-04T01:12:31Z	96f76c3e4712c17dc969a640f942d343	/workspace/rst/cache_4_5/library/dendsort/0.3.4/96f76c3e4712c17dc969a640f942d343/dendsort	available
4.5.2	densityClust	0.3.3	2025-06-04T01:12:43Z	ff270004528d880b078a99552aac8ece	/workspace/rst/cache_4_5/library/densityClust/0.3.3/ff270004528d880b078a99552aac8ece/densityClust	available
4.5.2	densvis	1.20.1	2025-11-07T07:10:00Z	fcb5f94c3ae31f0d7c8563006f17a0f6	/workspace/rst/cache_4_5/library/densvis/1.20.1/fcb5f94c3ae31f0d7c8563006f17a0f6/densvis	available
4.5.2	desc	1.4.3	2025-06-03T15:43:53Z	4713fd36abbe519a5cd60d4d12d8aec1	/workspace/rst/cache_4_5/library/desc/1.4.3/4713fd36abbe519a5cd60d4d12d8aec1/desc	available
4.5.2	descr	1.1.9	2026-04-29T06:05:11Z	7594b6a79e564ab88cbfe9ade06b278e	/workspace/rst/cache_4_5/library/descr/1.1.9/7594b6a79e564ab88cbfe9ade06b278e/descr	available
4.5.2	designmatch	0.5.4	2025-06-04T01:13:42Z	5defc2abc743b098c452174d962c3f66	/workspace/rst/cache_4_5/library/designmatch/0.5.4/5defc2abc743b098c452174d962c3f66/designmatch	available
4.5.2	desplot	1.11	2026-08-23T06:21:26Z	78b34fa8dadb1a96fa8c849c1422d25d	/workspace/rst/cache_4_5/library/desplot/1.11/78b34fa8dadb1a96fa8c849c1422d25d/desplot	available
4.5.2	destiny	3.24.0	2025-11-11T06:58:02Z	9462e3a51d3ef535ad44e51b334cb2f4	/workspace/rst/cache_4_5/library/destiny/3.24.0/9462e3a51d3ef535ad44e51b334cb2f4/destiny	available
4.5.2	detectseparation	0.4.0	2026-04-21T06:17:32Z	1e83cb9f169d2f1809d2a9a48b28f17a	/workspace/rst/cache_4_5/library/detectseparation/0.4.0/1e83cb9f169d2f1809d2a9a48b28f17a/detectseparation	available
4.5.2	devEMF	4.6	2026-06-06T06:10:57Z	0626ad8a8c628e05e02270c9c73bee50	/workspace/rst/cache_4_5/library/devEMF/4.6/0626ad8a8c628e05e02270c9c73bee50/devEMF	available
4.5.2	devtools	2.5.2	2026-05-02T06:11:18Z	693fec8349d7f5cf7d635ee95f4f8bd0	/workspace/rst/cache_4_5/library/devtools/2.5.2/693fec8349d7f5cf7d635ee95f4f8bd0/devtools	available
4.5.2	dfidx	0.2.0	2025-12-06T20:45:51Z	488b7cb2f82c4450dc04f13bb22b5b81	/workspace/rst/cache_4_5/library/dfidx/0.2-0/488b7cb2f82c4450dc04f13bb22b5b81/dfidx	available
4.5.2	dfoptim	2023.1.0	2025-06-04T01:15:20Z	f5a0b2c3f14f681f50da382b9a10132a	/workspace/rst/cache_4_5/library/dfoptim/2023.1.0/f5a0b2c3f14f681f50da382b9a10132a/dfoptim	available
4.5.2	dgof	1.5.1	2025-06-04T01:15:32Z	5bc22727b5ab16fdfbda02f87c0e9c10	/workspace/rst/cache_4_5/library/dgof/1.5.1/5bc22727b5ab16fdfbda02f87c0e9c10/dgof	available
4.5.2	diagis	0.2.3	2025-06-04T00:46:51Z	1da638a83cfb0e6d1d938897e6f9dbed	/workspace/rst/cache_4_5/library/diagis/0.2.3/1da638a83cfb0e6d1d938897e6f9dbed/diagis	available
4.5.2	diagram	1.6.5	2025-06-03T16:31:10Z	74f2d3405e58fbd5b3b53c43c4874f68	/workspace/rst/cache_4_5/library/diagram/1.6.5/74f2d3405e58fbd5b3b53c43c4874f68/diagram	available
4.5.2	dials	1.4.4	2026-06-24T06:10:44Z	15e4f3260f784bc7f0dc094962fdc253	/workspace/rst/cache_4_5/library/dials/1.4.4/15e4f3260f784bc7f0dc094962fdc253/dials	available
4.5.2	dichromat	2.0.1	2026-07-24T06:13:55Z	4bb787f85be6fce85a9f74c73e7d4f6a	/workspace/rst/cache_4_5/library/dichromat/2.0-1/4bb787f85be6fce85a9f74c73e7d4f6a/dichromat	available
4.5.2	did	2.5.1	2026-07-10T06:14:18Z	a184fc96da5c33e0adc717d280da5b91	/workspace/rst/cache_4_5/library/did/2.5.1/a184fc96da5c33e0adc717d280da5b91/did	available
4.5.2	diffobj	0.3.9	2026-09-13T06:54:43Z	578da8e17f12c96af834df05af59794b	/workspace/rst/cache_4_5/library/diffobj/0.3.9/578da8e17f12c96af834df05af59794b/diffobj	available
4.5.2	diffusionMap	1.2.0	2025-06-04T01:16:02Z	debb6d5dc4c3e8261510e20762e9dd35	/workspace/rst/cache_4_5/library/diffusionMap/1.2.0/debb6d5dc4c3e8261510e20762e9dd35/diffusionMap	available
4.5.2	diffviewer	0.1.2	2025-06-04T01:16:15Z	766d470d6fdcfbc0eacec4d3af693757	/workspace/rst/cache_4_5/library/diffviewer/0.1.2/766d470d6fdcfbc0eacec4d3af693757/diffviewer	available
4.5.2	digest	0.6.39	2025-12-24T15:06:13Z	49467f224c0d895d9c4251c5649cbad4	/workspace/rst/cache_4_5/library/digest/0.6.39/49467f224c0d895d9c4251c5649cbad4/digest	available
4.5.2	dimRed	0.2.7	2025-06-04T01:16:28Z	d71170d7392568edca338d0b42708c91	/workspace/rst/cache_4_5/library/dimRed/0.2.7/d71170d7392568edca338d0b42708c91/dimRed	available
4.5.2	dint	2.1.5	2025-07-25T05:46:50Z	4c6a1499b7fcecd824a07c43e6150d7d	/workspace/rst/cache_4_5/library/dint/2.1.5/4c6a1499b7fcecd824a07c43e6150d7d/dint	available
4.5.2	diptest	0.77.2	2025-12-06T20:45:52Z	92cf10a71b906f7d7f05a566897f6f80	/workspace/rst/cache_4_5/library/diptest/0.77-2/92cf10a71b906f7d7f05a566897f6f80/diptest	available
4.5.2	dir.expiry	1.18.0	2025-12-15T20:16:08Z	7d323495b8d8f9a25c73cc7c73843e12	/workspace/rst/cache_4_5/library/dir.expiry/1.18.0/7d323495b8d8f9a25c73cc7c73843e12/dir.expiry	available
4.5.2	directadjusting	0.7.0	2026-07-16T06:11:25Z	2025d6953902ccbbf07a61167617c88f	/workspace/rst/cache_4_5/library/directadjusting/0.7.0/2025d6953902ccbbf07a61167617c88f/directadjusting	available
4.5.2	directlabels	2026.8.27	2026-08-30T06:19:17Z	6a3d35585597ae5e8e1638033029ff3b	/workspace/rst/cache_4_5/library/directlabels/2026.8.27/6a3d35585597ae5e8e1638033029ff3b/directlabels	available
4.5.2	dirmult	0.1.3.5	2025-10-17T05:51:41Z	f051895e31315ae7533a43478a3b3c92	/workspace/rst/cache_4_5/library/dirmult/0.1.3-5/f051895e31315ae7533a43478a3b3c92/dirmult	available
4.5.2	discovr	1.0.0	2026-02-07T07:04:37Z	33f024865dc1ca2f0c40c7a796d4f446	/workspace/rst/cache_4_5/library/discovr/1.0.0/33f024865dc1ca2f0c40c7a796d4f446/discovr	available
4.5.2	discretization	1.0.1.1	2026-03-31T06:24:15Z	3b8432011aa0b9d32f860541a49425f8	/workspace/rst/cache_4_5/library/discretization/1.0-1.1/3b8432011aa0b9d32f860541a49425f8/discretization	available
4.5.2	discrim	1.1.0	2025-12-06T20:45:52Z	53f6867257d7f6d12519b5c10634f9f9	/workspace/rst/cache_4_5/library/discrim/1.1.0/53f6867257d7f6d12519b5c10634f9f9/discrim	available
4.5.2	dismo	1.3.16	2025-08-20T05:49:34Z	77dc1dbbc39a77c7f8cdebbf802a1169	/workspace/rst/cache_4_5/library/dismo/1.3-16/77dc1dbbc39a77c7f8cdebbf802a1169/dismo	available
4.5.2	disposables	1.0.3	2025-06-04T01:17:04Z	7c333fd8029fb8ac6af27d5291c45d7d	/workspace/rst/cache_4_5/library/disposables/1.0.3/7c333fd8029fb8ac6af27d5291c45d7d/disposables	available
4.5.2	distributional	0.9.0	2026-09-10T06:20:29Z	06082156f340d9f5870570311761140a	/workspace/rst/cache_4_5/library/distributional/0.9.0/06082156f340d9f5870570311761140a/distributional	available
4.5.2	distributions3	0.3.0	2026-08-22T06:22:24Z	bb973febfb7ea310de618fc2d231dbd7	/workspace/rst/cache_4_5/library/distributions3/0.3.0/bb973febfb7ea310de618fc2d231dbd7/distributions3	available
4.5.2	distro	0.1.1	2025-12-06T20:45:53Z	55efa5120d6c326dc9b322b6db4f257f	/workspace/rst/cache_4_5/library/distro/0.1.1/55efa5120d6c326dc9b322b6db4f257f/distro	available
4.5.2	dlm	1.1.6.1	2025-06-04T01:17:29Z	d007a51274008afb041d8fd563814e54	/workspace/rst/cache_4_5/library/dlm/1.1-6.1/d007a51274008afb041d8fd563814e54/dlm	available
4.5.2	dlstats	0.1.8	2026-08-27T06:17:33Z	027f22934cb63bd024b11da7898f24db	/workspace/rst/cache_4_5/library/dlstats/0.1.8/027f22934cb63bd024b11da7898f24db/dlstats	available
4.5.2	dm	1.1.2	2026-05-19T06:14:36Z	2632bb5799177532563394732eb6021f	/workspace/rst/cache_4_5/library/dm/1.1.2/2632bb5799177532563394732eb6021f/dm	available
4.5.2	doBy	4.7.2	2026-07-04T06:15:14Z	d69f2b7c6f666e3afab5aadef3b997e0	/workspace/rst/cache_4_5/library/doBy/4.7.2/d69f2b7c6f666e3afab5aadef3b997e0/doBy	available
4.5.2	doFuture	1.3.0	2026-08-05T06:20:59Z	a5be6a44deef5e2c9b12260d69de7ecb	/workspace/rst/cache_4_5/library/doFuture/1.3.0/a5be6a44deef5e2c9b12260d69de7ecb/doFuture	available
4.5.2	doMC	1.3.8	2025-06-04T01:18:06Z	ea884556d6c9c5ef1d96d73a8d2d712a	/workspace/rst/cache_4_5/library/doMC/1.3.8/ea884556d6c9c5ef1d96d73a8d2d712a/doMC	available
4.5.2	doMPI	0.2.2	2025-06-04T01:18:24Z	263f9415dccd4882e569cad77a07e048	/workspace/rst/cache_4_5/library/doMPI/0.2.2/263f9415dccd4882e569cad77a07e048/doMPI	available
4.5.2	doParallel	1.0.17	2025-06-03T17:48:25Z	9a7f453e49267d3c9e2fc6b7b94c9331	/workspace/rst/cache_4_5/library/doParallel/1.0.17/9a7f453e49267d3c9e2fc6b7b94c9331/doParallel	available
4.5.2	doRNG	1.8.6.3	2026-02-07T07:04:38Z	44fde76ad0a68ddd9d7730d63b0240e3	/workspace/rst/cache_4_5/library/doRNG/1.8.6.3/44fde76ad0a68ddd9d7730d63b0240e3/doRNG	available
4.5.2	doRedis	3.0.3	2025-12-06T20:45:55Z	a2cf56a0c3dc30954f47d9cad38f8c0e	/workspace/rst/cache_4_5/library/doRedis/3.0.3/a2cf56a0c3dc30954f47d9cad38f8c0e/doRedis	available
4.5.2	doSNOW	1.0.20	2025-06-03T20:10:31Z	093a0357abec92eaac752b71d6050527	/workspace/rst/cache_4_5/library/doSNOW/1.0.20/093a0357abec92eaac752b71d6050527/doSNOW	available
4.5.2	dockerfiler	1.0.0	2026-06-28T06:11:52Z	bcc432a4050ecd72366088ae06de3680	/workspace/rst/cache_4_5/library/dockerfiler/1.0.0/bcc432a4050ecd72366088ae06de3680/dockerfiler	available
4.5.2	doconv	0.4.0	2026-02-17T07:12:46Z	bdd59b6a331d9572c73caa15e8876e3c	/workspace/rst/cache_4_5/library/doconv/0.4.0/bdd59b6a331d9572c73caa15e8876e3c/doconv	available
4.5.2	docopt	0.7.2	2025-06-04T00:33:32Z	a0a7af7004b897fba3abe940b8b84fca	/workspace/rst/cache_4_5/library/docopt/0.7.2/a0a7af7004b897fba3abe940b8b84fca/docopt	available
4.5.2	doctest	0.4.1	2026-07-31T06:11:55Z	a52a97fda27262d87027f98a70e191d1	/workspace/rst/cache_4_5/library/doctest/0.4.1/a52a97fda27262d87027f98a70e191d1/doctest	available
4.5.2	dominanceanalysis	2.1.1	2026-04-21T06:17:33Z	bfbc2c9131341fff8e4111623fe30bd3	/workspace/rst/cache_4_5/library/dominanceanalysis/2.1.1/bfbc2c9131341fff8e4111623fe30bd3/dominanceanalysis	available
4.5.2	domir	1.3.0	2026-04-21T06:17:33Z	e8b3a591fa1a086c56d3698478fe3729	/workspace/rst/cache_4_5/library/domir/1.3.0/e8b3a591fa1a086c56d3698478fe3729/domir	available
4.5.2	dotCall64	1.2	2025-06-03T16:26:41Z	652d0d8c931ded289b45c1e6f8eb3725	/workspace/rst/cache_4_5/library/dotCall64/1.2/652d0d8c931ded289b45c1e6f8eb3725/dotCall64	available
4.5.2	dotty	0.1.0	2025-06-04T01:19:15Z	33733a87d678dc6d8e6fff87b02efcfd	/workspace/rst/cache_4_5/library/dotty/0.1.0/33733a87d678dc6d8e6fff87b02efcfd/dotty	available
4.5.2	dotwhisker	0.8.9999	2025-06-04T01:19:38Z	abba75cf3c1c0148ea9d58b5d06ffab2	/workspace/rst/cache_4_5/library/dotwhisker/0.8.9999/abba75cf3c1c0148ea9d58b5d06ffab2/dotwhisker	available
4.5.2	downlit	0.4.5	2025-12-24T15:06:14Z	ac729446486e41260b0e4b2adb9acfe0	/workspace/rst/cache_4_5/library/downlit/0.4.5/ac729446486e41260b0e4b2adb9acfe0/downlit	available
4.5.2	downloader	0.4.1	2025-06-04T01:19:51Z	be33b034b61239cbf579bed303847d18	/workspace/rst/cache_4_5/library/downloader/0.4.1/be33b034b61239cbf579bed303847d18/downloader	available
4.5.2	dplyr	1.2.1	2026-04-05T06:10:03Z	4ad3345e3e8253de34cba3578908bb48	/workspace/rst/cache_4_5/library/dplyr/1.2.1/4ad3345e3e8253de34cba3578908bb48/dplyr	available
4.5.2	dqrng	0.4.1	2025-06-03T15:43:56Z	6ec22fb307ddafaa4b93cb3d6121b775	/workspace/rst/cache_4_5/library/dqrng/0.4.1/6ec22fb307ddafaa4b93cb3d6121b775/dqrng	available
4.5.2	dr4pl	2.0.0	2026-06-04T06:06:43Z	fb16ca1b1c59d74966f8983096529a5e	/workspace/rst/cache_4_5/library/dr4pl/2.0.0/fb16ca1b1c59d74966f8983096529a5e/dr4pl	available
4.5.2	drat	0.2.5	2025-06-04T01:20:05Z	c4a107841cf4df173ce70b1b60c2c841	/workspace/rst/cache_4_5/library/drat/0.2.5/c4a107841cf4df173ce70b1b60c2c841/drat	available
4.5.2	drc	3.0.1	2025-06-04T01:20:20Z	0324d104e6ee55a78d28b259ee01f2aa	/workspace/rst/cache_4_5/library/drc/3.0-1/0324d104e6ee55a78d28b259ee01f2aa/drc	available
4.5.2	dreamerr	1.5.0	2025-06-04T01:20:34Z	eb8dda87508ce78f13eed8d2e7269a11	/workspace/rst/cache_4_5/library/dreamerr/1.5.0/eb8dda87508ce78f13eed8d2e7269a11/dreamerr	available
4.5.2	drosophila2probe	2.18.0	2025-06-04T01:20:57Z	9f72375969351e7c711b57db9f6ef0ac	/workspace/rst/cache_4_5/library/drosophila2probe/2.18.0/9f72375969351e7c711b57db9f6ef0ac/drosophila2probe	available
4.5.2	dtplyr	1.3.3	2026-02-13T07:12:28Z	607a6ff46e5a9cca7e22e0faef0b81c4	/workspace/rst/cache_4_5/library/dtplyr/1.3.3/607a6ff46e5a9cca7e22e0faef0b81c4/dtplyr	available
4.5.2	dtt	0.1.2.1	2025-12-06T20:45:55Z	cb7186e156466e7145b0e446ac1f9164	/workspace/rst/cache_4_5/library/dtt/0.1-2.1/cb7186e156466e7145b0e446ac1f9164/dtt	available
4.5.2	dtw	1.23.3	2026-06-11T06:07:37Z	2c8f87b99a6acc4eef7ae05a7258fda7	/workspace/rst/cache_4_5/library/dtw/1.23-3/2c8f87b99a6acc4eef7ae05a7258fda7/dtw	available
4.5.2	duckdb	1.5.5	2026-07-28T06:12:13Z	d732e1ee43601752f0a0a9c245f42009	/workspace/rst/cache_4_5/library/duckdb/1.5.5/d732e1ee43601752f0a0a9c245f42009/duckdb	available
4.5.2	duckplyr	1.2.1	2026-03-13T06:19:30Z	8a440357a65d58ed7a779f2e0ac95c54	/workspace/rst/cache_4_5/library/duckplyr/1.2.1/8a440357a65d58ed7a779f2e0ac95c54/duckplyr	available
4.5.2	dunn.test	1.4.1	2026-06-07T06:11:29Z	89aa6f89a74f70e6c0679532b0aabe0a	/workspace/rst/cache_4_5/library/dunn.test/1.4.1/89aa6f89a74f70e6c0679532b0aabe0a/dunn.test	available
4.5.2	dygraphs	1.1.1.6	2025-06-04T01:21:53Z	9ed48f857c9312d773c9f0ea5165d491	/workspace/rst/cache_4_5/library/dygraphs/1.1.1.6/9ed48f857c9312d773c9f0ea5165d491/dygraphs	available
4.5.2	dynamicTreeCut	1.63.1	2025-06-03T23:45:40Z	9fff4b03f4457b320aae046913cce017	/workspace/rst/cache_4_5/library/dynamicTreeCut/1.63-1/9fff4b03f4457b320aae046913cce017/dynamicTreeCut	available
4.5.2	dynlm	0.3.6	2025-06-04T01:22:07Z	83524a960a4ac283bf4d462f0a69a0dd	/workspace/rst/cache_4_5/library/dynlm/0.3-6/83524a960a4ac283bf4d462f0a69a0dd/dynlm	available
4.5.2	e1071	1.7.17	2025-12-24T15:06:14Z	1c43f5805ed16d46b524cacd52c34085	/workspace/rst/cache_4_5/library/e1071/1.7-17/1c43f5805ed16d46b524cacd52c34085/e1071	available
4.5.2	eaf	2.5.2	2025-06-04T01:22:21Z	96fd92a6a48816a7c0cb656777700045	/workspace/rst/cache_4_5/library/eaf/2.5.2/96fd92a6a48816a7c0cb656777700045/eaf	available
4.5.2	earth	5.3.6	2026-08-23T06:21:26Z	c34c98dcfa376eb58d633ccfbf5b51da	/workspace/rst/cache_4_5/library/earth/5.3.6/c34c98dcfa376eb58d633ccfbf5b51da/earth	available
4.5.2	easystats	0.7.6	2026-05-26T06:15:08Z	7cf0dfaaba36a10dbe824bd92f2971f6	/workspace/rst/cache_4_5/library/easystats/0.7.6/7cf0dfaaba36a10dbe824bd92f2971f6/easystats	available
4.5.2	ebal	0.2.1	2026-05-01T06:04:13Z	f428a08d8c4f7d5336aab979a7a7fc69	/workspace/rst/cache_4_5/library/ebal/0.2.1/f428a08d8c4f7d5336aab979a7a7fc69/ebal	available
4.5.2	ecoCopula	1.0.6	2025-12-18T07:05:39Z	736e98c58a93aece91d94b0362c4650f	/workspace/rst/cache_4_5/library/ecoCopula/1.0.6/736e98c58a93aece91d94b0362c4650f/ecoCopula	available
4.5.2	ecostats	1.2.2	2025-12-18T07:05:39Z	68dff7317136c2234f62a60f504ddf0a	/workspace/rst/cache_4_5/library/ecostats/1.2.2/68dff7317136c2234f62a60f504ddf0a/ecostats	available
4.5.2	ecp	3.1.6	2025-06-04T01:12:10Z	47d715a78b5a140df448d51951c7a8b8	/workspace/rst/cache_4_5/library/ecp/3.1.6/47d715a78b5a140df448d51951c7a8b8/ecp	available
4.5.2	edgeR	4.8.2	2026-02-24T15:26:01Z	2431e5ba7e92f2649315a360274165f9	/workspace/rst/cache_4_5/library/edgeR/4.8.2/2431e5ba7e92f2649315a360274165f9/edgeR	available
4.5.2	eds	1.12.0	2025-11-05T09:51:13Z	0180342911414b3570d6ff8100333285	/workspace/rst/cache_4_5/library/eds/1.12.0/0180342911414b3570d6ff8100333285/eds	available
4.5.2	effects	4.2.5	2026-02-19T07:08:25Z	6e4225a7c3b46bc36380c19d3804a555	/workspace/rst/cache_4_5/library/effects/4.2-5/6e4225a7c3b46bc36380c19d3804a555/effects	available
4.5.2	effectsize	1.0.3	2026-07-09T06:10:21Z	c869c572bd08a40eb7005becc31bd43d	/workspace/rst/cache_4_5/library/effectsize/1.0.3/c869c572bd08a40eb7005becc31bd43d/effectsize	available
4.5.2	effsize	0.8.1	2025-12-22T17:49:30Z	4d64705a6a6ed2a7186a2f44d298362b	/workspace/rst/cache_4_5/library/effsize/0.8.1/4d64705a6a6ed2a7186a2f44d298362b/effsize	available
4.5.2	egg	0.4.5	2025-06-03T23:45:41Z	f4bcef66030e85c2640095968944869e	/workspace/rst/cache_4_5/library/egg/0.4.5/f4bcef66030e85c2640095968944869e/egg	available
4.5.2	eha	2.12.0	2026-06-03T06:04:02Z	d08ba260603c07260b6c70fa0c11b438	/workspace/rst/cache_4_5/library/eha/2.12.0/d08ba260603c07260b6c70fa0c11b438/eha	available
4.5.2	elasticnet	1.3	2025-06-04T01:23:51Z	fa4f3f7e7be211fdd29d8b228a68a1d0	/workspace/rst/cache_4_5/library/elasticnet/1.3/fa4f3f7e7be211fdd29d8b228a68a1d0/elasticnet	available
4.5.2	elevatr	0.99.1	2026-01-15T07:09:13Z	dcf70a37ae3d55015d9075f36d6995e7	/workspace/rst/cache_4_5/library/elevatr/0.99.1/dcf70a37ae3d55015d9075f36d6995e7/elevatr	available
4.5.2	ellipse	0.5.0	2025-06-03T16:23:10Z	4f2fed27bfe2b735be59224d819801fa	/workspace/rst/cache_4_5/library/ellipse/0.5.0/4f2fed27bfe2b735be59224d819801fa/ellipse	available
4.5.2	ellipsis	0.3.3	2026-04-06T06:09:09Z	6dcf8b2e137ab7cbfbf4a4e131257c18	/workspace/rst/cache_4_5/library/ellipsis/0.3.3/6dcf8b2e137ab7cbfbf4a4e131257c18/ellipsis	available
4.5.2	elliptic	1.5.1	2025-12-06T20:45:57Z	d72dfa09f49b570aaff6df195d9b4cb3	/workspace/rst/cache_4_5/library/elliptic/1.5-1/d72dfa09f49b570aaff6df195d9b4cb3/elliptic	available
4.5.2	ellmer	0.5.0	2026-09-06T06:25:27Z	e69ba0c3e6c8811f7846741fa8eaa6f8	/workspace/rst/cache_4_5/library/ellmer/0.5.0/e69ba0c3e6c8811f7846741fa8eaa6f8/ellmer	available
4.5.2	emdbook	1.3.14	2025-08-05T15:28:58Z	28152bd3f91e71555c6cefc609e46f3c	/workspace/rst/cache_4_5/library/emdbook/1.3.14/28152bd3f91e71555c6cefc609e46f3c/emdbook	available
4.5.2	emmeans	2.0.4	2026-07-17T06:13:00Z	07c9f039a89e3c706ae0de08390c0707	/workspace/rst/cache_4_5/library/emmeans/2.0.4/07c9f039a89e3c706ae0de08390c0707/emmeans	available
4.5.2	emoa	0.5.3	2025-06-04T01:24:02Z	f3f9e031ae41c57ac0b05fe1e660577f	/workspace/rst/cache_4_5/library/emoa/0.5-3/f3f9e031ae41c57ac0b05fe1e660577f/emoa	available
4.5.2	emojifont	0.6.0	2026-03-01T07:09:00Z	08b5476e578a7c6a3d9315a737779a1b	/workspace/rst/cache_4_5/library/emojifont/0.6.0/08b5476e578a7c6a3d9315a737779a1b/emojifont	available
4.5.2	emulator	1.3.0	2026-09-09T06:19:41Z	bb5247e76ceee08c39298c19a3c76d50	/workspace/rst/cache_4_5/library/emulator/1.3-0/bb5247e76ceee08c39298c19a3c76d50/emulator	available
4.5.2	encharter	0.9.1	2026-06-29T06:10:40Z	4dbc73e2b4405b5be4822876861188fc	/workspace/rst/cache_4_5/library/encharter/0.9.1/4dbc73e2b4405b5be4822876861188fc/encharter	available
4.5.2	energy	1.7.12	2025-06-04T01:24:33Z	1466c22a5188cb637585791a9a0d5199	/workspace/rst/cache_4_5/library/energy/1.7-12/1466c22a5188cb637585791a9a0d5199/energy	available
4.5.2	enetLTS	1.1.0	2025-09-20T05:49:21Z	c46116289692184771999324efaf8dff	/workspace/rst/cache_4_5/library/enetLTS/1.1.0/c46116289692184771999324efaf8dff/enetLTS	available
4.5.2	english	1.2.6	2025-09-25T05:49:38Z	abf061ebb048be98fe45d64b353081c5	/workspace/rst/cache_4_5/library/english/1.2-6/abf061ebb048be98fe45d64b353081c5/english	available
4.5.2	enhancer	1.1.1	2026-04-14T06:13:06Z	d2c8b3bf15c0ed5e5444719b76741be9	/workspace/rst/cache_4_5/library/enhancer/1.1.1/d2c8b3bf15c0ed5e5444719b76741be9/enhancer	available
4.5.2	enrichR	3.4	2025-06-04T01:24:46Z	2b2fe021169f2373084bbffa6a57225c	/workspace/rst/cache_4_5/library/enrichR/3.4/2b2fe021169f2373084bbffa6a57225c/enrichR	available
4.5.2	enrichplot	1.30.5	2026-03-05T07:08:44Z	41ea3cbcd4b6989cbc61632206312ac4	/workspace/rst/cache_4_5/library/enrichplot/1.30.5/41ea3cbcd4b6989cbc61632206312ac4/enrichplot	available
4.5.2	enrichwith	0.5.0	2026-05-01T06:04:13Z	dab83e2c896edd5b16164bf5589ac3b1	/workspace/rst/cache_4_5/library/enrichwith/0.5.0/dab83e2c896edd5b16164bf5589ac3b1/enrichwith	available
4.5.2	ensembldb	2.34.0	2025-11-05T09:51:13Z	f6d7cd07b4ccb1c2a587d06789ffc6d5	/workspace/rst/cache_4_5/library/ensembldb/2.34.0/f6d7cd07b4ccb1c2a587d06789ffc6d5/ensembldb	available
4.5.2	entropy	1.3.2	2025-06-03T19:34:05Z	1bccab06b856e4b2755a9534fb9040ff	/workspace/rst/cache_4_5/library/entropy/1.3.2/1bccab06b856e4b2755a9534fb9040ff/entropy	available
4.5.2	epiR	2.0.98	2026-09-20T06:20:12Z	d9bc38a21a788b3b4ca696d73575b65e	/workspace/rst/cache_4_5/library/epiR/2.0.98/d9bc38a21a788b3b4ca696d73575b65e/epiR	available
4.5.2	equatags	0.2.2	2025-12-06T20:45:58Z	29d971d2707d5f03ac0aa6c9a8ce8f91	/workspace/rst/cache_4_5/library/equatags/0.2.2/29d971d2707d5f03ac0aa6c9a8ce8f91/equatags	available
4.5.2	equatiomatic	0.4.9	2026-08-21T06:19:35Z	c9fc4ce0b8c15eb55659a416c43dec5d	/workspace/rst/cache_4_5/library/equatiomatic/0.4.9/c9fc4ce0b8c15eb55659a416c43dec5d/equatiomatic	available
4.5.2	equivalence	0.8.2	2025-06-04T01:25:29Z	698f3312b5ba1e7bd4a0ac9bd5a52f49	/workspace/rst/cache_4_5/library/equivalence/0.8.2/698f3312b5ba1e7bd4a0ac9bd5a52f49/equivalence	available
4.5.2	ergm	4.9.0.1	2025-08-28T05:42:10Z	dd2bfbe3ab82b96dc9a177374323ba7c	/workspace/rst/cache_4_5/library/ergm/4.9.0.1/dd2bfbe3ab82b96dc9a177374323ba7c/ergm	available
4.5.2	ergm.count	4.1.3	2025-12-06T20:45:59Z	607b9afecbf115772ef37542b46fcb7e	/workspace/rst/cache_4_5/library/ergm.count/4.1.3/607b9afecbf115772ef37542b46fcb7e/ergm.count	available
4.5.2	esc	0.5.1	2025-06-04T01:25:55Z	e991d691a4052917ea29b4237d147a79	/workspace/rst/cache_4_5/library/esc/0.5.1/e991d691a4052917ea29b4237d147a79/esc	available
4.5.2	estimability	2.0.0	2026-06-28T06:11:52Z	3d4c8a48dc35a6c6aa076f397fb7e207	/workspace/rst/cache_4_5/library/estimability/2.0.0/3d4c8a48dc35a6c6aa076f397fb7e207/estimability	available
4.5.2	estimatr	2.0.0	2026-09-18T06:21:24Z	fd3b7c2bf19c76a2cb13bb353b595cb2	/workspace/rst/cache_4_5/library/estimatr/2.0.0/fd3b7c2bf19c76a2cb13bb353b595cb2/estimatr	available
4.5.2	estmeansd	1.0.1	2025-06-04T01:26:08Z	6293745046edf2e63b5b0d5c5a98d8e1	/workspace/rst/cache_4_5/library/estmeansd/1.0.1/6293745046edf2e63b5b0d5c5a98d8e1/estmeansd	available
4.5.2	etm	1.1.2	2025-06-03T19:29:00Z	ae76acbcbd15b5c00d383ab4289735e8	/workspace/rst/cache_4_5/library/etm/1.1.2/ae76acbcbd15b5c00d383ab4289735e8/etm	available
4.5.2	etrunct	0.1	2025-06-03T18:32:34Z	d834a2917fc3e6a5d52fc33d0efdc0af	/workspace/rst/cache_4_5/library/etrunct/0.1/d834a2917fc3e6a5d52fc33d0efdc0af/etrunct	available
4.5.2	eulerr	8.3.1	2026-09-15T06:19:40Z	e8258837d9e797489b652179458ccbe8	/workspace/rst/cache_4_5/library/eulerr/8.3.1/e8258837d9e797489b652179458ccbe8/eulerr	available
4.5.2	europepmc	0.4.3	2025-06-04T01:26:23Z	a019c77d79a85b67d51e28283226e527	/workspace/rst/cache_4_5/library/europepmc/0.4.3/a019c77d79a85b67d51e28283226e527/europepmc	available
4.5.2	eurostat	4.1.1	2026-09-26T06:21:51Z	5efd863df1d82639db8d3c5dec14050c	/workspace/rst/cache_4_5/library/eurostat/4.1.1/5efd863df1d82639db8d3c5dec14050c/eurostat	available
4.5.2	evaluate	1.0.5	2025-12-24T15:06:14Z	ded33bd18a81915ddc83c38c01c7ab57	/workspace/rst/cache_4_5/library/evaluate/1.0.5/ded33bd18a81915ddc83c38c01c7ab57/evaluate	available
4.5.2	evd	2.3.7.1	2025-06-04T01:26:50Z	e46baa95484210c119600f4ad4489cde	/workspace/rst/cache_4_5/library/evd/2.3-7.1/e46baa95484210c119600f4ad4489cde/evd	available
4.5.2	evgam	1.0.2	2026-09-05T06:19:45Z	fad7fe3ab4ce6a05c321adabd9d3776a	/workspace/rst/cache_4_5/library/evgam/1.0.2/fad7fe3ab4ce6a05c321adabd9d3776a/evgam	available
4.5.2	evtree	1.0.8	2025-06-04T01:27:04Z	d7a5b8ca9e2143843a45703a1f786d65	/workspace/rst/cache_4_5/library/evtree/1.0-8/d7a5b8ca9e2143843a45703a1f786d65/evtree	available
4.5.2	exact2x2	1.7.0	2025-12-06T20:46:00Z	e7fd2f3487283061e1cb478ee14ffc0a	/workspace/rst/cache_4_5/library/exact2x2/1.7.0/e7fd2f3487283061e1cb478ee14ffc0a/exact2x2	available
4.5.2	exactRankTests	0.8.37	2026-05-06T06:24:29Z	3da75d138d2b2f37be8afcd5b4e8bf3f	/workspace/rst/cache_4_5/library/exactRankTests/0.8-37/3da75d138d2b2f37be8afcd5b4e8bf3f/exactRankTests	available
4.5.2	exactci	1.4.5	2025-12-06T20:46:00Z	8ef72ff029cc2e4c71c1d4eb00009bbd	/workspace/rst/cache_4_5/library/exactci/1.4-5/8ef72ff029cc2e4c71c1d4eb00009bbd/exactci	available
4.5.2	exactextractr	0.10.1	2025-12-06T20:46:00Z	d05fcef64756d8ab734be7db056c9e8b	/workspace/rst/cache_4_5/library/exactextractr/0.10.1/d05fcef64756d8ab734be7db056c9e8b/exactextractr	available
4.5.2	exdex	1.2.4	2026-01-13T07:07:13Z	d34bcdf2659bd0f807048430177fe300	/workspace/rst/cache_4_5/library/exdex/1.2.4/d34bcdf2659bd0f807048430177fe300/exdex	available
4.5.2	expint	0.2.1	2026-01-29T07:04:23Z	d0623d325cbaca565c973891802f2f4e	/workspace/rst/cache_4_5/library/expint/0.2-1/d0623d325cbaca565c973891802f2f4e/expint	available
4.5.2	expm	1.0.1	2026-08-25T06:20:00Z	7518529985278e4f60fd955643612dbf	/workspace/rst/cache_4_5/library/expm/1.0-1/7518529985278e4f60fd955643612dbf/expm	available
4.5.2	expss	0.11.7	2025-12-06T20:46:01Z	72e9af7c7fccc325badaf9a203281b37	/workspace/rst/cache_4_5/library/expss/0.11.7/72e9af7c7fccc325badaf9a203281b37/expss	available
4.5.2	extraDistr	1.10.0.5	2026-07-15T06:13:03Z	aae24eadfecc01b2134363dd17e30ef3	/workspace/rst/cache_4_5/library/extraDistr/1.10.0.5/aae24eadfecc01b2134363dd17e30ef3/extraDistr	available
4.5.2	extrafont	0.20	2025-12-06T20:46:01Z	0f27fc1741b801a2936dd45b1fdaa499	/workspace/rst/cache_4_5/library/extrafont/0.20/0f27fc1741b801a2936dd45b1fdaa499/extrafont	available
4.5.2	extrafontdb	1.1	2025-12-06T20:46:01Z	69dadb419ef972de2cca4b188c8d5644	/workspace/rst/cache_4_5/library/extrafontdb/1.1/69dadb419ef972de2cca4b188c8d5644/extrafontdb	available
4.5.2	extraoperators	0.4.0	2026-05-22T06:25:17Z	e3c51b44e27f4bff040991b8949e00fb	/workspace/rst/cache_4_5/library/extraoperators/0.4.0/e3c51b44e27f4bff040991b8949e00fb/extraoperators	available
4.5.2	ez	4.5.0	2026-02-18T07:06:16Z	8ad3bc54327504c9cd6f72207d8acf3b	/workspace/rst/cache_4_5/library/ez/4.5-0/8ad3bc54327504c9cd6f72207d8acf3b/ez	available
4.5.2	fANCOVA	0.6.1	2025-06-03T20:53:12Z	b029da4cb20407f5917dfec1d4d64130	/workspace/rst/cache_4_5/library/fANCOVA/0.6-1/b029da4cb20407f5917dfec1d4d64130/fANCOVA	available
4.5.2	fBasics	4052.98	2025-12-09T06:53:46Z	ff6aed35ebd2d3d973428ccbdfa57830	/workspace/rst/cache_4_5/library/fBasics/4052.98/ff6aed35ebd2d3d973428ccbdfa57830/fBasics	available
4.5.2	fGarch	4052.93	2025-12-14T07:01:53Z	a2be041fa5c3ff50ab4b954b031d6ce2	/workspace/rst/cache_4_5/library/fGarch/4052.93/a2be041fa5c3ff50ab4b954b031d6ce2/fGarch	available
4.5.2	fImport	4052.89	2025-12-20T07:07:46Z	98bcc1fdb603a870d87fecfe20fad6ea	/workspace/rst/cache_4_5/library/fImport/4052.89/98bcc1fdb603a870d87fecfe20fad6ea/fImport	available
4.5.2	fTrading	3042.79	2025-06-04T01:28:37Z	230bc49fbed430bb7dba124d84561c92	/workspace/rst/cache_4_5/library/fTrading/3042.79/230bc49fbed430bb7dba124d84561c92/fTrading	available
4.5.2	faahKO	1.50.0	2025-11-06T07:52:41Z	d106b4b094caedb1864e67d6fd85ee5b	/workspace/rst/cache_4_5/library/faahKO/1.50.0/d106b4b094caedb1864e67d6fd85ee5b/faahKO	available
4.5.2	fabricatr	1.0.2	2025-06-03T18:27:24Z	3d49f17ae08c772ef7cd7aec7e016c8e	/workspace/rst/cache_4_5/library/fabricatr/1.0.2/3d49f17ae08c772ef7cd7aec7e016c8e/fabricatr	available
4.5.2	factoextra	2.2.0	2026-07-26T06:13:35Z	b19c910b967f6138d5178825b81ef7f0	/workspace/rst/cache_4_5/library/factoextra/2.2.0/b19c910b967f6138d5178825b81ef7f0/factoextra	available
4.5.2	fansi	1.0.7	2025-12-24T15:06:15Z	75dd52406a44724a532eb8f5dc19f61e	/workspace/rst/cache_4_5/library/fansi/1.0.7/75dd52406a44724a532eb8f5dc19f61e/fansi	available
4.5.2	faraway	1.0.9	2025-06-04T01:29:05Z	4816bb71be7503f29115b5f98f56c676	/workspace/rst/cache_4_5/library/faraway/1.0.9/4816bb71be7503f29115b5f98f56c676/faraway	available
4.5.2	farver	2.1.2	2025-06-03T15:43:58Z	077c176f7b4a3378f63321e0e72f6fa6	/workspace/rst/cache_4_5/library/farver/2.1.2/077c176f7b4a3378f63321e0e72f6fa6/farver	available
4.5.2	fastDummies	1.7.6	2026-04-24T06:14:30Z	e92dd8588fd9eb412b561483e2c9e872	/workspace/rst/cache_4_5/library/fastDummies/1.7.6/e92dd8588fd9eb412b561483e2c9e872/fastDummies	available
4.5.2	fastGHQuad	1.0.1	2025-06-04T01:29:19Z	7c38945f92be8c7e591e584f7e2be119	/workspace/rst/cache_4_5/library/fastGHQuad/1.0.1/7c38945f92be8c7e591e584f7e2be119/fastGHQuad	available
4.5.2	fastICA	1.2.8	2026-08-14T06:19:39Z	260d8e26b8a0af9ac5fcf220fb0e17c1	/workspace/rst/cache_4_5/library/fastICA/1.2-8/260d8e26b8a0af9ac5fcf220fb0e17c1/fastICA	available
4.5.2	fastSave	0.1.0	2025-06-04T14:15:02Z	9ff7623b4283bd615d94d840ad1d5370	/workspace/rst/cache_4_5/library/fastSave/0.1.0/9ff7623b4283bd615d94d840ad1d5370/fastSave	available
4.5.2	fastVoteR	0.0.3	2026-05-17T06:13:17Z	f8687eb08e61b8a4cdae7afdf3af3058	/workspace/rst/cache_4_5/library/fastVoteR/0.0.3/f8687eb08e61b8a4cdae7afdf3af3058/fastVoteR	available
4.5.2	fastcluster	1.3.0	2025-06-03T23:47:18Z	89073000513f100f08aed98348ae263a	/workspace/rst/cache_4_5/library/fastcluster/1.3.0/89073000513f100f08aed98348ae263a/fastcluster	available
4.5.2	fastglm	0.1.2	2026-08-29T06:17:01Z	b841e62899775d2f41b7f5fa62dc22f9	/workspace/rst/cache_4_5/library/fastglm/0.1.2/b841e62899775d2f41b7f5fa62dc22f9/fastglm	available
4.5.2	fastmap	1.2.0	2025-06-03T15:43:58Z	68e8a188029971879286ccc346f9c1dd	/workspace/rst/cache_4_5/library/fastmap/1.2.0/68e8a188029971879286ccc346f9c1dd/fastmap	available
4.5.2	fastmatch	1.1.8	2026-01-19T07:04:51Z	0b95975595c9690ec548e63bb975ae8c	/workspace/rst/cache_4_5/library/fastmatch/1.1-8/0b95975595c9690ec548e63bb975ae8c/fastmatch	available
4.5.2	fastqcr	0.1.3	2025-06-04T01:29:48Z	353982dbc74ede08d3ce3894b226dae2	/workspace/rst/cache_4_5/library/fastqcr/0.1.3/353982dbc74ede08d3ce3894b226dae2/fastqcr	available
4.5.2	fastshap	0.1.1	2025-12-04T07:05:09Z	602f4fa3f5da545864aa7ad61558c750	/workspace/rst/cache_4_5/library/fastshap/0.1.1/602f4fa3f5da545864aa7ad61558c750/fastshap	available
4.5.2	fastverse	0.3.4	2025-06-04T01:30:00Z	15ce22189484b2c2b75e6e3cd9e4c394	/workspace/rst/cache_4_5/library/fastverse/0.3.4/15ce22189484b2c2b75e6e3cd9e4c394/fastverse	available
4.5.2	fauxpas	0.6.0	2026-02-22T07:08:43Z	c4f223422f9986ea404ddc4e9311232b	/workspace/rst/cache_4_5/library/fauxpas/0.6.0/c4f223422f9986ea404ddc4e9311232b/fauxpas	available
4.5.2	fda	6.3.0	2025-06-03T19:11:55Z	a05678b4c2816ef776e7c558239c25a7	/workspace/rst/cache_4_5/library/fda/6.3.0/a05678b4c2816ef776e7c558239c25a7/fda	available
4.5.2	fda.usc	2.2.0	2025-06-04T01:30:27Z	8c4825608507053f4e68445b89584462	/workspace/rst/cache_4_5/library/fda.usc/2.2.0/8c4825608507053f4e68445b89584462/fda.usc	available
4.5.2	fdapace	0.6.0	2025-06-04T01:12:12Z	9f97a4552e99b9a548036c3f62f961c9	/workspace/rst/cache_4_5/library/fdapace/0.6.0/9f97a4552e99b9a548036c3f62f961c9/fdapace	available
4.5.2	fdrtool	1.2.18	2025-06-03T19:00:51Z	8701a22cb7c8c2c2c4ddb08044402601	/workspace/rst/cache_4_5/library/fdrtool/1.2.18/8701a22cb7c8c2c2c4ddb08044402601/fdrtool	available
4.5.2	fds	1.9	2026-05-07T06:21:27Z	954c7cf940f88febb5a20e3e45641cc8	/workspace/rst/cache_4_5/library/fds/1.9/954c7cf940f88febb5a20e3e45641cc8/fds	available
4.5.2	feather	0.4.0	2025-12-08T06:57:40Z	6f2a0c0578f1e4ed333cbc8bd9913b2e	/workspace/rst/cache_4_5/library/feather/0.4.0/6f2a0c0578f1e4ed333cbc8bd9913b2e/feather	available
4.5.2	feisr	1.3.1	2026-02-08T07:06:07Z	6e2d8ad687acc155b9b7c197fa9548bc	/workspace/rst/cache_4_5/library/feisr/1.3.1/6e2d8ad687acc155b9b7c197fa9548bc/feisr	available
4.5.2	ff	4.5.3	2026-07-24T06:13:56Z	421d7f57e8ce8dc6d37265dbabf56a1f	/workspace/rst/cache_4_5/library/ff/4.5.3/421d7f57e8ce8dc6d37265dbabf56a1f/ff	available
4.5.2	fftwtools	0.9.11	2025-06-04T01:31:07Z	f24a7db08a9d30833dc405ef92e065f9	/workspace/rst/cache_4_5/library/fftwtools/0.9-11/f24a7db08a9d30833dc405ef92e065f9/fftwtools	available
4.5.2	fgsea	1.36.2	2026-01-10T07:10:48Z	ec9475aba03d5d288198c9d476fd2b2b	/workspace/rst/cache_4_5/library/fgsea/1.36.2/ec9475aba03d5d288198c9d476fd2b2b/fgsea	available
4.5.2	fibroEset	1.52.0	2025-12-15T20:16:11Z	acf08db7d7f4ba47c0f684d1430ef060	/workspace/rst/cache_4_5/library/fibroEset/1.52.0/acf08db7d7f4ba47c0f684d1430ef060/fibroEset	available
4.5.2	ficla.aml.reanalysis.datapkg	0.0.0.9003	2026-02-23T17:43:22Z	0c4d283af3b3dfb6019336cc9cfc2a32	/workspace/rst/cache_4_5/library/ficla.aml.reanalysis.datapkg/0.0.0.9003/0c4d283af3b3dfb6019336cc9cfc2a32/ficla.aml.reanalysis.datapkg	available
4.5.2	fields	17.3	2026-05-07T06:21:28Z	e94e82b5d2cb2fbd932df472bc7175dc	/workspace/rst/cache_4_5/library/fields/17.3/e94e82b5d2cb2fbd932df472bc7175dc/fields	available
4.5.2	filehash	2.4.6	2025-06-04T01:31:38Z	2ef6240bda13e35a1028fb30128c1fba	/workspace/rst/cache_4_5/library/filehash/2.4-6/2ef6240bda13e35a1028fb30128c1fba/filehash	available
4.5.2	filelock	1.0.3	2025-06-03T15:43:58Z	153c65999f1b5294f949a99ff8860b79	/workspace/rst/cache_4_5/library/filelock/1.0.3/153c65999f1b5294f949a99ff8860b79/filelock	available
4.5.2	finetune	1.3.0	2026-04-20T06:14:25Z	61258232fbbd9ac78a40bdac730430a2	/workspace/rst/cache_4_5/library/finetune/1.3.0/61258232fbbd9ac78a40bdac730430a2/finetune	available
4.5.2	fishMod	0.29.2	2025-06-04T01:32:07Z	70f2589741db28721a79a5db7b05f9c0	/workspace/rst/cache_4_5/library/fishMod/0.29.2/70f2589741db28721a79a5db7b05f9c0/fishMod	available
4.5.2	fishmethods	1.13.1	2025-06-04T01:32:22Z	ce53642497bf565ecbdfd778e04f9d53	/workspace/rst/cache_4_5/library/fishmethods/1.13-1/ce53642497bf565ecbdfd778e04f9d53/fishmethods	available
4.5.2	fishpond	2.16.0	2025-11-05T09:51:14Z	e2d072b48dbd39ed36bc5d09e257ce66	/workspace/rst/cache_4_5/library/fishpond/2.16.0/e2d072b48dbd39ed36bc5d09e257ce66/fishpond	available
4.5.2	fission	1.30.0	2025-11-06T07:52:42Z	81b3d4f695a0d9ed328a9eb6dcb20f33	/workspace/rst/cache_4_5/library/fission/1.30.0/81b3d4f695a0d9ed328a9eb6dcb20f33/fission	available
4.5.2	fit.models	0.64	2025-06-04T01:33:33Z	b2c7405fadf75a7a98536b23ce708ab5	/workspace/rst/cache_4_5/library/fit.models/0.64/b2c7405fadf75a7a98536b23ce708ab5/fit.models	available
4.5.2	fitdistrplus	1.2.6	2026-01-26T07:07:46Z	15086d0f9756f3b411ea7b8631e72333	/workspace/rst/cache_4_5/library/fitdistrplus/1.2-6/15086d0f9756f3b411ea7b8631e72333/fitdistrplus	available
4.5.2	fivethirtyeight	0.6.2	2026-08-03T06:16:12Z	9779300635becbea5d84e2ecc15b7ae6	/workspace/rst/cache_4_5/library/fivethirtyeight/0.6.2/9779300635becbea5d84e2ecc15b7ae6/fivethirtyeight	available
4.5.2	fixest	0.14.2	2026-06-28T06:11:53Z	99d198b61ec43bd9306fab5c21bcf63e	/workspace/rst/cache_4_5/library/fixest/0.14.2/99d198b61ec43bd9306fab5c21bcf63e/fixest	available
4.5.2	flashClust	1.1.4	2026-03-05T07:08:45Z	88f894699bca36d41215bcc1faad6868	/workspace/rst/cache_4_5/library/flashClust/1.1-4/88f894699bca36d41215bcc1faad6868/flashClust	available
4.5.2	flexclust	1.5.0	2025-06-04T00:38:47Z	e61f490578b9a38a5ee4951af7299672	/workspace/rst/cache_4_5/library/flexclust/1.5.0/e61f490578b9a38a5ee4951af7299672/flexclust	available
4.5.2	flexdashboard	0.6.3	2026-01-30T07:07:52Z	d8ce947cbcf609d0e3ea3b7ee1a13e08	/workspace/rst/cache_4_5/library/flexdashboard/0.6.3/d8ce947cbcf609d0e3ea3b7ee1a13e08/flexdashboard	available
4.5.2	flexmix	2.3.21	2026-08-27T06:17:33Z	115d47d67d40da8e313d93800f0ad984	/workspace/rst/cache_4_5/library/flexmix/2.3-21/115d47d67d40da8e313d93800f0ad984/flexmix	available
4.5.2	flexsurv	2.3.2	2025-06-04T01:34:02Z	797bf58878b1a4462afca8550c0471d7	/workspace/rst/cache_4_5/library/flexsurv/2.3.2/797bf58878b1a4462afca8550c0471d7/flexsurv	available
4.5.2	flexsurvcure	1.3.3	2025-06-04T01:34:19Z	68a20b16f3c99b041d6daa96887955a3	/workspace/rst/cache_4_5/library/flexsurvcure/1.3.3/68a20b16f3c99b041d6daa96887955a3/flexsurvcure	available
4.5.2	flextable	0.9.9	2025-06-04T01:25:02Z	7441d1286a564ea6d98fe7063705fdfa	/workspace/rst/cache_4_5/library/flextable/0.9.9/7441d1286a564ea6d98fe7063705fdfa/flextable	available
4.5.2	float	0.3.3	2025-06-03T20:43:32Z	d5a2d67e4bf82a01a983b0efb51f7fe5	/workspace/rst/cache_4_5/library/float/0.3-3/d5a2d67e4bf82a01a983b0efb51f7fe5/float	available
4.5.2	flock	0.7	2025-06-04T00:39:45Z	bb565ab858a627e936bd0fcab885a1c3	/workspace/rst/cache_4_5/library/flock/0.7/bb565ab858a627e936bd0fcab885a1c3/flock	available
4.5.2	flowAI	1.40.0	2025-11-05T09:51:14Z	275c01ea0c148dc7f4b5f960dc99331f	/workspace/rst/cache_4_5/library/flowAI/1.40.0/275c01ea0c148dc7f4b5f960dc99331f/flowAI	available
4.5.2	flowClust	3.48.0	2025-11-05T09:51:15Z	dc27f344e3a97f135c175382ac12c048	/workspace/rst/cache_4_5/library/flowClust/3.48.0/dc27f344e3a97f135c175382ac12c048/flowClust	available
4.5.2	flowCore	2.22.1	2026-01-10T07:10:48Z	c86e401275744ea22ca690e91a6f2b89	/workspace/rst/cache_4_5/library/flowCore/2.22.1/c86e401275744ea22ca690e91a6f2b89/flowCore	available
4.5.2	flowStats	4.22.0	2025-11-05T09:51:15Z	169b99fe1bd7cda94e1150ddc8206aee	/workspace/rst/cache_4_5/library/flowStats/4.22.0/169b99fe1bd7cda94e1150ddc8206aee/flowStats	available
4.5.2	flowViz	1.74.0	2025-11-05T09:51:16Z	8339e5ab61bb1c122aeb5f74eeec75ed	/workspace/rst/cache_4_5/library/flowViz/1.74.0/8339e5ab61bb1c122aeb5f74eeec75ed/flowViz	available
4.5.2	flowWorkspace	4.22.1	2026-01-10T07:10:49Z	b09d99ce32fe467d55166d574f975d85	/workspace/rst/cache_4_5/library/flowWorkspace/4.22.1/b09d99ce32fe467d55166d574f975d85/flowWorkspace	available
4.5.2	flowWorkspaceData	3.22.0	2025-12-15T20:16:12Z	82f1c1c05eec5c0fc4a68e85731f38b0	/workspace/rst/cache_4_5/library/flowWorkspaceData/3.22.0/82f1c1c05eec5c0fc4a68e85731f38b0/flowWorkspaceData	available
4.5.2	flt3.aml.bakerlab.datapkg	1.0.6	2026-05-01T13:50:36Z	7b499af732849886a26b7a5e992e4f3c	/workspace/rst/cache_4_5/library/flt3.aml.bakerlab.datapkg/1.0.6/7b499af732849886a26b7a5e992e4f3c/flt3.aml.bakerlab.datapkg	available
4.5.2	flt3.aml.zfish.datapkg	0.0.0.9021	2026-06-22T22:27:01Z	884d2a03047ca8c9a3bcfbb7963d5b82	/workspace/rst/cache_4_5/library/flt3.aml.zfish.datapkg/0.0.0.9021/884d2a03047ca8c9a3bcfbb7963d5b82/flt3.aml.zfish.datapkg	available
4.5.2	fmcsR	1.52.0	2025-11-05T09:51:17Z	6079af12490815ec8576489a88531832	/workspace/rst/cache_4_5/library/fmcsR/1.52.0/6079af12490815ec8576489a88531832/fmcsR	available
4.5.2	fmeffects	0.1.4	2025-06-04T01:37:05Z	d97f6ec83bf62dcf36f8e1b89ba72e0f	/workspace/rst/cache_4_5/library/fmeffects/0.1.4/d97f6ec83bf62dcf36f8e1b89ba72e0f/fmeffects	available
4.5.2	fmesher	0.8.0	2026-06-25T06:09:28Z	e002e35469adae73988f77d120a5ded6	/workspace/rst/cache_4_5/library/fmesher/0.8.0/e002e35469adae73988f77d120a5ded6/fmesher	available
4.5.2	fmsb	0.7.6	2025-06-03T21:07:16Z	9951adba07fdb948525f8d2e58ff3958	/workspace/rst/cache_4_5/library/fmsb/0.7.6/9951adba07fdb948525f8d2e58ff3958/fmsb	available
4.5.2	foghorn	1.6.2	2026-07-18T06:12:47Z	db61b530a02aa66fe5c8cee69e25b21e	/workspace/rst/cache_4_5/library/foghorn/1.6.2/db61b530a02aa66fe5c8cee69e25b21e/foghorn	available
4.5.2	fontBitstreamVera	0.1.1	2025-06-04T01:25:02Z	588ef7308b421cce9e9daf805f6ee1aa	/workspace/rst/cache_4_5/library/fontBitstreamVera/0.1.1/588ef7308b421cce9e9daf805f6ee1aa/fontBitstreamVera	available
4.5.2	fontLiberation	0.1.0	2025-06-04T01:25:02Z	5e7f4d7948332a38ef619c115931d917	/workspace/rst/cache_4_5/library/fontLiberation/0.1.0/5e7f4d7948332a38ef619c115931d917/fontLiberation	available
4.5.2	fontawesome	0.5.3	2025-06-03T15:43:58Z	008ec1cc50e200182f1920e7f449256b	/workspace/rst/cache_4_5/library/fontawesome/0.5.3/008ec1cc50e200182f1920e7f449256b/fontawesome	available
4.5.2	fontcm	1.2	2025-09-27T05:44:06Z	a212db82040ae674e19e9e95e55f2a09	/workspace/rst/cache_4_5/library/fontcm/1.2/a212db82040ae674e19e9e95e55f2a09/fontcm	available
4.5.2	fontquiver	0.2.1	2025-06-04T01:25:03Z	61f243d66bc3242e9b3d6690f2df902a	/workspace/rst/cache_4_5/library/fontquiver/0.2.1/61f243d66bc3242e9b3d6690f2df902a/fontquiver	available
4.5.2	forcats	1.0.1	2025-12-24T15:06:17Z	dd819e32a07efb778da800070d42cf2b	/workspace/rst/cache_4_5/library/forcats/1.0.1/dd819e32a07efb778da800070d42cf2b/forcats	available
4.5.2	foreach	1.5.2	2025-06-03T16:31:10Z	af49014e72760a0de1ec5f78cf5ccb9e	/workspace/rst/cache_4_5/library/foreach/1.5.2/af49014e72760a0de1ec5f78cf5ccb9e/foreach	available
4.5.2	forecTheta	3.0.3	2026-06-18T06:08:17Z	b9cdc45cc87d07d22c2d276004603c65	/workspace/rst/cache_4_5/library/forecTheta/3.0.3/b9cdc45cc87d07d22c2d276004603c65/forecTheta	available
4.5.2	forecast	9.0.2	2026-04-23T16:48:36Z	033a2d8318a3e4eeb255f85ce312e7b0	/workspace/rst/cache_4_5/library/forecast/9.0.2/033a2d8318a3e4eeb255f85ce312e7b0/forecast	available
4.5.2	foreign	0.8.91	2026-01-31T07:04:41Z	a1072448d7692367acdad304fef057e3	/workspace/rst/cache_4_5/library/foreign/0.8-91/a1072448d7692367acdad304fef057e3/foreign	available
4.5.2	forestplot	3.2.0	2026-03-06T07:48:02Z	60490e147300bc5bffb132e873d839f6	/workspace/rst/cache_4_5/library/forestplot/3.2.0/60490e147300bc5bffb132e873d839f6/forestplot	available
4.5.2	forge	0.2.1	2026-05-31T06:07:58Z	4ea65670788782173c7d17a731226527	/workspace/rst/cache_4_5/library/forge/0.2.1/4ea65670788782173c7d17a731226527/forge	available
4.5.2	formatR	1.14	2025-06-03T15:43:59Z	61d96331be65c16b3243e397aba2b92d	/workspace/rst/cache_4_5/library/formatR/1.14/61d96331be65c16b3243e397aba2b92d/formatR	available
4.5.2	formattable	0.2.1	2025-06-04T01:38:14Z	662b7d27b8f9aa76732d031fd903b676	/workspace/rst/cache_4_5/library/formattable/0.2.1/662b7d27b8f9aa76732d031fd903b676/formattable	available
4.5.2	formatters	0.5.13	2026-09-17T06:22:05Z	368156f1b60fffa5c2129181d590119c	/workspace/rst/cache_4_5/library/formatters/0.5.13/368156f1b60fffa5c2129181d590119c/formatters	available
4.5.2	formula.tools	1.7.1	2025-06-04T01:38:41Z	3b20550484b3422e136d480052cb5914	/workspace/rst/cache_4_5/library/formula.tools/1.7.1/3b20550484b3422e136d480052cb5914/formula.tools	available
4.5.2	fortunes	1.5.5	2026-06-28T06:11:53Z	70ef6cc4a20f70dd4649c291dbc09ecd	/workspace/rst/cache_4_5/library/fortunes/1.5-5/70ef6cc4a20f70dd4649c291dbc09ecd/fortunes	available
4.5.2	forward	1.0.7	2025-11-02T05:59:50Z	5ba2dfe3890761e28c1665f2d46e2fb2	/workspace/rst/cache_4_5/library/forward/1.0.7/5ba2dfe3890761e28c1665f2d46e2fb2/forward	available
4.5.2	fpc	2.2.15	2026-08-21T06:19:36Z	db249509e4720f27a38e01838ae627e2	/workspace/rst/cache_4_5/library/fpc/2.2-15/db249509e4720f27a38e01838ae627e2/fpc	available
4.5.2	fracdiff	1.5.4	2026-04-29T06:05:11Z	9ebcd6aaebac15fb16a7b6efdc0433ad	/workspace/rst/cache_4_5/library/fracdiff/1.5-4/9ebcd6aaebac15fb16a7b6efdc0433ad/fracdiff	available
4.5.2	fractional	0.1.3	2025-06-12T05:37:10Z	313643efc4457ae32ea43df41ee5146e	/workspace/rst/cache_4_5/library/fractional/0.1.3/313643efc4457ae32ea43df41ee5146e/fractional	available
4.5.2	frailtyEM	1.0.1	2025-06-04T01:39:07Z	c780ffde4576faf0a33c2309c88ed5ee	/workspace/rst/cache_4_5/library/frailtyEM/1.0.1/c780ffde4576faf0a33c2309c88ed5ee/frailtyEM	available
4.5.2	frailtypack	3.8.1	2026-08-27T06:17:34Z	beae79ab2e9cd141b5aa6bd97dd4df03	/workspace/rst/cache_4_5/library/frailtypack/3.8.1/beae79ab2e9cd141b5aa6bd97dd4df03/frailtypack	available
4.5.2	frbs	3.3.0	2026-07-24T06:13:56Z	0083fe1cc4f8091a301f858851b2d4ba	/workspace/rst/cache_4_5/library/frbs/3.3-0/0083fe1cc4f8091a301f858851b2d4ba/frbs	available
4.5.2	fresh	0.2.2	2025-12-06T20:46:06Z	cff5ffe096babed919cc7391fe44c86b	/workspace/rst/cache_4_5/library/fresh/0.2.2/cff5ffe096babed919cc7391fe44c86b/fresh	available
4.5.2	fru	1.0.0	2026-08-22T06:22:24Z	fec1c26a651e35489a452feff9e90072	/workspace/rst/cache_4_5/library/fru/1.0.0/fec1c26a651e35489a452feff9e90072/fru	available
4.5.2	fs	2.1.0	2026-04-20T06:14:26Z	a06fdab7baf77cc5576a7ad757a4dfa5	/workspace/rst/cache_4_5/library/fs/2.1.0/a06fdab7baf77cc5576a7ad757a4dfa5/fs	available
4.5.2	fso	2.1.4	2025-08-01T05:49:35Z	3bc805ccf10cdab55b13ac28c1f85bca	/workspace/rst/cache_4_5/library/fso/2.1-4/3bc805ccf10cdab55b13ac28c1f85bca/fso	available
4.5.2	fst	0.9.8	2025-06-04T01:39:51Z	a267fa8f571b1ad6229997664f2fb0f1	/workspace/rst/cache_4_5/library/fst/0.9.8/a267fa8f571b1ad6229997664f2fb0f1/fst	available
4.5.2	fstcore	0.10.0	2025-06-04T01:39:51Z	414fb6b004a3b8e0ef0e73c5fd23c4ce	/workspace/rst/cache_4_5/library/fstcore/0.10.0/414fb6b004a3b8e0ef0e73c5fd23c4ce/fstcore	available
4.5.2	ftExtra	0.6.5	2026-09-17T06:22:05Z	a4068811ad4eb3fe6f1926d83065326e	/workspace/rst/cache_4_5/library/ftExtra/0.6.5/a4068811ad4eb3fe6f1926d83065326e/ftExtra	available
4.5.2	ftsa	6.7	2026-04-02T06:19:38Z	7df6d86dddd53f44f72f7601b00586ca	/workspace/rst/cache_4_5/library/ftsa/6.7/7df6d86dddd53f44f72f7601b00586ca/ftsa	available
4.5.2	fungible	2.4.8	2026-09-06T06:25:27Z	c98a7528e7930ee20ee966d9204e3417	/workspace/rst/cache_4_5/library/fungible/2.4.8/c98a7528e7930ee20ee966d9204e3417/fungible	available
4.5.2	furrr	0.4.0	2026-04-02T06:19:38Z	7fc608b8feeaaf980e754904703b4724	/workspace/rst/cache_4_5/library/furrr/0.4.0/7fc608b8feeaaf980e754904703b4724/furrr	available
4.5.2	futile.logger	1.4.9	2025-12-31T06:57:04Z	90da7721df7e4fcb7ad90fddeecc4105	/workspace/rst/cache_4_5/library/futile.logger/1.4.9/90da7721df7e4fcb7ad90fddeecc4105/futile.logger	available
4.5.2	futile.options	1.0.1	2025-06-03T15:44:00Z	228350d5084d96ec2f3e57b2ed07b430	/workspace/rst/cache_4_5/library/futile.options/1.0.1/228350d5084d96ec2f3e57b2ed07b430/futile.options	available
4.5.2	future	1.76.0	2026-09-26T06:21:51Z	afc4ddd858ee5266027e00bf9b110ff3	/workspace/rst/cache_4_5/library/future/1.76.0/afc4ddd858ee5266027e00bf9b110ff3/future	available
4.5.2	future.apply	1.20.2	2026-02-22T07:08:43Z	c41e6ba01e97ca85440da18fbfa498c4	/workspace/rst/cache_4_5/library/future.apply/1.20.2/c41e6ba01e97ca85440da18fbfa498c4/future.apply	available
4.5.2	future.batchtools	0.22.0	2026-04-27T06:11:30Z	c6d4beddb55112e6f572467a3fb5950d	/workspace/rst/cache_4_5/library/future.batchtools/0.22.0/c6d4beddb55112e6f572467a3fb5950d/future.batchtools	available
4.5.2	future.callr	1.0.0	2026-06-24T06:10:44Z	423769e1b5a43cbd62c38f428921fe43	/workspace/rst/cache_4_5/library/future.callr/1.0.0/423769e1b5a43cbd62c38f428921fe43/future.callr	available
4.5.2	fuzzyjoin	0.1.8	2026-02-22T07:08:44Z	150d9daed929cab50c87a19b19087551	/workspace/rst/cache_4_5/library/fuzzyjoin/0.1.8/150d9daed929cab50c87a19b19087551/fuzzyjoin	available
4.5.2	fwb	0.6.0	2026-05-31T06:07:59Z	48ba71f36ac8a6c4c8da602739971b87	/workspace/rst/cache_4_5/library/fwb/0.6.0/48ba71f36ac8a6c4c8da602739971b87/fwb	available
4.5.2	gProfileR	0.7.0	2025-06-03T19:42:31Z	46fa671041d779aa0015b599bd0f9153	/workspace/rst/cache_4_5/library/gProfileR/0.7.0/46fa671041d779aa0015b599bd0f9153/gProfileR	available
4.5.2	gRain	1.4.6	2026-03-04T07:04:35Z	a38d381dfd6694675d450af652f727b6	/workspace/rst/cache_4_5/library/gRain/1.4.6/a38d381dfd6694675d450af652f727b6/gRain	available
4.5.2	gRbase	2.0.3	2025-06-04T01:41:21Z	c69e63902335823aaf90488eb556a9c2	/workspace/rst/cache_4_5/library/gRbase/2.0.3/c69e63902335823aaf90488eb556a9c2/gRbase	available
4.5.2	gRim	0.3.4	2025-06-04T01:41:36Z	4185faa2f622f8388df2f96748c2b2a4	/workspace/rst/cache_4_5/library/gRim/0.3.4/4185faa2f622f8388df2f96748c2b2a4/gRim	available
4.5.2	gage	2.60.0	2025-11-06T07:52:43Z	31e77f7349e94a3140b9a83c7f942e9e	/workspace/rst/cache_4_5/library/gage/2.60.0/31e77f7349e94a3140b9a83c7f942e9e/gage	available
4.5.2	gageData	2.48.0	2025-11-06T07:52:43Z	af41cf5cfadab83afb90a557ea30df10	/workspace/rst/cache_4_5/library/gageData/2.48.0/af41cf5cfadab83afb90a557ea30df10/gageData	available
4.5.2	gam	1.22.7	2025-12-15T20:16:13Z	4144f1d63f67366d6211cebedf7c82d8	/workspace/rst/cache_4_5/library/gam/1.22-7/4144f1d63f67366d6211cebedf7c82d8/gam	available
4.5.2	gamair	1.0.2	2025-06-04T01:41:49Z	3e82cabb4bec22e67f92219d6fe5974f	/workspace/rst/cache_4_5/library/gamair/1.0-2/3e82cabb4bec22e67f92219d6fe5974f/gamair	available
4.5.2	gamboostLSS	2.2.0	2026-01-31T07:04:41Z	01613427c7b8fd39da4013bd24d49e7a	/workspace/rst/cache_4_5/library/gamboostLSS/2.2-0/01613427c7b8fd39da4013bd24d49e7a/gamboostLSS	available
4.5.2	gamlss	5.5.0	2025-12-06T20:46:10Z	330979cabedbbfd5f3b45784c8c36076	/workspace/rst/cache_4_5/library/gamlss/5.5-0/330979cabedbbfd5f3b45784c8c36076/gamlss	available
4.5.2	gamlss.cens	5.0.7	2025-06-04T01:42:16Z	c5fd9d03dce36325cce7008baf178396	/workspace/rst/cache_4_5/library/gamlss.cens/5.0-7/c5fd9d03dce36325cce7008baf178396/gamlss.cens	available
4.5.2	gamlss.data	6.0.7	2025-12-06T20:46:10Z	004d6575b5ae3e5f6fb197dd1188cd39	/workspace/rst/cache_4_5/library/gamlss.data/6.0-7/004d6575b5ae3e5f6fb197dd1188cd39/gamlss.data	available
4.5.2	gamlss.dist	6.1.11	2026-09-12T06:18:56Z	f8e9f9a8c1802bca9e4fc33f3f345030	/workspace/rst/cache_4_5/library/gamlss.dist/6.1-11/f8e9f9a8c1802bca9e4fc33f3f345030/gamlss.dist	available
4.5.2	gamm4	0.3.0	2026-08-05T06:21:00Z	f83cb20eac5d54366971e8524688dc4d	/workspace/rst/cache_4_5/library/gamm4/0.3-0/f83cb20eac5d54366971e8524688dc4d/gamm4	available
4.5.2	gap	1.9	2026-02-08T07:06:07Z	44f40260f7594a47c215347fee23e319	/workspace/rst/cache_4_5/library/gap/1.9/44f40260f7594a47c215347fee23e319/gap	available
4.5.2	gap.datasets	0.0.6	2025-06-03T18:20:23Z	5f1ff54a68b6de6d3518f09c267d91c2	/workspace/rst/cache_4_5/library/gap.datasets/0.0.6/5f1ff54a68b6de6d3518f09c267d91c2/gap.datasets	available
4.5.2	gapminder	1.0.1	2025-12-15T20:16:13Z	9390b8cfe01b0882189d7f37a446d548	/workspace/rst/cache_4_5/library/gapminder/1.0.1/9390b8cfe01b0882189d7f37a446d548/gapminder	available
4.5.2	gargle	1.6.1	2026-01-31T07:04:42Z	9dfb66ec736b569dc010a0507091e79c	/workspace/rst/cache_4_5/library/gargle/1.6.1/9dfb66ec736b569dc010a0507091e79c/gargle	available
4.5.2	garnett	0.2.22	2025-12-21T14:56:02Z	284d3fc702c42f4a4b0237eff83365b7	/workspace/rst/cache_4_5/library/garnett/0.2.22/284d3fc702c42f4a4b0237eff83365b7/garnett	available
4.5.2	gaston	1.6	2025-06-04T01:42:57Z	119f208cfe0c434f2e52673197ce0cb5	/workspace/rst/cache_4_5/library/gaston/1.6/119f208cfe0c434f2e52673197ce0cb5/gaston	available
4.5.2	gbRd	0.4.12	2025-06-04T01:43:10Z	642a519b44fc61547fa4d010552e6d24	/workspace/rst/cache_4_5/library/gbRd/0.4.12/642a519b44fc61547fa4d010552e6d24/gbRd	available
4.5.2	gbm	2.3.1	2026-07-11T06:10:33Z	488ff0c04a9691e19a969984edf22eb9	/workspace/rst/cache_4_5/library/gbm/2.3.1/488ff0c04a9691e19a969984edf22eb9/gbm	available
4.5.2	gbutils	0.5.1	2025-12-20T07:07:47Z	97ef0f4d342e307eaf1fd3ffc4d20bed	/workspace/rst/cache_4_5/library/gbutils/0.5.1/97ef0f4d342e307eaf1fd3ffc4d20bed/gbutils	available
4.5.2	gcdnet	1.0.6	2026-03-17T06:14:51Z	accd2b0d514dbebc1ecdcdfa748231f6	/workspace/rst/cache_4_5/library/gcdnet/1.0.6/accd2b0d514dbebc1ecdcdfa748231f6/gcdnet	available
4.5.2	gclus	1.3.3	2025-06-03T18:28:18Z	0ebd567b86aecf0ea7d498080fd04f5d	/workspace/rst/cache_4_5/library/gclus/1.3.3/0ebd567b86aecf0ea7d498080fd04f5d/gclus	available
4.5.2	gcookbook	2.0.1	2025-06-04T01:43:27Z	f2c981221d35030546b8b1c33e54c848	/workspace/rst/cache_4_5/library/gcookbook/2.0.1/f2c981221d35030546b8b1c33e54c848/gcookbook	available
4.5.2	gcrma	2.82.0	2025-11-05T09:51:17Z	6774fa083a9637f56b732d9d152031c0	/workspace/rst/cache_4_5/library/gcrma/2.82.0/6774fa083a9637f56b732d9d152031c0/gcrma	available
4.5.2	gdata	3.0.1	2025-06-03T20:14:43Z	c365f9f97d922d50fdae765fe16ab5ee	/workspace/rst/cache_4_5/library/gdata/3.0.1/c365f9f97d922d50fdae765fe16ab5ee/gdata	available
4.5.2	gdsfmt	1.46.0	2025-12-15T20:16:14Z	b8a9bf23e971db605b29fb1113155ef9	/workspace/rst/cache_4_5/library/gdsfmt/1.46.0/b8a9bf23e971db605b29fb1113155ef9/gdsfmt	available
4.5.2	gdtools	0.5.1	2026-05-27T06:21:56Z	706c4a4aeb5e535386a11e0b6ee2b23a	/workspace/rst/cache_4_5/library/gdtools/0.5.1/706c4a4aeb5e535386a11e0b6ee2b23a/gdtools	available
4.5.2	gee	4.13.30	2026-08-05T06:21:00Z	e88100cf370324c8f3475545355a50f1	/workspace/rst/cache_4_5/library/gee/4.13-30/e88100cf370324c8f3475545355a50f1/gee	available
4.5.2	geepack	1.3.13	2025-12-06T20:46:12Z	99c1c21a72b1f3b22bd50dd0f9878951	/workspace/rst/cache_4_5/library/geepack/1.3.13/99c1c21a72b1f3b22bd50dd0f9878951/geepack	available
4.5.2	gemtc	1.1.2	2026-08-23T06:21:27Z	cef77e290e4c3fdf46c900cdb01d306e	/workspace/rst/cache_4_5/library/gemtc/1.1-2/cef77e290e4c3fdf46c900cdb01d306e/gemtc	available
4.5.2	genalg	0.2.1	2025-06-04T01:48:21Z	e0e3531b2eb396480350b474b0634835	/workspace/rst/cache_4_5/library/genalg/0.2.1/e0e3531b2eb396480350b474b0634835/genalg	available
4.5.2	genefilter	1.92.0	2026-02-24T15:26:03Z	3121db98f97293e1d4d08e36025672e5	/workspace/rst/cache_4_5/library/genefilter/1.92.0/3121db98f97293e1d4d08e36025672e5/genefilter	available
4.5.2	genefu	2.42.0	2025-11-05T09:51:18Z	689768f5e200706a1153ec5d0c41eb33	/workspace/rst/cache_4_5/library/genefu/2.42.0/689768f5e200706a1153ec5d0c41eb33/genefu	available
4.5.2	geneplotter	1.88.0	2026-02-24T15:26:03Z	74f295c5644c0c3ca7ac8588c9be07f9	/workspace/rst/cache_4_5/library/geneplotter/1.88.0/74f295c5644c0c3ca7ac8588c9be07f9/geneplotter	available
4.5.2	generics	0.1.4	2025-06-03T15:44:01Z	369963c35c9fdd8716706e63fa77ced6	/workspace/rst/cache_4_5/library/generics/0.1.4/369963c35c9fdd8716706e63fa77ced6/generics	available
4.5.2	genetics	1.3.8.1.3	2025-06-04T01:48:34Z	e4b4f6465fc136e1290a4c40755d2563	/workspace/rst/cache_4_5/library/genetics/1.3.8.1.3/e4b4f6465fc136e1290a4c40755d2563/genetics	available
4.5.2	genieclust	1.3.0	2026-06-13T06:15:44Z	e447864fbf8510edf219007409739a2a	/workspace/rst/cache_4_5/library/genieclust/1.3.0/e447864fbf8510edf219007409739a2a/genieclust	available
4.5.2	genotyping.functions	0.0.0.9007	2025-06-17T01:26:19Z	550c9b3ca5115345a2aae3bffea0ebfe	/workspace/rst/cache_4_5/library/genotyping.functions/0.0.0.9007/550c9b3ca5115345a2aae3bffea0ebfe/genotyping.functions	available
4.5.2	geoR	1.9.6	2025-12-06T20:46:12Z	2724b9559294a824b03e7d3c7d711211	/workspace/rst/cache_4_5/library/geoR/1.9-6/2724b9559294a824b03e7d3c7d711211/geoR	available
4.5.2	geojsonsf	2.0.5	2025-12-06T20:46:12Z	5c532f5839075de494bfe4d6f734f1f0	/workspace/rst/cache_4_5/library/geojsonsf/2.0.5/5c532f5839075de494bfe4d6f734f1f0/geojsonsf	available
4.5.2	geometries	0.2.5	2025-12-15T20:16:14Z	80e938ff412325f73680caff6182be15	/workspace/rst/cache_4_5/library/geometries/0.2.5/80e938ff412325f73680caff6182be15/geometries	available
4.5.2	geometry	0.5.2	2025-06-03T19:30:54Z	a2ace0ef636addc00b5685f0b488532b	/workspace/rst/cache_4_5/library/geometry/0.5.2/a2ace0ef636addc00b5685f0b488532b/geometry	available
4.5.2	geomtextpath	0.2.0	2026-02-03T07:08:53Z	508aa41a2e8ba81fc3e854e960216808	/workspace/rst/cache_4_5/library/geomtextpath/0.2.0/508aa41a2e8ba81fc3e854e960216808/geomtextpath	available
4.5.2	geosphere	1.6.8	2026-04-07T06:17:38Z	ceb0e789491403af0b52214d00cf1418	/workspace/rst/cache_4_5/library/geosphere/1.6-8/ceb0e789491403af0b52214d00cf1418/geosphere	available
4.5.2	gert	2.4.1	2026-08-21T06:19:36Z	5ada898f3a7c2dc5784ddb42874f77ed	/workspace/rst/cache_4_5/library/gert/2.4.1/5ada898f3a7c2dc5784ddb42874f77ed/gert	available
4.5.2	getPass	0.2.4	2025-06-04T01:49:01Z	66c14a861814b2fd3b0d76b9afc2a533	/workspace/rst/cache_4_5/library/getPass/0.2-4/66c14a861814b2fd3b0d76b9afc2a533/getPass	available
4.5.2	getip	0.1.4	2025-06-04T01:05:41Z	1146c307676111500e340fcda8ad55ba	/workspace/rst/cache_4_5/library/getip/0.1-4/1146c307676111500e340fcda8ad55ba/getip	available
4.5.2	getopt	1.21.1	2026-04-29T06:05:12Z	fe56f24e6a6bb39ad6b28ddce5425c3c	/workspace/rst/cache_4_5/library/getopt/1.21.1/fe56f24e6a6bb39ad6b28ddce5425c3c/getopt	available
4.5.2	gettz	0.0.6	2026-08-27T06:17:35Z	82794502d024a6b430443dca58d9e096	/workspace/rst/cache_4_5/library/gettz/0.0.6/82794502d024a6b430443dca58d9e096/gettz	available
4.5.2	gfonts	0.2.1	2026-09-25T06:20:19Z	d5b8ec1f5de7618cb81604565b6acb29	/workspace/rst/cache_4_5/library/gfonts/0.2.1/d5b8ec1f5de7618cb81604565b6acb29/gfonts	available
4.5.2	gg.gap	1.3	2025-06-08T05:40:27Z	98f60fa191d42f13d3446c9dc1e32342	/workspace/rst/cache_4_5/library/gg.gap/1.3/98f60fa191d42f13d3446c9dc1e32342/gg.gap	available
4.5.2	ggExtra	0.11.0	2025-12-06T20:46:14Z	f75f4f0f3f8f649876bf023648f16494	/workspace/rst/cache_4_5/library/ggExtra/0.11.0/f75f4f0f3f8f649876bf023648f16494/ggExtra	available
4.5.2	ggHoriPlot	1.0.1	2025-06-04T01:50:10Z	ad86a621d2dd40f85dbf90aed7587cb2	/workspace/rst/cache_4_5/library/ggHoriPlot/1.0.1/ad86a621d2dd40f85dbf90aed7587cb2/ggHoriPlot	available
4.5.2	ggResidpanel	0.4.1	2026-09-08T06:18:43Z	95de1ed25a00bc2a3c9d0259cfd9a0cd	/workspace/rst/cache_4_5/library/ggResidpanel/0.4.1/95de1ed25a00bc2a3c9d0259cfd9a0cd/ggResidpanel	available
4.5.2	ggVennDiagram	1.5.7	2026-01-12T06:56:14Z	5745e156322a1292c53e65118b4fb70f	/workspace/rst/cache_4_5/library/ggVennDiagram/1.5.7/5745e156322a1292c53e65118b4fb70f/ggVennDiagram	available
4.5.2	ggalign	1.2.0	2025-12-06T20:46:14Z	db28dc743c74924f6f4ade26a2933cc2	/workspace/rst/cache_4_5/library/ggalign/1.2.0/db28dc743c74924f6f4ade26a2933cc2/ggalign	available
4.5.2	ggalluvial	0.12.6	2026-02-24T07:07:01Z	2a693acc9f1d3143eef75c835f378a5b	/workspace/rst/cache_4_5/library/ggalluvial/0.12.6/2a693acc9f1d3143eef75c835f378a5b/ggalluvial	available
4.5.2	gganimate	1.0.9	2025-06-04T01:51:12Z	aad8066cda17ea983f42cd2ba6a2e290	/workspace/rst/cache_4_5/library/gganimate/1.0.9/aad8066cda17ea983f42cd2ba6a2e290/gganimate	available
4.5.2	ggarchery	0.4.4	2025-08-05T15:29:00Z	b651f352ee9106946e1d8b95dd3e62f1	/workspace/rst/cache_4_5/library/ggarchery/0.4.4/b651f352ee9106946e1d8b95dd3e62f1/ggarchery	available
4.5.2	ggarrow	0.2.0	2026-09-09T06:19:41Z	716f11b1ffd008d93dd080f17cf89942	/workspace/rst/cache_4_5/library/ggarrow/0.2.0/716f11b1ffd008d93dd080f17cf89942/ggarrow	available
4.5.2	ggbeeswarm	0.7.3	2025-12-24T15:06:20Z	9c7d3ec5c791b64f241dfba354ed7a50	/workspace/rst/cache_4_5/library/ggbeeswarm/0.7.3/9c7d3ec5c791b64f241dfba354ed7a50/ggbeeswarm	available
4.5.2	ggbio	1.58.0	2025-11-05T09:51:19Z	16d480dca0a6ff092f5ce5df9ce21fb7	/workspace/rst/cache_4_5/library/ggbio/1.58.0/16d480dca0a6ff092f5ce5df9ce21fb7/ggbio	available
4.5.2	ggbiplot	0.6.5	2026-09-09T06:19:41Z	8338ed7f38f54321fa42d7f9eaf5e2f3	/workspace/rst/cache_4_5/library/ggbiplot/0.6.5/8338ed7f38f54321fa42d7f9eaf5e2f3/ggbiplot	available
4.5.2	ggcorrplot	0.3.0	2026-07-26T06:13:36Z	b450dc9bf74cbb7ee1b1a0e576086578	/workspace/rst/cache_4_5/library/ggcorrplot/0.3.0/b450dc9bf74cbb7ee1b1a0e576086578/ggcorrplot	available
4.5.2	ggcyto	1.38.1	2026-01-10T07:10:49Z	82c8b3e666da830e4ac85f3479a03b7e	/workspace/rst/cache_4_5/library/ggcyto/1.38.1/82c8b3e666da830e4ac85f3479a03b7e/ggcyto	available
4.5.2	ggdag	0.2.13	2025-06-04T01:51:58Z	1fca3e7a19b4f02c77d0cc5aa5143775	/workspace/rst/cache_4_5/library/ggdag/0.2.13/1fca3e7a19b4f02c77d0cc5aa5143775/ggdag	available
4.5.2	ggdendro	0.2.0	2025-06-04T01:52:12Z	f7bbc647d351d4b21b73bea69e846b18	/workspace/rst/cache_4_5/library/ggdendro/0.2.0/f7bbc647d351d4b21b73bea69e846b18/ggdendro	available
4.5.2	ggdist	3.3.3	2025-06-03T15:44:02Z	95dcc5bb397f3fb621f2199733472125	/workspace/rst/cache_4_5/library/ggdist/3.3.3/95dcc5bb397f3fb621f2199733472125/ggdist	available
4.5.2	gge	1.9	2025-10-10T05:52:15Z	0b3fc0cbc7bf6bd044d5c0a619eb6c0f	/workspace/rst/cache_4_5/library/gge/1.9/0b3fc0cbc7bf6bd044d5c0a619eb6c0f/gge	available
4.5.2	ggeffects	2.3.2	2025-12-18T07:05:41Z	2561fea3486412bc0f3bff6b96548e7a	/workspace/rst/cache_4_5/library/ggeffects/2.3.2/2561fea3486412bc0f3bff6b96548e7a/ggeffects	available
4.5.2	ggfittext	0.10.4	2026-07-07T06:20:36Z	0e6da5bc90541813a6688e0c435676ff	/workspace/rst/cache_4_5/library/ggfittext/0.10.4/0e6da5bc90541813a6688e0c435676ff/ggfittext	available
4.5.2	ggforce	0.5.0	2025-12-24T15:06:20Z	5d1cccb4e05be5fdf17fa3ae913fa04a	/workspace/rst/cache_4_5/library/ggforce/0.5.0/5d1cccb4e05be5fdf17fa3ae913fa04a/ggforce	available
4.5.2	ggfortify	0.4.23	2026-09-08T06:18:44Z	93e18e973cde311c7ec9433299cbe3c5	/workspace/rst/cache_4_5/library/ggfortify/0.4.23/93e18e973cde311c7ec9433299cbe3c5/ggfortify	available
4.5.2	ggfun	0.2.1	2026-07-04T06:15:14Z	01a19d9ebc0d0766f44290ce7c5ffd9d	/workspace/rst/cache_4_5/library/ggfun/0.2.1/01a19d9ebc0d0766f44290ce7c5ffd9d/ggfun	available
4.5.2	gggenes	0.7.0	2026-09-02T06:21:46Z	ac0ed795955ac1aead0b91f5b843ba97	/workspace/rst/cache_4_5/library/gggenes/0.7.0/ac0ed795955ac1aead0b91f5b843ba97/gggenes	available
4.5.2	gggrid	0.2.0	2026-01-25T07:12:13Z	e05313a0a7a081beac9a6e762cf06bf6	/workspace/rst/cache_4_5/library/gggrid/0.2-0/e05313a0a7a081beac9a6e762cf06bf6/gggrid	available
4.5.2	ggh4x	0.3.1	2025-06-04T01:52:56Z	8fb7a74f74cd0946d8e5b065c842a52c	/workspace/rst/cache_4_5/library/ggh4x/0.3.1/8fb7a74f74cd0946d8e5b065c842a52c/ggh4x	available
4.5.2	ggimage	0.3.5	2026-01-10T07:10:49Z	4d42241d7d9fa16cfc82ad7fa78c1ba5	/workspace/rst/cache_4_5/library/ggimage/0.3.5/4d42241d7d9fa16cfc82ad7fa78c1ba5/ggimage	available
4.5.2	gginnards	0.2.0.2	2025-12-06T20:46:17Z	8569d65f31f38d634b05a7a7e11bd525	/workspace/rst/cache_4_5/library/gginnards/0.2.0-2/8569d65f31f38d634b05a7a7e11bd525/gginnards	available
4.5.2	ggiraph	0.9.6	2026-02-23T07:04:45Z	59fe98b105be5950cda71d8ddd902dea	/workspace/rst/cache_4_5/library/ggiraph/0.9.6/59fe98b105be5950cda71d8ddd902dea/ggiraph	available
4.5.2	gglm	1.1.0	2026-08-03T06:16:12Z	f10b018cf20ee561ae51e9eeb3c2c051	/workspace/rst/cache_4_5/library/gglm/1.1.0/f10b018cf20ee561ae51e9eeb3c2c051/gglm	available
4.5.2	ggm	2.5.4	2026-08-06T06:17:27Z	6136a904bbfd2a41283646a6962e9579	/workspace/rst/cache_4_5/library/ggm/2.5.4/6136a904bbfd2a41283646a6962e9579/ggm	available
4.5.2	ggnetwork	0.5.14	2025-12-24T15:06:20Z	ff406d5d29b1511f4af41f81b90af2d1	/workspace/rst/cache_4_5/library/ggnetwork/0.5.14/ff406d5d29b1511f4af41f81b90af2d1/ggnetwork	available
4.5.2	ggnewscale	0.5.2	2025-12-06T20:46:18Z	a1d523b5abf091b01a798e126c3ef853	/workspace/rst/cache_4_5/library/ggnewscale/0.5.2/a1d523b5abf091b01a798e126c3ef853/ggnewscale	available
4.5.2	ggokabeito	0.1.0	2025-06-04T01:54:08Z	01cd20fae77c140f16f87b7ab3044d4d	/workspace/rst/cache_4_5/library/ggokabeito/0.1.0/01cd20fae77c140f16f87b7ab3044d4d/ggokabeito	available
4.5.2	ggparty	1.0.0.1	2025-12-06T20:46:19Z	ec2a8ae9f142cdcc73847a050a94f2b4	/workspace/rst/cache_4_5/library/ggparty/1.0.0.1/ec2a8ae9f142cdcc73847a050a94f2b4/ggparty	available
4.5.2	ggpattern	1.3.1	2026-03-09T06:19:37Z	9d892783969a2671634a2617715c77de	/workspace/rst/cache_4_5/library/ggpattern/1.3.1/9d892783969a2671634a2617715c77de/ggpattern	available
4.5.2	ggpcp	0.2.0	2026-09-17T06:22:05Z	e6b9b40e995a0cefcf138ea2aa3d558f	/workspace/rst/cache_4_5/library/ggpcp/0.2.0/e6b9b40e995a0cefcf138ea2aa3d558f/ggpcp	available
4.5.2	ggplot.multistats	1.0.1	2025-06-04T01:14:39Z	99afb4925136f7116c5b7c62667c4c7d	/workspace/rst/cache_4_5/library/ggplot.multistats/1.0.1/99afb4925136f7116c5b7c62667c4c7d/ggplot.multistats	available
4.5.2	ggplot2	4.0.3	2026-04-24T06:14:30Z	ac0cc89d502e03a2171758625076bd20	/workspace/rst/cache_4_5/library/ggplot2/4.0.3/ac0cc89d502e03a2171758625076bd20/ggplot2	available
4.5.2	ggplot2movies	0.0.1	2025-06-04T01:54:26Z	b73f74e9ec35ce51bbcb11393afb1439	/workspace/rst/cache_4_5/library/ggplot2movies/0.0.1/b73f74e9ec35ce51bbcb11393afb1439/ggplot2movies	available
4.5.2	ggplotify	0.1.3	2026-05-26T14:27:37Z	82758f2e72ac992b8dca1e328b4e3394	/workspace/rst/cache_4_5/library/ggplotify/0.1.3/82758f2e72ac992b8dca1e328b4e3394/ggplotify	available
4.5.2	ggpmisc	1.0.0	2026-07-07T06:20:36Z	d5306e62de3bf02922e7b7fcd6f2b4c2	/workspace/rst/cache_4_5/library/ggpmisc/1.0.0/d5306e62de3bf02922e7b7fcd6f2b4c2/ggpmisc	available
4.5.2	ggpointdensity	0.2.1	2025-12-06T20:46:19Z	0ef0a911f891d1faed731dd7f2128a09	/workspace/rst/cache_4_5/library/ggpointdensity/0.2.1/0ef0a911f891d1faed731dd7f2128a09/ggpointdensity	available
4.5.2	ggpol	0.0.7	2025-06-04T01:55:09Z	422d638d611c63d3ad32a1dc8c26f110	/workspace/rst/cache_4_5/library/ggpol/0.0.7/422d638d611c63d3ad32a1dc8c26f110/ggpol	available
4.5.2	ggpolypath	0.4.0	2026-04-02T06:19:38Z	9051b0128f4dbec76551aabd429fc6a2	/workspace/rst/cache_4_5/library/ggpolypath/0.4.0/9051b0128f4dbec76551aabd429fc6a2/ggpolypath	available
4.5.2	ggpp	0.6.1	2026-07-04T06:15:14Z	5f29192f2bd39a458afed861d0904fea	/workspace/rst/cache_4_5/library/ggpp/0.6.1/5f29192f2bd39a458afed861d0904fea/ggpp	available
4.5.2	ggpubr	1.0.0	2026-07-08T06:21:25Z	b05ddcf851a137bbc1a9118d9d2a1b19	/workspace/rst/cache_4_5/library/ggpubr/1.0.0/b05ddcf851a137bbc1a9118d9d2a1b19/ggpubr	available
4.5.2	ggraph	2.2.2	2025-12-06T20:46:21Z	f9da0f42af7b108860e0979d021a384b	/workspace/rst/cache_4_5/library/ggraph/2.2.2/f9da0f42af7b108860e0979d021a384b/ggraph	available
4.5.2	ggrastr	1.0.2	2025-06-03T15:44:03Z	c182376c4ae3c8ea36e650c5cb0805c9	/workspace/rst/cache_4_5/library/ggrastr/1.0.2/c182376c4ae3c8ea36e650c5cb0805c9/ggrastr	available
4.5.2	ggrepel	0.9.8	2026-04-23T16:48:37Z	b6eb7e361eb895761c9b15319e4c2355	/workspace/rst/cache_4_5/library/ggrepel/0.9.8/b6eb7e361eb895761c9b15319e4c2355/ggrepel	available
4.5.2	ggridges	0.5.7	2025-12-24T15:06:21Z	362e670807dc03954310291cb4c986e5	/workspace/rst/cache_4_5/library/ggridges/0.5.7/362e670807dc03954310291cb4c986e5/ggridges	available
4.5.2	ggsci	5.2.0	2026-08-01T06:51:57Z	c0dac12176bba6b72eab43266feaffa0	/workspace/rst/cache_4_5/library/ggsci/5.2.0/c0dac12176bba6b72eab43266feaffa0/ggsci	available
4.5.2	ggseqlogo	0.2.2	2025-12-24T07:05:31Z	03c2a0b161225f31c1ef340192e9ae57	/workspace/rst/cache_4_5/library/ggseqlogo/0.2.2/03c2a0b161225f31c1ef340192e9ae57/ggseqlogo	available
4.5.2	ggside	0.4.1	2025-12-06T20:46:22Z	6bfcef39c5285a9fbcadf42d1718c53d	/workspace/rst/cache_4_5/library/ggside/0.4.1/6bfcef39c5285a9fbcadf42d1718c53d/ggside	available
4.5.2	ggsignif	0.6.4	2025-06-03T17:48:26Z	b1a9b89b693923f401eb7843455b007f	/workspace/rst/cache_4_5/library/ggsignif/0.6.4/b1a9b89b693923f401eb7843455b007f/ggsignif	available
4.5.2	ggstance	0.3.7	2025-06-04T01:19:38Z	1424105f5b093bde7163a2cb38fe7250	/workspace/rst/cache_4_5/library/ggstance/0.3.7/1424105f5b093bde7163a2cb38fe7250/ggstance	available
4.5.2	ggstar	1.0.6	2025-12-06T20:46:22Z	b28ccf71b2c6434108e2571fc66ed239	/workspace/rst/cache_4_5/library/ggstar/1.0.6/b28ccf71b2c6434108e2571fc66ed239/ggstar	available
4.5.2	ggstats	0.9.0	2025-06-03T19:00:52Z	d57fa5038e0f3470cce30a5c12d1c0fb	/workspace/rst/cache_4_5/library/ggstats/0.9.0/d57fa5038e0f3470cce30a5c12d1c0fb/ggstats	available
4.5.2	ggstatsplot	1.1.1	2026-08-27T06:17:36Z	e59c7e0e1a3be96ab4d5ba11e1d57f48	/workspace/rst/cache_4_5/library/ggstatsplot/1.1.1/e59c7e0e1a3be96ab4d5ba11e1d57f48/ggstatsplot	available
4.5.2	ggsurvfit	1.2.1	2026-07-26T06:13:36Z	7f6ca1d5abbc3691849520e2687b841f	/workspace/rst/cache_4_5/library/ggsurvfit/1.2.1/7f6ca1d5abbc3691849520e2687b841f/ggsurvfit	available
4.5.2	ggtangle	0.1.3	2026-09-26T06:21:52Z	ae64466595159ed83c0b6ee3d4bfee10	/workspace/rst/cache_4_5/library/ggtangle/0.1.3/ae64466595159ed83c0b6ee3d4bfee10/ggtangle	available
4.5.2	ggtern	4.0.0	2025-12-02T07:03:58Z	ec27adb123c6014f3ef948081c54dfee	/workspace/rst/cache_4_5/library/ggtern/4.0.0/ec27adb123c6014f3ef948081c54dfee/ggtern	available
4.5.2	ggtext	0.2.0	2026-08-30T06:19:17Z	496c0447fdb6130e8252f61839e8786c	/workspace/rst/cache_4_5/library/ggtext/0.2.0/496c0447fdb6130e8252f61839e8786c/ggtext	available
4.5.2	ggthemes	6.0.0	2026-09-01T06:18:07Z	87ef1d26de6aa331304b3ec5f6eae6c0	/workspace/rst/cache_4_5/library/ggthemes/6.0.0/87ef1d26de6aa331304b3ec5f6eae6c0/ggthemes	available
4.5.2	ggtree	4.0.5	2026-03-20T06:05:33Z	3814d2daa504a2c42599d5374d72bc29	/workspace/rst/cache_4_5/library/ggtree/4.0.5/3814d2daa504a2c42599d5374d72bc29/ggtree	available
4.5.2	ggtreeExtra	1.20.1	2026-01-28T07:36:34Z	0e30547a076cd7a7b0c8bf8168a20a1d	/workspace/rst/cache_4_5/library/ggtreeExtra/1.20.1/0e30547a076cd7a7b0c8bf8168a20a1d/ggtreeExtra	available
4.5.2	ggupset	0.4.1	2025-06-04T01:57:00Z	338350aed72682f677f74949c198f482	/workspace/rst/cache_4_5/library/ggupset/0.4.1/338350aed72682f677f74949c198f482/ggupset	available
4.5.2	ggvenn	0.1.19	2025-12-06T20:46:24Z	a1c23f059e950727ff09fa9d539001f8	/workspace/rst/cache_4_5/library/ggvenn/0.1.19/a1c23f059e950727ff09fa9d539001f8/ggvenn	available
4.5.2	ggvis	0.4.9	2025-06-03T20:14:44Z	0063b73e950dd1453c40c073a1cba72d	/workspace/rst/cache_4_5/library/ggvis/0.4.9/0063b73e950dd1453c40c073a1cba72d/ggvis	available
4.5.2	gh	1.6.1	2026-07-22T06:18:44Z	606026d1b34398e37fab1b36cd29e33d	/workspace/rst/cache_4_5/library/gh/1.6.1/606026d1b34398e37fab1b36cd29e33d/gh	available
4.5.2	gifski	1.32.0.2	2025-06-04T01:57:30Z	837427148617db6850e37c5ae712427f	/workspace/rst/cache_4_5/library/gifski/1.32.0-2/837427148617db6850e37c5ae712427f/gifski	available
4.5.2	giscoR	1.2.0	2026-09-26T06:21:52Z	6b6298056895a6170c7fe105c083322d	/workspace/rst/cache_4_5/library/giscoR/1.2.0/6b6298056895a6170c7fe105c083322d/giscoR	available
4.5.2	git2r	0.36.2	2025-06-04T01:57:42Z	8ae3ca9f6835126d192060507b66beaf	/workspace/rst/cache_4_5/library/git2r/0.36.2/8ae3ca9f6835126d192060507b66beaf/git2r	available
4.5.2	gitcreds	0.1.2	2025-06-03T15:44:04Z	9736137a82a1ef40da7ee01c9209bfe0	/workspace/rst/cache_4_5/library/gitcreds/0.1.2/9736137a82a1ef40da7ee01c9209bfe0/gitcreds	available
4.5.2	gk	0.6.0	2025-06-04T01:57:58Z	ad7813fcfc143f9103b2681354059c70	/workspace/rst/cache_4_5/library/gk/0.6.0/ad7813fcfc143f9103b2681354059c70/gk	available
4.5.2	glasso	1.11	2025-06-03T19:00:52Z	442f5a2954f866b19fb6c4f22a886a23	/workspace/rst/cache_4_5/library/glasso/1.11/442f5a2954f866b19fb6c4f22a886a23/glasso	available
4.5.2	glassoFast	1.0.1	2025-06-03T19:00:52Z	b87eb2e85ad7e655ee674fcbd4d91ed5	/workspace/rst/cache_4_5/library/glassoFast/1.0.1/b87eb2e85ad7e655ee674fcbd4d91ed5/glassoFast	available
4.5.2	glba	0.2.1	2026-06-12T06:17:03Z	7942ba7e2ba32f3ffe2f61fa8d5a8538	/workspace/rst/cache_4_5/library/glba/0.2.1/7942ba7e2ba32f3ffe2f61fa8d5a8538/glba	available
4.5.2	gld	2.6.8	2026-02-19T22:36:48Z	30d754c5530b63fcf4e6fb504222b8bc	/workspace/rst/cache_4_5/library/gld/2.6.8/30d754c5530b63fcf4e6fb504222b8bc/gld	available
4.5.2	glm2	1.2.1	2025-12-18T07:05:41Z	15b25dfdcc20ea2a390a110699424f31	/workspace/rst/cache_4_5/library/glm2/1.2.1/15b25dfdcc20ea2a390a110699424f31/glm2	available
4.5.2	glmGamPoi	1.22.0	2025-11-05T09:51:20Z	0948edf0b112b0fd467b061fc110516c	/workspace/rst/cache_4_5/library/glmGamPoi/1.22.0/0948edf0b112b0fd467b061fc110516c/glmGamPoi	available
4.5.2	glmertree	0.2.7	2026-08-23T06:21:27Z	db02e0f38148c0fb4629c72f3d8f94ff	/workspace/rst/cache_4_5/library/glmertree/0.2-7/db02e0f38148c0fb4629c72f3d8f94ff/glmertree	available
4.5.2	glmmML	1.1.7	2025-06-04T00:51:19Z	07fb70f6b8cefb806c0d2f6e3b891dc6	/workspace/rst/cache_4_5/library/glmmML/1.1.7/07fb70f6b8cefb806c0d2f6e3b891dc6/glmmML	available
4.5.2	glmmTMB	1.1.14	2026-01-17T07:09:48Z	bbd68da48bc75a4a45d5d5d379ebcb15	/workspace/rst/cache_4_5/library/glmmTMB/1.1.14/bbd68da48bc75a4a45d5d5d379ebcb15/glmmTMB	available
4.5.2	glmnet	5.1	2026-09-26T06:21:53Z	58ec3cbf50d46a13f02e5b86d7bb4e55	/workspace/rst/cache_4_5/library/glmnet/5.1/58ec3cbf50d46a13f02e5b86d7bb4e55/glmnet	available
4.5.2	glmnetUtils	1.1.9	2025-06-04T01:59:36Z	72d0ce8d68ee17d27d7c4c327860c497	/workspace/rst/cache_4_5/library/glmnetUtils/1.1.9/72d0ce8d68ee17d27d7c4c327860c497/glmnetUtils	available
4.5.2	glmpca	0.2.0	2025-06-04T01:59:49Z	255f56826cb2a0cd2ac11464041b51a5	/workspace/rst/cache_4_5/library/glmpca/0.2.0/255f56826cb2a0cd2ac11464041b51a5/glmpca	available
4.5.2	glmtoolbox	0.1.12	2025-06-04T02:00:04Z	88101dfef79f897e95e1fb5dd1d9db45	/workspace/rst/cache_4_5/library/glmtoolbox/0.1.12/88101dfef79f897e95e1fb5dd1d9db45/glmtoolbox	available
4.5.2	glmulti	1.0.8	2025-06-04T02:00:19Z	f5bbfa4444454b63eaa6d27a49c56a54	/workspace/rst/cache_4_5/library/glmulti/1.0.8/f5bbfa4444454b63eaa6d27a49c56a54/glmulti	available
4.5.2	glmx	0.2.3	2026-07-12T06:11:21Z	ae3397a473f4d7d3503336a645e98c15	/workspace/rst/cache_4_5/library/glmx/0.2-3/ae3397a473f4d7d3503336a645e98c15/glmx	available
4.5.2	globals	0.19.1	2026-03-15T06:05:07Z	b1a5f8b8c668eba968a4002cd56c341c	/workspace/rst/cache_4_5/library/globals/0.19.1/b1a5f8b8c668eba968a4002cd56c341c/globals	available
4.5.2	globaltest	5.64.0	2025-11-05T09:51:20Z	798ef8eacfa8689fd97f37ecad66e5e0	/workspace/rst/cache_4_5/library/globaltest/5.64.0/798ef8eacfa8689fd97f37ecad66e5e0/globaltest	available
4.5.2	glue	1.8.1	2026-04-19T06:09:42Z	b76f8237b38fc5049088d5af4e77d7c4	/workspace/rst/cache_4_5/library/glue/1.8.1/b76f8237b38fc5049088d5af4e77d7c4/glue	available
4.5.2	gmailr	3.0.0	2026-02-01T07:02:00Z	0bbe351cb92f64b1658f2d0714ab8ab6	/workspace/rst/cache_4_5/library/gmailr/3.0.0/0bbe351cb92f64b1658f2d0714ab8ab6/gmailr	available
4.5.2	gmeans	0.2.0	2026-09-13T06:54:43Z	ccde21effd4ddd42de6d91e757c0486d	/workspace/rst/cache_4_5/library/gmeans/0.2.0/ccde21effd4ddd42de6d91e757c0486d/gmeans	available
4.5.2	gmm	1.9.1	2025-12-06T20:46:26Z	c894444b67b15b97c52702ccccbadbc5	/workspace/rst/cache_4_5/library/gmm/1.9-1/c894444b67b15b97c52702ccccbadbc5/gmm	available
4.5.2	gmnl	1.1.4	2026-07-10T06:14:18Z	7b49ae38b4a65d8ac45f4554bb985d21	/workspace/rst/cache_4_5/library/gmnl/1.1-4/7b49ae38b4a65d8ac45f4554bb985d21/gmnl	available
4.5.2	gmodels	2.19.1	2025-06-04T02:01:59Z	6c318c52ab1b9d502095eff9511de56e	/workspace/rst/cache_4_5/library/gmodels/2.19.1/6c318c52ab1b9d502095eff9511de56e/gmodels	available
4.5.2	gmp	0.7.5.1	2026-02-11T07:02:13Z	615d7b322d4be486030978c4d39a32c9	/workspace/rst/cache_4_5/library/gmp/0.7-5.1/615d7b322d4be486030978c4d39a32c9/gmp	available
4.5.2	gnm	1.1.5	2025-06-04T02:02:13Z	b111372ce4ec1f002f66f89d3cab530a	/workspace/rst/cache_4_5/library/gnm/1.1-5/b111372ce4ec1f002f66f89d3cab530a/gnm	available
4.5.2	goftest	1.2.3	2025-06-03T16:26:43Z	076ac1e9267a5e775bdf2d5f753bac68	/workspace/rst/cache_4_5/library/goftest/1.2-3/076ac1e9267a5e775bdf2d5f753bac68/goftest	available
4.5.2	golem	1.0.1	2026-07-09T06:10:22Z	94784942196692c5c0072834bf4e3659	/workspace/rst/cache_4_5/library/golem/1.0.1/94784942196692c5c0072834bf4e3659/golem	available
4.5.2	golubEsets	1.52.0	2025-12-15T20:16:17Z	a43b8ebd50b7278afe6625eadbbb89ad	/workspace/rst/cache_4_5/library/golubEsets/1.52.0/a43b8ebd50b7278afe6625eadbbb89ad/golubEsets	available
4.5.2	googleAnalyticsR	1.2.0	2025-06-04T02:03:02Z	cea3268c6b92bb0c622a744dc5299624	/workspace/rst/cache_4_5/library/googleAnalyticsR/1.2.0/cea3268c6b92bb0c622a744dc5299624/googleAnalyticsR	available
4.5.2	googleAuthR	2.0.2.1	2026-01-11T06:55:01Z	01fe36b9089d6b9d55b6419dc3a3384f	/workspace/rst/cache_4_5/library/googleAuthR/2.0.2.1/01fe36b9089d6b9d55b6419dc3a3384f/googleAuthR	available
4.5.2	googleCloudStorageR	0.7.0	2025-06-04T02:03:19Z	d81628d3fb06788b667bca13b35188a6	/workspace/rst/cache_4_5/library/googleCloudStorageR/0.7.0/d81628d3fb06788b667bca13b35188a6/googleCloudStorageR	available
4.5.2	googlePolylines	0.8.7	2025-06-04T02:03:43Z	baddf8cef313ee36fca3c1656fc711d7	/workspace/rst/cache_4_5/library/googlePolylines/0.8.7/baddf8cef313ee36fca3c1656fc711d7/googlePolylines	available
4.5.2	googleVis	0.7.3	2025-06-04T02:04:06Z	d8b9bc4971b3951a1c34c036c92b11e9	/workspace/rst/cache_4_5/library/googleVis/0.7.3/d8b9bc4971b3951a1c34c036c92b11e9/googleVis	available
4.5.2	googledrive	2.1.2	2025-12-24T15:06:22Z	cbfe6fa8b1cca45dfa20be0c22594d6f	/workspace/rst/cache_4_5/library/googledrive/2.1.2/cbfe6fa8b1cca45dfa20be0c22594d6f/googledrive	available
4.5.2	googlesheets4	1.1.2	2025-12-24T15:06:22Z	8c274fbe27ab637769e99e11187f9a69	/workspace/rst/cache_4_5/library/googlesheets4/1.1.2/8c274fbe27ab637769e99e11187f9a69/googlesheets4	available
4.5.2	googleway	2.7.8	2025-12-02T07:03:59Z	fb27166402dd3f29fdb995abeda768ae	/workspace/rst/cache_4_5/library/googleway/2.7.8/fb27166402dd3f29fdb995abeda768ae/googleway	available
4.5.2	gower	1.0.2	2025-06-03T16:31:10Z	e8a666d9b6c4adef8af86b6568a1dbd6	/workspace/rst/cache_4_5/library/gower/1.0.2/e8a666d9b6c4adef8af86b6568a1dbd6/gower	available
4.5.2	gplots	3.3.0	2025-12-24T15:06:23Z	0de9413da148d8ebe4e1d5809cf0833a	/workspace/rst/cache_4_5/library/gplots/3.3.0/0de9413da148d8ebe4e1d5809cf0833a/gplots	available
4.5.2	gpls	1.82.0	2025-11-05T09:51:20Z	6ffa92d205bf94b942c42f0b6e1158f6	/workspace/rst/cache_4_5/library/gpls/1.82.0/6ffa92d205bf94b942c42f0b6e1158f6/gpls	available
4.5.2	gprofiler2	0.2.4	2025-12-06T20:46:28Z	28d4fc17136bca58cd5daf94e390c456	/workspace/rst/cache_4_5/library/gprofiler2/0.2.4/28d4fc17136bca58cd5daf94e390c456/gprofiler2	available
4.5.2	grDevices	4.5.0	2025-06-03T15:44:07Z	3aaf5329a7d6ea9f7df17a64bf5cb5e8	/workspace/rst/cache_4_5/library/grDevices/4.5.0/3aaf5329a7d6ea9f7df17a64bf5cb5e8/grDevices	base
4.5.2	grImport	0.9.7	2025-06-04T02:04:38Z	41c528396b900114b0303381643c3b9d	/workspace/rst/cache_4_5/library/grImport/0.9-7/41c528396b900114b0303381643c3b9d/grImport	available
4.5.2	grImport2	0.3.3	2025-06-04T02:04:52Z	a7b3cf10d4b3e49ff484e00e76f17bf2	/workspace/rst/cache_4_5/library/grImport2/0.3-3/a7b3cf10d4b3e49ff484e00e76f17bf2/grImport2	available
4.5.2	graph	1.88.1	2026-02-24T15:26:05Z	d8f1e905c90775fa1a0a33cdd893149d	/workspace/rst/cache_4_5/library/graph/1.88.1/d8f1e905c90775fa1a0a33cdd893149d/graph	available
4.5.2	graphicalVAR	0.4.1	2026-08-06T06:17:28Z	25a920c743e64f2070335e46ec5c8ff7	/workspace/rst/cache_4_5/library/graphicalVAR/0.4.1/25a920c743e64f2070335e46ec5c8ff7/graphicalVAR	available
4.5.2	graphics	4.5.0	2025-06-03T15:44:07Z	539ed56d8bc454fbb0441b7c5440ec58	/workspace/rst/cache_4_5/library/graphics/4.5.0/539ed56d8bc454fbb0441b7c5440ec58/graphics	base
4.5.2	graphite	1.56.0	2025-11-05T09:51:21Z	af4f89ae2f19e5587f98965166a5d021	/workspace/rst/cache_4_5/library/graphite/1.56.0/af4f89ae2f19e5587f98965166a5d021/graphite	available
4.5.2	graphlayouts	1.2.5	2026-07-24T06:13:57Z	1bce48bed7190f8619a8b2e0818735ac	/workspace/rst/cache_4_5/library/graphlayouts/1.2.5/1bce48bed7190f8619a8b2e0818735ac/graphlayouts	available
4.5.2	grasp2db	1.1.1	2025-11-01T06:08:43Z	6a16b8a98e3709ccc643e1fa843a62fb	/workspace/rst/cache_4_5/library/grasp2db/1.1.1/6a16b8a98e3709ccc643e1fa843a62fb/grasp2db	available
4.5.2	grf	2.6.1	2026-03-06T07:48:02Z	de85570ada88184746b03fde0f7d0676	/workspace/rst/cache_4_5/library/grf/2.6.1/de85570ada88184746b03fde0f7d0676/grf	available
4.5.2	grid	4.5.0	2025-06-03T15:44:07Z	7fce0416e56e94a4cea34bf70a8bdb56	/workspace/rst/cache_4_5/library/grid/4.5.0/7fce0416e56e94a4cea34bf70a8bdb56/grid	base
4.5.2	gridBase	0.4.7	2025-06-03T17:48:26Z	e1fe80721d35de62a0b722fad720aa6d	/workspace/rst/cache_4_5/library/gridBase/0.4-7/e1fe80721d35de62a0b722fad720aa6d/gridBase	available
4.5.2	gridBezier	1.1.1	2026-01-25T07:12:13Z	113fdea3d1f53d66f04a9ef3b9ac6a8c	/workspace/rst/cache_4_5/library/gridBezier/1.1-1/113fdea3d1f53d66f04a9ef3b9ac6a8c/gridBezier	available
4.5.2	gridExtra	2.3.1	2026-06-27T06:13:46Z	aebce5ae6c8242dc8d6f302da668d06a	/workspace/rst/cache_4_5/library/gridExtra/2.3.1/aebce5ae6c8242dc8d6f302da668d06a/gridExtra	available
4.5.2	gridGraphics	0.5.1	2025-06-03T17:50:46Z	99df43d9d3862824c7faa394e483eb13	/workspace/rst/cache_4_5/library/gridGraphics/0.5-1/99df43d9d3862824c7faa394e483eb13/gridGraphics	available
4.5.2	gridSVG	1.7.7	2025-12-06T20:46:28Z	5a1805d44afe0ec50dc3e6d30f02cb0d	/workspace/rst/cache_4_5/library/gridSVG/1.7-7/5a1805d44afe0ec50dc3e6d30f02cb0d/gridSVG	available
4.5.2	gridpattern	1.4.2	2026-06-25T06:09:29Z	327b786ebff39dda3c75bd60d5aa7189	/workspace/rst/cache_4_5/library/gridpattern/1.4.2/327b786ebff39dda3c75bd60d5aa7189/gridpattern	available
4.5.2	gridtext	0.1.6	2026-02-21T07:01:18Z	1ff2778df239cf037e8fd19000a16700	/workspace/rst/cache_4_5/library/gridtext/0.1.6/1ff2778df239cf037e8fd19000a16700/gridtext	available
4.5.2	grpreg	3.6.0	2026-03-28T06:29:18Z	b17afeca6c7743b81dd245850186342f	/workspace/rst/cache_4_5/library/grpreg/3.6.0/b17afeca6c7743b81dd245850186342f/grpreg	available
4.5.2	grr	0.9.5	2025-06-03T15:44:08Z	34ebb96c2797cae851ae86e8d489cc1b	/workspace/rst/cache_4_5/library/grr/0.9.5/34ebb96c2797cae851ae86e8d489cc1b/grr	available
4.5.2	gsDesign	3.9.0	2026-02-17T07:12:47Z	a828bb2c277eed644b3762e3da67cef5	/workspace/rst/cache_4_5/library/gsDesign/3.9.0/a828bb2c277eed644b3762e3da67cef5/gsDesign	available
4.5.2	gsignal	0.3.7	2025-06-04T02:05:54Z	5a0a5a8db367257ac78e3553129a05a2	/workspace/rst/cache_4_5/library/gsignal/0.3-7/5a0a5a8db367257ac78e3553129a05a2/gsignal	available
4.5.2	gsl	2.1.9	2025-12-06T20:46:28Z	a31d89fa414f5c2be45186706daea5ca	/workspace/rst/cache_4_5/library/gsl/2.1-9/a31d89fa414f5c2be45186706daea5ca/gsl	available
4.5.2	gson	0.2.1	2026-08-06T06:17:28Z	a0a180b24fbaceb936d07c0fe2e79e07	/workspace/rst/cache_4_5/library/gson/0.2.1/a0a180b24fbaceb936d07c0fe2e79e07/gson	available
4.5.2	gss	3.0.0	2026-08-21T06:19:36Z	076567f4dac62dc4bd4f5101697de58e	/workspace/rst/cache_4_5/library/gss/3.0-0/076567f4dac62dc4bd4f5101697de58e/gss	available
4.5.2	gstat	2.1.6	2026-03-31T06:24:15Z	8f26ebace69a52fffa304996f8bf5f95	/workspace/rst/cache_4_5/library/gstat/2.1-6/8f26ebace69a52fffa304996f8bf5f95/gstat	available
4.5.2	gsubfn	0.7	2025-06-03T20:48:14Z	bb28ba8d67690a14984123d1248045eb	/workspace/rst/cache_4_5/library/gsubfn/0.7/bb28ba8d67690a14984123d1248045eb/gsubfn	available
4.5.2	gt	1.3.0	2026-01-24T07:13:49Z	653c6d6c01a33747ad9de4d7d5d10590	/workspace/rst/cache_4_5/library/gt/1.3.0/653c6d6c01a33747ad9de4d7d5d10590/gt	available
4.5.2	gtExtras	0.6.2	2026-01-19T07:04:52Z	6e597bb98148c4703eeec7c71c9d5fc7	/workspace/rst/cache_4_5/library/gtExtras/0.6.2/6e597bb98148c4703eeec7c71c9d5fc7/gtExtras	available
4.5.2	gtable	0.3.6	2025-06-03T15:44:08Z	d4052e88cb7a1477e785bb03d255c5b5	/workspace/rst/cache_4_5/library/gtable/0.3.6/d4052e88cb7a1477e785bb03d255c5b5/gtable	available
4.5.2	gtools	3.9.5	2025-06-03T16:16:31Z	31cf0971413eea7e9cd9212caa81de78	/workspace/rst/cache_4_5/library/gtools/3.9.5/31cf0971413eea7e9cd9212caa81de78/gtools	available
4.5.2	gtsummary	2.6.1	2026-09-06T06:25:27Z	e35b58a566a1dd6a00d651d1b0b9fb8c	/workspace/rst/cache_4_5/library/gtsummary/2.6.1/e35b58a566a1dd6a00d651d1b0b9fb8c/gtsummary	available
4.5.2	gwascat	2.42.1	2026-03-19T06:33:46Z	b039c4a55f56804a70afd41f766b7321	/workspace/rst/cache_4_5/library/gwascat/2.42.1/b039c4a55f56804a70afd41f766b7321/gwascat	available
4.5.2	gypsum	1.6.0	2025-11-05T09:51:25Z	530ad311fee2b460e0ce159e1e9839bd	/workspace/rst/cache_4_5/library/gypsum/1.6.0/530ad311fee2b460e0ce159e1e9839bd/gypsum	available
4.5.2	h2o	3.44.0.3	2025-06-04T02:09:13Z	928be488c307b4da8d422f1a5a3cf258	/workspace/rst/cache_4_5/library/h2o/3.44.0.3/928be488c307b4da8d422f1a5a3cf258/h2o	available
4.5.2	h5mread	1.2.1	2026-02-24T15:26:06Z	9f11e1cc0b6dc7cd040744299455d700	/workspace/rst/cache_4_5/library/h5mread/1.2.1/9f11e1cc0b6dc7cd040744299455d700/h5mread	available
4.5.2	h5vc	2.44.0	2025-11-05T09:51:25Z	699052291cd88381916c510a685f66ef	/workspace/rst/cache_4_5/library/h5vc/2.44.0/699052291cd88381916c510a685f66ef/h5vc	available
4.5.2	h5vcData	2.30.0	2025-12-15T20:16:18Z	fbde34bf91cf895ce27b99649a75e705	/workspace/rst/cache_4_5/library/h5vcData/2.30.0/fbde34bf91cf895ce27b99649a75e705/h5vcData	available
4.5.2	hal9001	0.4.6	2025-06-04T02:10:16Z	8f6739aed0096a4aa293cdf4c9da727b	/workspace/rst/cache_4_5/library/hal9001/0.4.6/8f6739aed0096a4aa293cdf4c9da727b/hal9001	available
4.5.2	haplo.stats	1.9.9.1	2026-09-12T06:18:56Z	e1ee8b286a5cf25c437f187fb4379e52	/workspace/rst/cache_4_5/library/haplo.stats/1.9.9.1/e1ee8b286a5cf25c437f187fb4379e52/haplo.stats	available
4.5.2	hardhat	1.4.3	2026-04-06T06:09:09Z	dc2558315bf56b4299fe6d1b6715cdd4	/workspace/rst/cache_4_5/library/hardhat/1.4.3/dc2558315bf56b4299fe6d1b6715cdd4/hardhat	available
4.5.2	harmony	2.0.5	2026-06-14T06:13:14Z	238cb95039bd99d4c0ed55a996c0e903	/workspace/rst/cache_4_5/library/harmony/2.0.5/238cb95039bd99d4c0ed55a996c0e903/harmony	available
4.5.2	harrypotter	2.1.1	2026-01-10T07:10:50Z	10b3e30cfc3af39757f46f8ade1d26e3	/workspace/rst/cache_4_5/library/harrypotter/2.1.1/10b3e30cfc3af39757f46f8ade1d26e3/harrypotter	available
4.5.2	hash	2.2.6.4	2026-01-23T07:11:37Z	a7964778fb89d82eae3da422897c5d1b	/workspace/rst/cache_4_5/library/hash/2.2.6.4/a7964778fb89d82eae3da422897c5d1b/hash	available
4.5.2	haven	2.5.5	2025-06-03T15:44:09Z	72579549f79cf9d070d3c8da7c3a40fc	/workspace/rst/cache_4_5/library/haven/2.5.5/72579549f79cf9d070d3c8da7c3a40fc/haven	available
4.5.2	hdf5r	1.3.16	2026-09-13T06:54:43Z	54c05c6ede5f7200531c5c0596979138	/workspace/rst/cache_4_5/library/hdf5r/1.3.16/54c05c6ede5f7200531c5c0596979138/hdf5r	available
4.5.2	hdi	0.1.10	2026-02-02T07:02:05Z	5d65929b4c275fda1bd49da97169912d	/workspace/rst/cache_4_5/library/hdi/0.1-10/5d65929b4c275fda1bd49da97169912d/hdi	available
4.5.2	hdrcde	3.5.0	2026-01-13T07:07:13Z	1229ea02323f4478cdcb877ba050e96b	/workspace/rst/cache_4_5/library/hdrcde/3.5.0/1229ea02323f4478cdcb877ba050e96b/hdrcde	available
4.5.2	heatmaply	1.6.0	2025-12-06T20:46:31Z	2164e2d8f17f488577de9f0ce2daea16	/workspace/rst/cache_4_5/library/heatmaply/1.6.0/2164e2d8f17f488577de9f0ce2daea16/heatmaply	available
4.5.2	heplots	1.8.5	2026-09-15T06:19:40Z	73be230432577c524a92e12121dcaeda	/workspace/rst/cache_4_5/library/heplots/1.8.5/73be230432577c524a92e12121dcaeda/heplots	available
4.5.2	here	1.0.2	2025-12-24T15:06:24Z	733cc9ae3d5182fe2c08a2376103df4d	/workspace/rst/cache_4_5/library/here/1.0.2/733cc9ae3d5182fe2c08a2376103df4d/here	available
4.5.2	hermite	1.2.1	2026-07-29T06:16:23Z	56fb2d4e517400a42d3cb6d76e4ad0cd	/workspace/rst/cache_4_5/library/hermite/1.2.1/56fb2d4e517400a42d3cb6d76e4ad0cd/hermite	available
4.5.2	hexView	0.3.4	2025-06-04T02:11:48Z	8aee836ff682ecab1ae0a811d8e823ce	/workspace/rst/cache_4_5/library/hexView/0.3-4/8aee836ff682ecab1ae0a811d8e823ce/hexView	available
4.5.2	hexbin	1.28.6	2026-07-30T06:20:37Z	b06eba84c6e8b0a1a1f7c2e2919c34a4	/workspace/rst/cache_4_5/library/hexbin/1.28.6/b06eba84c6e8b0a1a1f7c2e2919c34a4/hexbin	available
4.5.2	hgf.bcor.datapkg	0.0.0.9047	2026-08-25T18:21:43Z	2b2ba0eb802405486e38297bf2d71aaa	/workspace/rst/cache_4_5/library/hgf.bcor.datapkg/0.0.0.9047/2b2ba0eb802405486e38297bf2d71aaa/hgf.bcor.datapkg	available
4.5.2	hgu133a.db	3.13.0	2025-06-04T02:12:17Z	b613d092c848223e0b0089df8ee544d3	/workspace/rst/cache_4_5/library/hgu133a.db/3.13.0/b613d092c848223e0b0089df8ee544d3/hgu133a.db	available
4.5.2	hgu133acdf	2.18.0	2025-06-04T02:12:41Z	08d81791f6114acc73fd4f694de751c5	/workspace/rst/cache_4_5/library/hgu133acdf/2.18.0/08d81791f6114acc73fd4f694de751c5/hgu133acdf	available
4.5.2	hgu133aprobe	2.18.0	2025-06-04T02:13:06Z	20da9a88164338cf7d71841427e931f1	/workspace/rst/cache_4_5/library/hgu133aprobe/2.18.0/20da9a88164338cf7d71841427e931f1/hgu133aprobe	available
4.5.2	hgu133plus2.db	3.13.0	2025-06-04T02:13:35Z	3e9914ec45e0dea5d937b339aed94d3c	/workspace/rst/cache_4_5/library/hgu133plus2.db/3.13.0/3e9914ec45e0dea5d937b339aed94d3c/hgu133plus2.db	available
4.5.2	hgu95a.db	3.13.0	2026-03-21T06:18:06Z	216790068cd6964248fc67b3f4b7a05a	/workspace/rst/cache_4_5/library/hgu95a.db/3.13.0/216790068cd6964248fc67b3f4b7a05a/hgu95a.db	available
4.5.2	hgu95av2	2.2.0	2025-06-04T02:13:52Z	3ca2e9f79f057af14dd363356ef0457e	/workspace/rst/cache_4_5/library/hgu95av2/2.2.0/3ca2e9f79f057af14dd363356ef0457e/hgu95av2	available
4.5.2	hgu95av2.db	3.13.0	2025-06-04T02:14:17Z	67fa4d7a0b43829564d8138f71ebcdd1	/workspace/rst/cache_4_5/library/hgu95av2.db/3.13.0/67fa4d7a0b43829564d8138f71ebcdd1/hgu95av2.db	available
4.5.2	hgu95av2cdf	2.18.0	2025-06-04T02:14:43Z	19a84550a4bd2a308e0c19718d0e79ea	/workspace/rst/cache_4_5/library/hgu95av2cdf/2.18.0/19a84550a4bd2a308e0c19718d0e79ea/hgu95av2cdf	available
4.5.2	hgu95av2probe	2.18.0	2025-06-04T02:15:08Z	2ce660f049cc9139958a704cbad9e2a1	/workspace/rst/cache_4_5/library/hgu95av2probe/2.18.0/2ce660f049cc9139958a704cbad9e2a1/hgu95av2probe	available
4.5.2	hierfstat	0.5.11	2025-06-04T02:15:24Z	19f08a2bde5824ed79943eda22208b46	/workspace/rst/cache_4_5/library/hierfstat/0.5-11/19f08a2bde5824ed79943eda22208b46/hierfstat	available
4.5.2	highr	0.12	2026-03-08T07:11:07Z	787b59fa2fc315208f92dfbc6491fa9a	/workspace/rst/cache_4_5/library/highr/0.12/787b59fa2fc315208f92dfbc6491fa9a/highr	available
4.5.2	highs	1.14.0.2	2026-06-10T06:10:03Z	ac7914fd120a4bc7abc3e2fb54e835dc	/workspace/rst/cache_4_5/library/highs/1.14.0-2/ac7914fd120a4bc7abc3e2fb54e835dc/highs	available
4.5.2	hipread	0.2.6	2026-03-14T06:11:17Z	9454f0435ad23084b51e7d844ed705e8	/workspace/rst/cache_4_5/library/hipread/0.2.6/9454f0435ad23084b51e7d844ed705e8/hipread	available
4.5.2	hms	1.1.4	2025-12-24T15:06:24Z	e9f2d7e0cce54d79c4863cf110f5b98b	/workspace/rst/cache_4_5/library/hms/1.1.4/e9f2d7e0cce54d79c4863cf110f5b98b/hms	available
4.5.2	hnp	1.2.7	2026-01-16T07:07:56Z	38252e794730457dc732463597f3da99	/workspace/rst/cache_4_5/library/hnp/1.2-7/38252e794730457dc732463597f3da99/hnp	available
4.5.2	homologene	1.4.68.19.3.27	2026-08-26T19:23:36Z	76b532108f4d9e47f095525b90866b58	/workspace/rst/cache_4_5/library/homologene/1.4.68.19.3.27/76b532108f4d9e47f095525b90866b58/homologene	available
4.5.2	hpar	1.52.0	2025-11-05T09:51:25Z	5744d550196c161d46f8d9e7a2d7d288	/workspace/rst/cache_4_5/library/hpar/1.52.0/5744d550196c161d46f8d9e7a2d7d288/hpar	available
4.5.2	hrbrthemes	0.9.3	2026-04-22T06:09:34Z	afadb28fe44e516e29090ada71a16bf8	/workspace/rst/cache_4_5/library/hrbrthemes/0.9.3/afadb28fe44e516e29090ada71a16bf8/hrbrthemes	available
4.5.2	hs.marrow.fl	0.0.0.9000	2026-08-15T01:55:31Z	6293404796799c1374b0d9ea6d3b690a	/workspace/rst/cache_4_5/library/hs.marrow.fl/0.0.0.9000/6293404796799c1374b0d9ea6d3b690a/hs.marrow.fl	available
4.5.2	hspc.scRNA	0.0.0.9003	2026-07-31T23:05:14Z	b1ee7acf6edab7a8e2614ae55592596a	/workspace/rst/cache_4_5/library/hspc.scRNA/0.0.0.9003/b1ee7acf6edab7a8e2614ae55592596a/hspc.scRNA	available
4.5.2	htm2txt	2.2.2	2025-06-04T02:16:35Z	ef5074841b21c917b52bbdd896dd90f4	/workspace/rst/cache_4_5/library/htm2txt/2.2.2/ef5074841b21c917b52bbdd896dd90f4/htm2txt	available
4.5.2	htmlTable	2.5.0	2026-04-24T06:14:32Z	92624679f43242c9c990a126e524d8fe	/workspace/rst/cache_4_5/library/htmlTable/2.5.0/92624679f43242c9c990a126e524d8fe/htmlTable	available
4.5.2	htmltools	0.5.9	2025-12-24T15:06:24Z	26af8f068385297cef0c0713f6c93303	/workspace/rst/cache_4_5/library/htmltools/0.5.9/26af8f068385297cef0c0713f6c93303/htmltools	available
4.5.2	htmlwidgets	1.6.4	2025-06-03T15:44:11Z	365fcb9c4b3c4746f7c67a5d65ae0333	/workspace/rst/cache_4_5/library/htmlwidgets/1.6.4/365fcb9c4b3c4746f7c67a5d65ae0333/htmlwidgets	available
4.5.2	httpcache	1.2.0	2026-08-27T06:17:36Z	e31d1a9ad5bb6621c6c98235865c3ed1	/workspace/rst/cache_4_5/library/httpcache/1.2.0/e31d1a9ad5bb6621c6c98235865c3ed1/httpcache	available
4.5.2	httpcode	0.3.0	2025-06-04T01:06:56Z	5978cbf09c8a20713aeedfbd5b4448cf	/workspace/rst/cache_4_5/library/httpcode/0.3.0/5978cbf09c8a20713aeedfbd5b4448cf/httpcode	available
4.5.2	httptest2	1.2.2	2025-12-06T20:46:33Z	ee66b9a78a0fd846714eb0dfab5948e5	/workspace/rst/cache_4_5/library/httptest2/1.2.2/ee66b9a78a0fd846714eb0dfab5948e5/httptest2	available
4.5.2	httpuv	1.6.17	2026-04-23T16:48:38Z	865fb17fa21e84cb43b4fb3f681e1ec1	/workspace/rst/cache_4_5/library/httpuv/1.6.17/865fb17fa21e84cb43b4fb3f681e1ec1/httpuv	available
4.5.2	httr	1.4.9	2026-09-03T06:23:18Z	09bc853012fba40b2fe6f79779f63a0c	/workspace/rst/cache_4_5/library/httr/1.4.9/09bc853012fba40b2fe6f79779f63a0c/httr	available
4.5.2	httr2	1.3.0	2026-07-15T06:13:04Z	7dea8b054d0726392f0a1ff32b8e9e73	/workspace/rst/cache_4_5/library/httr2/1.3.0/7dea8b054d0726392f0a1ff32b8e9e73/httr2	available
4.5.2	hu6800.db	3.13.0	2025-06-04T02:17:15Z	bbe03e4ab2bdcd9773f9814518daebbe	/workspace/rst/cache_4_5/library/hu6800.db/3.13.0/bbe03e4ab2bdcd9773f9814518daebbe/hu6800.db	available
4.5.2	huge	2.0.1	2026-08-06T06:17:28Z	5650a8c2ebb26ff3badb5e267b90bae4	/workspace/rst/cache_4_5/library/huge/2.0.1/5650a8c2ebb26ff3badb5e267b90bae4/huge	available
4.5.2	human.db0	3.22.0	2025-10-31T10:22:30Z	b56e40f9f6202881da51778090a78ca0	/workspace/rst/cache_4_5/library/human.db0/3.22.0/b56e40f9f6202881da51778090a78ca0/human.db0	available
4.5.2	humanCHRLOC	2.1.6	2025-06-04T02:22:28Z	befa40bb7fb4a9e3f047184d14bb8f60	/workspace/rst/cache_4_5/library/humanCHRLOC/2.1.6/befa40bb7fb4a9e3f047184d14bb8f60/humanCHRLOC	available
4.5.2	humanStemCell	0.50.0	2025-11-06T07:52:45Z	1c349d5f9c464d404e2b4baf6f6cd7c4	/workspace/rst/cache_4_5/library/humanStemCell/0.50.0/1c349d5f9c464d404e2b4baf6f6cd7c4/humanStemCell	available
4.5.2	hunspell	3.0.6	2025-06-04T02:24:13Z	8e3921e11fab6e924d38291edc911d46	/workspace/rst/cache_4_5/library/hunspell/3.0.6/8e3921e11fab6e924d38291edc911d46/hunspell	available
4.5.2	huvec.multiome.datapkg	0.0.0.9019	2026-03-02T18:17:21Z	2a0d9fd8baa9524638a00466f3d14316	/workspace/rst/cache_4_5/library/huvec.multiome.datapkg/0.0.0.9019/2a0d9fd8baa9524638a00466f3d14316/huvec.multiome.datapkg	available
4.5.2	huxtable	6.0.2	2026-09-22T06:19:22Z	6daf1deab68c97aaecfd13d07e1651c4	/workspace/rst/cache_4_5/library/huxtable/6.0.2/6daf1deab68c97aaecfd13d07e1651c4/huxtable	available
4.5.2	hwriter	1.3.2.1	2025-06-03T18:19:32Z	79e48a629ea21410da47a9ca0b9920df	/workspace/rst/cache_4_5/library/hwriter/1.3.2.1/79e48a629ea21410da47a9ca0b9920df/hwriter	available
4.5.2	hypergeo	1.2.14	2025-06-03T17:16:06Z	f93667c96d49940acb67e521d2f6e393	/workspace/rst/cache_4_5/library/hypergeo/1.2-14/f93667c96d49940acb67e521d2f6e393/hypergeo	available
4.5.2	iBreakDown	2.1.2	2025-06-03T18:11:44Z	2a8ac0a54fc19987b623e80681438535	/workspace/rst/cache_4_5/library/iBreakDown/2.1.2/2a8ac0a54fc19987b623e80681438535/iBreakDown	available
4.5.2	iC10	2.0.3	2026-08-06T06:17:28Z	e8b7a076dc84c43ea58ae8a90ebba7a6	/workspace/rst/cache_4_5/library/iC10/2.0.3/e8b7a076dc84c43ea58ae8a90ebba7a6/iC10	available
4.5.2	iC10TrainingData	2.0.1	2025-11-05T09:51:26Z	5fa434d58a1b38cc038ce7502a75ae4e	/workspace/rst/cache_4_5/library/iC10TrainingData/2.0.1/5fa434d58a1b38cc038ce7502a75ae4e/iC10TrainingData	available
4.5.2	iCOBRA	1.38.0	2025-11-05T09:51:26Z	15d0c9be4402bafbce0749160248f106	/workspace/rst/cache_4_5/library/iCOBRA/1.38.0/15d0c9be4402bafbce0749160248f106/iCOBRA	available
4.5.2	ica	1.0.3	2025-06-03T16:26:45Z	580c796c61c647fd666da448b069f04b	/workspace/rst/cache_4_5/library/ica/1.0-3/580c796c61c647fd666da448b069f04b/ica	available
4.5.2	icenReg	2.0.16	2025-06-04T02:24:45Z	a2297487a18feedcf84020b1cbb1e9ad	/workspace/rst/cache_4_5/library/icenReg/2.0.16/a2297487a18feedcf84020b1cbb1e9ad/icenReg	available
4.5.2	idr	1.3	2025-06-04T02:25:00Z	e99d2325bd57436e1808e1b12cf2ac35	/workspace/rst/cache_4_5/library/idr/1.3/e99d2325bd57436e1808e1b12cf2ac35/idr	available
4.5.2	ids	1.0.1	2025-06-03T16:26:45Z	e365a6f531e508c7d8fee17908d35c12	/workspace/rst/cache_4_5/library/ids/1.0.1/e365a6f531e508c7d8fee17908d35c12/ids	available
4.5.2	ifaTools	0.23	2025-06-04T02:25:16Z	f93fa60c0edc16bca1a21eb72f402c92	/workspace/rst/cache_4_5/library/ifaTools/0.23/f93fa60c0edc16bca1a21eb72f402c92/ifaTools	available
4.5.2	igraph	2.3.3	2026-06-28T06:11:55Z	4499846b9aa7305568aff888c2414063	/workspace/rst/cache_4_5/library/igraph/2.3.3/4499846b9aa7305568aff888c2414063/igraph	available
4.5.2	igraphdata	1.0.1	2025-06-04T02:25:31Z	e24b87e69f9b562b20c224d03ed63176	/workspace/rst/cache_4_5/library/igraphdata/1.0.1/e24b87e69f9b562b20c224d03ed63176/igraphdata	available
4.5.2	illuminaio	0.52.0	2025-12-15T20:16:18Z	32879470481cddbc1f66c4760431ab5b	/workspace/rst/cache_4_5/library/illuminaio/0.52.0/32879470481cddbc1f66c4760431ab5b/illuminaio	available
4.5.2	imbalance	1.0.2.1	2025-06-04T02:26:02Z	0dba7ec0958f93cf2ec2c7478339de73	/workspace/rst/cache_4_5/library/imbalance/1.0.2.1/0dba7ec0958f93cf2ec2c7478339de73/imbalance	available
4.5.2	iml	0.11.4	2026-01-16T07:07:56Z	91318bef795411beffc02aae2f2fa844	/workspace/rst/cache_4_5/library/iml/0.11.4/91318bef795411beffc02aae2f2fa844/iml	available
4.5.2	import	1.3.4	2025-11-12T07:00:45Z	a848d50f2bdc28dda7127b9b1e1169e5	/workspace/rst/cache_4_5/library/import/1.3.4/a848d50f2bdc28dda7127b9b1e1169e5/import	available
4.5.2	impute	1.84.0	2025-12-15T20:16:19Z	9127a5e47d0f4b50d16eb242bccf57d5	/workspace/rst/cache_4_5/library/impute/1.84.0/9127a5e47d0f4b50d16eb242bccf57d5/impute	available
4.5.2	imputeLCMD	2.1	2025-06-04T02:26:24Z	91f6576a0e1fd95cd6c2c867dc5429c7	/workspace/rst/cache_4_5/library/imputeLCMD/2.1/91f6576a0e1fd95cd6c2c867dc5429c7/imputeLCMD	available
4.5.2	ineq	0.2.13	2025-06-04T02:26:38Z	6df1bccf5ce86d819a1f74a4bf33c249	/workspace/rst/cache_4_5/library/ineq/0.2-13/6df1bccf5ce86d819a1f74a4bf33c249/ineq	available
4.5.2	infer	1.1.0	2025-12-20T07:07:47Z	fbf60407846346fbade006165ae9883e	/workspace/rst/cache_4_5/library/infer/1.1.0/fbf60407846346fbade006165ae9883e/infer	available
4.5.2	inflection	1.3.7	2025-08-05T15:29:02Z	d6ff34d3f91f194a1bccaccad6929b4c	/workspace/rst/cache_4_5/library/inflection/1.3.7/d6ff34d3f91f194a1bccaccad6929b4c/inflection	available
4.5.2	influenceR	0.1.5	2025-06-04T02:27:21Z	577610d622766ac05d49edb99f65e643	/workspace/rst/cache_4_5/library/influenceR/0.1.5/577610d622766ac05d49edb99f65e643/influenceR	available
4.5.2	infotheo	1.2.0.1	2025-10-31T10:22:32Z	bb98a6a16431b25643c174fb69ebe316	/workspace/rst/cache_4_5/library/infotheo/1.2.0.1/bb98a6a16431b25643c174fb69ebe316/infotheo	available
4.5.2	ingredients	2.3.0	2025-06-03T18:11:44Z	8c03e2a8ae333eb3aaf6d375fefbf9e6	/workspace/rst/cache_4_5/library/ingredients/2.3.0/8c03e2a8ae333eb3aaf6d375fefbf9e6/ingredients	available
4.5.2	ini	0.3.1	2025-06-03T15:44:14Z	4788126f9d8ec7dd0598da125a9b6cff	/workspace/rst/cache_4_5/library/ini/0.3.1/4788126f9d8ec7dd0598da125a9b6cff/ini	available
4.5.2	inlabru	2.13.0	2025-08-05T15:29:02Z	432ae4430080eac50fb83a222f927aef	/workspace/rst/cache_4_5/library/inlabru/2.13.0/432ae4430080eac50fb83a222f927aef/inlabru	available
4.5.2	inline	0.3.21	2025-06-03T16:28:00Z	ec01c0e3405de8b4a49b29057994cf23	/workspace/rst/cache_4_5/library/inline/0.3.21/ec01c0e3405de8b4a49b29057994cf23/inline	available
4.5.2	inlinedocs	2023.9.4	2025-06-04T02:27:49Z	bfd5d27e505f82286adb411a340e269b	/workspace/rst/cache_4_5/library/inlinedocs/2023.9.4/bfd5d27e505f82286adb411a340e269b/inlinedocs	available
4.5.2	insight	1.5.4	2026-09-07T06:19:45Z	2784c4dc64933a65abf4d0279188c42a	/workspace/rst/cache_4_5/library/insight/1.5.4/2784c4dc64933a65abf4d0279188c42a/insight	available
4.5.2	interactions	1.2.0	2025-06-04T02:28:05Z	2fed4337bb0623f64fc6c3221733ef6b	/workspace/rst/cache_4_5/library/interactions/1.2.0/2fed4337bb0623f64fc6c3221733ef6b/interactions	available
4.5.2	interactiveDisplayBase	1.48.0	2025-11-05T09:51:29Z	7a911b8455ea1f4cdad679fa9869b64a	/workspace/rst/cache_4_5/library/interactiveDisplayBase/1.48.0/7a911b8455ea1f4cdad679fa9869b64a/interactiveDisplayBase	available
4.5.2	intergraph	2.0.4	2025-07-20T05:46:49Z	8b95d208e5572e0b45fa2e5babe12b9c	/workspace/rst/cache_4_5/library/intergraph/2.0-4/8b95d208e5572e0b45fa2e5babe12b9c/intergraph	available
4.5.2	interleave	0.1.2	2025-12-15T20:16:19Z	03a388969682ca94e85ab30cd57bbd39	/workspace/rst/cache_4_5/library/interleave/0.1.2/03a388969682ca94e85ab30cd57bbd39/interleave	available
4.5.2	interp	1.1.6	2025-06-03T17:18:21Z	4ed26617a7b6d4a6d5c1ea763f44031a	/workspace/rst/cache_4_5/library/interp/1.1-6/4ed26617a7b6d4a6d5c1ea763f44031a/interp	available
4.5.2	interval	1.1.1.0	2025-06-03T18:16:37Z	5dfdad26f0a29c375c029abf97bf0dfc	/workspace/rst/cache_4_5/library/interval/1.1-1.0/5dfdad26f0a29c375c029abf97bf0dfc/interval	available
4.5.2	intervals	0.15.5	2025-06-04T02:06:10Z	1978654f7ad790ab80c3e8203f280514	/workspace/rst/cache_4_5/library/intervals/0.15.5/1978654f7ad790ab80c3e8203f280514/intervals	available
4.5.2	inum	1.0.5	2025-06-03T16:17:06Z	83290e5b814106dce6226ddec0e6a695	/workspace/rst/cache_4_5/library/inum/1.0-5/83290e5b814106dce6226ddec0e6a695/inum	available
4.5.2	invgamma	1.2	2025-12-24T15:06:26Z	a9956b0371f2297e2b21c782d6279d7f	/workspace/rst/cache_4_5/library/invgamma/1.2/a9956b0371f2297e2b21c782d6279d7f/invgamma	available
4.5.2	ipred	0.9.16	2026-08-24T06:17:08Z	794309992054d5a8c2232548fe1fee57	/workspace/rst/cache_4_5/library/ipred/0.9-16/794309992054d5a8c2232548fe1fee57/ipred	available
4.5.2	ipumsr	0.9.0	2025-06-08T05:40:27Z	eb0663477dd342bd9cc03f6ea9512144	/workspace/rst/cache_4_5/library/ipumsr/0.9.0/eb0663477dd342bd9cc03f6ea9512144/ipumsr	available
4.5.2	irace	4.5	2026-09-17T06:22:06Z	09373142f17747c69d2eb2b6b6b543ca	/workspace/rst/cache_4_5/library/irace/4.5/09373142f17747c69d2eb2b6b6b543ca/irace	available
4.5.2	irlba	2.3.7	2026-02-01T07:02:01Z	db59a04195663c3eefbd948657e92527	/workspace/rst/cache_4_5/library/irlba/2.3.7/db59a04195663c3eefbd948657e92527/irlba	available
4.5.2	ismev	1.43	2025-10-24T06:14:39Z	0f9b8b745464c2dfb3fe3d5608400391	/workspace/rst/cache_4_5/library/ismev/1.43/0f9b8b745464c2dfb3fe3d5608400391/ismev	available
4.5.2	isoband	0.3.0	2026-02-24T15:26:08Z	e6e175756dffa7202f1d9e763bb24ee9	/workspace/rst/cache_4_5/library/isoband/0.3.0/e6e175756dffa7202f1d9e763bb24ee9/isoband	available
4.5.2	iterators	1.0.14	2025-06-03T16:31:11Z	be1e753abac75015f886dd78418b80c0	/workspace/rst/cache_4_5/library/iterators/1.0.14/be1e753abac75015f886dd78418b80c0/iterators	available
4.5.2	itertools	0.1.3	2025-06-04T00:38:10Z	b80898e2c0f501a355d0864bb5c1f670	/workspace/rst/cache_4_5/library/itertools/0.1-3/b80898e2c0f501a355d0864bb5c1f670/itertools	available
4.5.2	itsadug	2.5	2026-01-09T07:07:16Z	817c0bb1d6f744f06efd9cf6b62d8346	/workspace/rst/cache_4_5/library/itsadug/2.5/817c0bb1d6f744f06efd9cf6b62d8346/itsadug	available
4.5.2	ivprobit	1.1	2025-06-04T02:29:30Z	4a50760bdc760c5bab756c987c885b89	/workspace/rst/cache_4_5/library/ivprobit/1.1/4a50760bdc760c5bab756c987c885b89/ivprobit	available
4.5.2	ivreg	0.6.8	2026-07-12T06:11:21Z	55a04563e77d6044fa0fc9747142efac	/workspace/rst/cache_4_5/library/ivreg/0.6-8/55a04563e77d6044fa0fc9747142efac/ivreg	available
4.5.2	jagsUI	1.6.3	2026-01-12T06:56:14Z	412ee053e43cafd0eda526f5dd14dc9d	/workspace/rst/cache_4_5/library/jagsUI/1.6.3/412ee053e43cafd0eda526f5dd14dc9d/jagsUI	available
4.5.2	janeaustenr	1.0.0	2025-06-03T19:58:41Z	9aaf1a2e8d10a4ca3201ab5d74313a56	/workspace/rst/cache_4_5/library/janeaustenr/1.0.0/9aaf1a2e8d10a4ca3201ab5d74313a56/janeaustenr	available
4.5.2	janitor	2.2.1	2025-06-03T19:53:51Z	c44f524a31bc532ccfdadac68fea324c	/workspace/rst/cache_4_5/library/janitor/2.2.1/c44f524a31bc532ccfdadac68fea324c/janitor	available
4.5.2	job	0.3.1	2025-06-04T02:30:14Z	1d8d99734feaca94b20875a4be296126	/workspace/rst/cache_4_5/library/job/0.3.1/1d8d99734feaca94b20875a4be296126/job	available
4.5.2	joineR	1.2.9	2026-06-30T06:11:05Z	f27f40e3ed7f9f45ddd1f05eec72f2ef	/workspace/rst/cache_4_5/library/joineR/1.2.9/f27f40e3ed7f9f45ddd1f05eec72f2ef/joineR	available
4.5.2	joineRML	0.4.8	2026-06-16T06:12:15Z	f2ab964b39019b5c4faaf67ba9384fd6	/workspace/rst/cache_4_5/library/joineRML/0.4.8/f2ab964b39019b5c4faaf67ba9384fd6/joineRML	available
4.5.2	jomo	2.7.6	2025-06-03T19:38:37Z	2c6f16f7398b8eb2c2d3b956031c6758	/workspace/rst/cache_4_5/library/jomo/2.7-6/2c6f16f7398b8eb2c2d3b956031c6758/jomo	available
4.5.2	jose	2.0.0	2026-04-24T06:14:32Z	281f06d3433b1389116ed48aafeecfb2	/workspace/rst/cache_4_5/library/jose/2.0.0/281f06d3433b1389116ed48aafeecfb2/jose	available
4.5.2	jpeg	0.1.11	2025-06-03T18:11:45Z	22a6f8eefd5c096de6ecd01b934ba94e	/workspace/rst/cache_4_5/library/jpeg/0.1-11/22a6f8eefd5c096de6ecd01b934ba94e/jpeg	available
4.5.2	jqr	1.4.0	2025-12-02T07:03:59Z	4554e6235a9b59d842ab9046ce84d867	/workspace/rst/cache_4_5/library/jqr/1.4.0/4554e6235a9b59d842ab9046ce84d867/jqr	available
4.5.2	jquerylib	0.1.4	2025-06-03T15:44:15Z	e6e8f97701f403d182bfa96be087cf25	/workspace/rst/cache_4_5/library/jquerylib/0.1.4/e6e8f97701f403d182bfa96be087cf25/jquerylib	available
4.5.2	js	1.2.1	2025-06-04T02:31:14Z	4ee7f0cf4b59d54a80d84426ac87539d	/workspace/rst/cache_4_5/library/js/1.2.1/4ee7f0cf4b59d54a80d84426ac87539d/js	available
4.5.2	jsonify	1.2.3	2025-12-06T20:46:36Z	515d9700a42ca1d2fd8d794156d5ec1c	/workspace/rst/cache_4_5/library/jsonify/1.2.3/515d9700a42ca1d2fd8d794156d5ec1c/jsonify	available
4.5.2	jsonlite	2.0.0	2025-06-03T15:44:15Z	999690d7ab0f3b6e19be8ef03566dfbb	/workspace/rst/cache_4_5/library/jsonlite/2.0.0/999690d7ab0f3b6e19be8ef03566dfbb/jsonlite	available
4.5.2	jsonvalidate	1.5.0	2025-06-04T00:02:30Z	332c88c18237efa6d8d9e669360d7789	/workspace/rst/cache_4_5/library/jsonvalidate/1.5.0/332c88c18237efa6d8d9e669360d7789/jsonvalidate	available
4.5.2	jtools	2.3.1	2026-01-18T07:26:22Z	3c75c375df4a6f8d98631293516b1aec	/workspace/rst/cache_4_5/library/jtools/2.3.1/3c75c375df4a6f8d98631293516b1aec/jtools	available
4.5.2	juicyjuice	0.1.0	2025-06-04T02:05:39Z	a2ec1e2dbf4125bc150afcbd47ed51b9	/workspace/rst/cache_4_5/library/juicyjuice/0.1.0/a2ec1e2dbf4125bc150afcbd47ed51b9/juicyjuice	available
4.5.2	kSamples	1.2.12	2025-12-06T20:46:36Z	2c79cb3dfd992871c4898299b33e181f	/workspace/rst/cache_4_5/library/kSamples/1.2-12/2c79cb3dfd992871c4898299b33e181f/kSamples	available
4.5.2	kableExtra	1.4.1	2026-07-10T06:14:20Z	a67fd3ec2151a7f6e96ceb3976338718	/workspace/rst/cache_4_5/library/kableExtra/1.4.1/a67fd3ec2151a7f6e96ceb3976338718/kableExtra	available
4.5.2	kanemaru	0.0.0.9000	2026-07-22T16:05:36Z	34d9ea8f68de67fade72460f321e19d2	/workspace/rst/cache_4_5/library/kanemaru/0.0.0.9000/34d9ea8f68de67fade72460f321e19d2/kanemaru	available
4.5.2	kangar00	1.4.2	2025-06-04T02:31:32Z	836c09d19184f8b8c85bcf18c43e018d	/workspace/rst/cache_4_5/library/kangar00/1.4.2/836c09d19184f8b8c85bcf18c43e018d/kangar00	available
4.5.2	karyoploteR	1.36.0	2025-11-05T09:51:29Z	ad1e878f8366b7edbe048bc41e975ef5	/workspace/rst/cache_4_5/library/karyoploteR/1.36.0/ad1e878f8366b7edbe048bc41e975ef5/karyoploteR	available
4.5.2	katex	1.5.0	2025-06-04T01:25:17Z	35856713be1110b270be250e3b3874f4	/workspace/rst/cache_4_5/library/katex/1.5.0/35856713be1110b270be250e3b3874f4/katex	available
4.5.2	kdecopula	0.9.3	2025-06-04T02:31:47Z	2e381b7bbc289c96cd68ca2561e1d8c4	/workspace/rst/cache_4_5/library/kdecopula/0.9.3/2e381b7bbc289c96cd68ca2561e1d8c4/kdecopula	available
4.5.2	keggorthology	2.62.0	2025-11-05T09:51:29Z	1a09022b00f7bd135603550f37f88293	/workspace/rst/cache_4_5/library/keggorthology/2.62.0/1a09022b00f7bd135603550f37f88293/keggorthology	available
4.5.2	keras	2.16.1	2026-02-17T07:12:49Z	5f22001f4a62207ccd963bf27ed09b3f	/workspace/rst/cache_4_5/library/keras/2.16.1/5f22001f4a62207ccd963bf27ed09b3f/keras	available
4.5.2	keras3	1.5.1	2026-02-17T07:12:50Z	bd79bcd1970e6d189acf5b8c98ca129f	/workspace/rst/cache_4_5/library/keras3/1.5.1/bd79bcd1970e6d189acf5b8c98ca129f/keras3	available
4.5.2	kernelshap	0.9.1	2025-12-06T20:46:36Z	51a2100f749d76dc256a515ad2b9d798	/workspace/rst/cache_4_5/library/kernelshap/0.9.1/51a2100f749d76dc256a515ad2b9d798/kernelshap	available
4.5.2	kernlab	0.9.33	2025-06-03T16:18:45Z	e62f17872ff04df4aba162096c1c9cae	/workspace/rst/cache_4_5/library/kernlab/0.9-33/e62f17872ff04df4aba162096c1c9cae/kernlab	available
4.5.2	keyring	1.4.1	2025-06-17T05:41:21Z	1f4265d853d4bcd56edb1b5f61df094d	/workspace/rst/cache_4_5/library/keyring/1.4.1/1f4265d853d4bcd56edb1b5f61df094d/keyring	available
4.5.2	kimisc	1.0.1	2025-12-02T07:04:00Z	4c4961bc6577ff69ae8efce4fddd8444	/workspace/rst/cache_4_5/library/kimisc/1.0.1/4c4961bc6577ff69ae8efce4fddd8444/kimisc	available
4.5.2	kinship2	1.9.6.2	2025-12-06T20:46:37Z	c5e38c4e97ffd1af3dd1b58ce2c1074e	/workspace/rst/cache_4_5/library/kinship2/1.9.6.2/c5e38c4e97ffd1af3dd1b58ce2c1074e/kinship2	available
4.5.2	kit	0.0.21	2026-01-25T07:12:14Z	d6cc7f5f2709ada7119ed18714def87f	/workspace/rst/cache_4_5/library/kit/0.0.21/d6cc7f5f2709ada7119ed18714def87f/kit	available
4.5.2	kknn	1.4.1	2025-06-04T02:33:01Z	5587ff86800ee2fa3cb1bbf5b7f4ce71	/workspace/rst/cache_4_5/library/kknn/1.4.1/5587ff86800ee2fa3cb1bbf5b7f4ce71/kknn	available
4.5.2	klaR	1.7.4	2026-02-25T07:06:50Z	cc807dd68f0613c16828c40ee5ce03da	/workspace/rst/cache_4_5/library/klaR/1.7-4/cc807dd68f0613c16828c40ee5ce03da/klaR	available
4.5.2	km.ci	0.5.6	2025-06-03T20:53:12Z	007635fdf310fc8d7ac77e227885612d	/workspace/rst/cache_4_5/library/km.ci/0.5-6/007635fdf310fc8d7ac77e227885612d/km.ci	available
4.5.2	kmi	0.5.5	2025-06-04T02:33:33Z	5cf439925b1a45a2981d384b145a1c9f	/workspace/rst/cache_4_5/library/kmi/0.5.5/5cf439925b1a45a2981d384b145a1c9f/kmi	available
4.5.2	knitcitations	1.0.12	2025-06-04T02:33:47Z	4d7e5ccfada2458469ed2c154426b017	/workspace/rst/cache_4_5/library/knitcitations/1.0.12/4d7e5ccfada2458469ed2c154426b017/knitcitations	available
4.5.2	knitr	1.52	2026-09-08T06:18:44Z	7ebe5bd9d7eff5a31d7fd527519a31b0	/workspace/rst/cache_4_5/library/knitr/1.52/7ebe5bd9d7eff5a31d7fd527519a31b0/knitr	available
4.5.2	knitrBootstrap	1.0.4	2025-12-10T07:08:17Z	87f2f8389fc20efdece5bf2b53dc6f1e	/workspace/rst/cache_4_5/library/knitrBootstrap/1.0.4/87f2f8389fc20efdece5bf2b53dc6f1e/knitrBootstrap	available
4.5.2	knn.covertree	1.1	2025-12-10T07:08:19Z	d62265c9198ddedad7905d9fe68d8442	/workspace/rst/cache_4_5/library/knn.covertree/1.1/d62265c9198ddedad7905d9fe68d8442/knn.covertree	available
4.5.2	koenig.datapkg	0.0.0.9003	2026-05-11T14:01:23Z	d0584dd5c05531d32311915676c0d536	/workspace/rst/cache_4_5/library/koenig.datapkg/0.0.0.9003/d0584dd5c05531d32311915676c0d536/koenig.datapkg	available
4.5.2	kohonen	3.0.13	2026-01-24T07:13:49Z	26503c2f02d436f3697b236587becc06	/workspace/rst/cache_4_5/library/kohonen/3.0.13/26503c2f02d436f3697b236587becc06/kohonen	available
4.5.2	kriging	1.2	2025-06-04T02:34:31Z	727a6c3958c230a4915711e68bfad899	/workspace/rst/cache_4_5/library/kriging/1.2/727a6c3958c230a4915711e68bfad899/kriging	available
4.5.2	ks	1.15.3	2026-08-06T06:17:29Z	8739ee57413e2a9a49c0bef5d5298d76	/workspace/rst/cache_4_5/library/ks/1.15.3/8739ee57413e2a9a49c0bef5d5298d76/ks	available
4.5.2	kutils	1.73	2025-06-03T19:00:53Z	f5ca49747c3b9ce2cf485d2767b2583c	/workspace/rst/cache_4_5/library/kutils/1.73/f5ca49747c3b9ce2cf485d2767b2583c/kutils	available
4.5.2	laGP	1.5.9	2025-06-04T02:34:45Z	e5137c52e41403ce48868aeff34ca766	/workspace/rst/cache_4_5/library/laGP/1.5-9/e5137c52e41403ce48868aeff34ca766/laGP	available
4.5.2	labdsv	2.3.1	2026-04-08T06:22:33Z	43966b45baf2094dfa368ab7e19edf79	/workspace/rst/cache_4_5/library/labdsv/2.3-1/43966b45baf2094dfa368ab7e19edf79/labdsv	available
4.5.2	labeling	0.4.3	2025-06-03T15:44:18Z	701811c3b1c0615220053aab28d7a14d	/workspace/rst/cache_4_5/library/labeling/0.4.3/701811c3b1c0615220053aab28d7a14d/labeling	available
4.5.2	labelled	2.16.1	2026-08-22T06:22:25Z	9a48a806873c6de165b34e9ce07b9035	/workspace/rst/cache_4_5/library/labelled/2.16.1/9a48a806873c6de165b34e9ce07b9035/labelled	available
4.5.2	laeken	0.5.3	2025-06-03T23:44:13Z	4227d4840f96ebcaf271aca606cce234	/workspace/rst/cache_4_5/library/laeken/0.5.3/4227d4840f96ebcaf271aca606cce234/laeken	available
4.5.2	lamW	2.2.7	2026-03-29T06:07:06Z	2a38b72d7771c3bea27ba769101fd7e8	/workspace/rst/cache_4_5/library/lamW/2.2.7/2a38b72d7771c3bea27ba769101fd7e8/lamW	available
4.5.2	lambda.r	1.2.4	2025-06-03T15:44:18Z	617a1b744ed5fbf1cd2189d0fdd141a2	/workspace/rst/cache_4_5/library/lambda.r/1.2.4/617a1b744ed5fbf1cd2189d0fdd141a2/lambda.r	available
4.5.2	languageR	1.6	2026-03-10T06:10:34Z	c417d4dd051d63a6ed1b9b077695bfc9	/workspace/rst/cache_4_5/library/languageR/1.6/c417d4dd051d63a6ed1b9b077695bfc9/languageR	available
4.5.2	languageserver	0.3.20	2026-09-26T06:21:53Z	1f605e1a40555a722f95d2ed617a5d03	/workspace/rst/cache_4_5/library/languageserver/0.3.20/1f605e1a40555a722f95d2ed617a5d03/languageserver	available
4.5.2	languageserversetup	0.1.2	2025-06-04T02:35:32Z	0bc82c56a8fd8528daf0d17c4c8eb4eb	/workspace/rst/cache_4_5/library/languageserversetup/0.1.2/0bc82c56a8fd8528daf0d17c4c8eb4eb/languageserversetup	available
4.5.2	lapalombella.mehdi.datapkg	0.0.0.9010	2026-05-05T23:14:11Z	f780674d4a2373bb330d72ff8c4cdcf2	/workspace/rst/cache_4_5/library/lapalombella.mehdi.datapkg/0.0.0.9010/f780674d4a2373bb330d72ff8c4cdcf2/lapalombella.mehdi.datapkg	available
4.5.2	lapalombella.pu.datapkg	1.0.0	2026-08-20T21:41:55Z	9ef8c3be4bd38a5685963a3c225c8c19	/workspace/rst/cache_4_5/library/lapalombella.pu.datapkg/1.0.0/9ef8c3be4bd38a5685963a3c225c8c19/lapalombella.pu.datapkg	available
4.5.2	lares	5.4.1	2026-08-30T06:19:17Z	2d41de1cc71d27a91568c024bf5f3615	/workspace/rst/cache_4_5/library/lares/5.4.1/2d41de1cc71d27a91568c024bf5f3615/lares	available
4.5.2	lars	1.3	2025-06-04T00:52:11Z	0bbad19ac551f55eee8fc7e6a77c710c	/workspace/rst/cache_4_5/library/lars/1.3/0bbad19ac551f55eee8fc7e6a77c710c/lars	available
4.5.2	later	1.4.8	2026-04-23T16:48:39Z	f04d3abdca408347ddefe646914d2524	/workspace/rst/cache_4_5/library/later/1.4.8/f04d3abdca408347ddefe646914d2524/later	available
4.5.2	latex2exp	0.9.8	2026-01-11T06:55:01Z	f789e643e12dcba8dceb4d82d3e0ad8c	/workspace/rst/cache_4_5/library/latex2exp/0.9.8/f789e643e12dcba8dceb4d82d3e0ad8c/latex2exp	available
4.5.2	lattice	0.23.1	2026-08-14T06:19:40Z	46ace5237899abc0c8e3575d77965ee4	/workspace/rst/cache_4_5/library/lattice/0.23-1/46ace5237899abc0c8e3575d77965ee4/lattice	available
4.5.2	latticeExtra	0.6.31	2025-12-06T20:46:38Z	48d1ac3f58f2a99a77120c232d84e988	/workspace/rst/cache_4_5/library/latticeExtra/0.6-31/48d1ac3f58f2a99a77120c232d84e988/latticeExtra	available
4.5.2	lava	1.9.3	2026-08-22T06:22:25Z	361a46ff94a5aa12ee13366acfdb66f5	/workspace/rst/cache_4_5/library/lava/1.9.3/361a46ff94a5aa12ee13366acfdb66f5/lava	available
4.5.2	lavaSearch2	2.0.3	2025-06-04T02:36:22Z	6971d845cddae6ac9a74a137bbfd37e5	/workspace/rst/cache_4_5/library/lavaSearch2/2.0.3/6971d845cddae6ac9a74a137bbfd37e5/lavaSearch2	available
4.5.2	lavaan	0.7.2	2026-07-18T06:12:47Z	653d34c73c066052ede10c656091e030	/workspace/rst/cache_4_5/library/lavaan/0.7-2/653d34c73c066052ede10c656091e030/lavaan	available
4.5.2	lavaan.mi	0.1.1	2026-07-17T06:13:00Z	b776b4dfd3f80eecba41767a8c39de07	/workspace/rst/cache_4_5/library/lavaan.mi/0.1-1/b776b4dfd3f80eecba41767a8c39de07/lavaan.mi	available
4.5.2	lazyData	1.1.0	2025-06-04T02:36:51Z	6655a7da5813599142aef0c5691c182e	/workspace/rst/cache_4_5/library/lazyData/1.1.0/6655a7da5813599142aef0c5691c182e/lazyData	available
4.5.2	lazyeval	0.2.3	2026-04-06T06:09:09Z	f88597bde477bff79cbb6dd8027d8863	/workspace/rst/cache_4_5/library/lazyeval/0.2.3/f88597bde477bff79cbb6dd8027d8863/lazyeval	available
4.5.2	lbfgs	1.2.1.2	2025-06-04T02:37:05Z	83fce87041a07125e53a0e207efe0395	/workspace/rst/cache_4_5/library/lbfgs/1.2.1.2/83fce87041a07125e53a0e207efe0395/lbfgs	available
4.5.2	lbfgsb3c	2024.3.5	2025-06-04T02:37:22Z	02fc6f17dc68b2eb26dbce859582bd73	/workspace/rst/cache_4_5/library/lbfgsb3c/2024-3.5/02fc6f17dc68b2eb26dbce859582bd73/lbfgsb3c	available
4.5.2	lcmm	2.2.2	2025-11-26T07:04:38Z	4d5b44a62eed507b4e8392be7155e6fc	/workspace/rst/cache_4_5/library/lcmm/2.2.2/4d5b44a62eed507b4e8392be7155e6fc/lcmm	available
4.5.2	lcopula	1.0.7	2025-06-04T02:37:37Z	cab1302bd6b2913f578cb099154e11df	/workspace/rst/cache_4_5/library/lcopula/1.0.7/cab1302bd6b2913f578cb099154e11df/lcopula	available
4.5.2	lda	1.5.2	2025-06-04T02:37:51Z	5c21bdf4936ac1fbea7914d2c88d8300	/workspace/rst/cache_4_5/library/lda/1.5.2/5c21bdf4936ac1fbea7914d2c88d8300/lda	available
4.5.2	leafem	0.2.5	2025-12-06T20:46:39Z	0879551cc972ba1445574ccdc03b6b9a	/workspace/rst/cache_4_5/library/leafem/0.2.5/0879551cc972ba1445574ccdc03b6b9a/leafem	available
4.5.2	leafgl	0.2.4	2026-04-18T06:06:12Z	ca40e262f9a108e14f51acfffdb1c76e	/workspace/rst/cache_4_5/library/leafgl/0.2.4/ca40e262f9a108e14f51acfffdb1c76e/leafgl	available
4.5.2	leaflegend	1.3.0	2026-09-18T06:21:25Z	0b087fcda40fd0a22941f3974f24ee40	/workspace/rst/cache_4_5/library/leaflegend/1.3.0/0b087fcda40fd0a22941f3974f24ee40/leaflegend	available
4.5.2	leaflet	2.2.3	2025-12-06T20:46:39Z	835ac325b6e7124f90e96492b4782f52	/workspace/rst/cache_4_5/library/leaflet/2.2.3/835ac325b6e7124f90e96492b4782f52/leaflet	available
4.5.2	leaflet.extras	2.1.0	2026-09-18T06:21:25Z	7d949f9933bfbc8712033eb23461137d	/workspace/rst/cache_4_5/library/leaflet.extras/2.1.0/7d949f9933bfbc8712033eb23461137d/leaflet.extras	available
4.5.2	leaflet.extras2	1.3.4	2026-09-18T06:21:26Z	bc8b4e85e00fe4b7a0d2a178d51dc052	/workspace/rst/cache_4_5/library/leaflet.extras2/1.3.4/bc8b4e85e00fe4b7a0d2a178d51dc052/leaflet.extras2	available
4.5.2	leaflet.providers	3.0.0	2026-03-20T06:05:33Z	97057aa2914fd1e792262881dc5141e2	/workspace/rst/cache_4_5/library/leaflet.providers/3.0.0/97057aa2914fd1e792262881dc5141e2/leaflet.providers	available
4.5.2	leafpop	0.1.0	2025-06-04T02:38:58Z	cf5ed58c313d4b03bdf4117c798a391a	/workspace/rst/cache_4_5/library/leafpop/0.1.0/cf5ed58c313d4b03bdf4117c798a391a/leafpop	available
4.5.2	leafsync	0.1.0	2025-06-04T02:39:14Z	b0dad0458a11fa81f54aa9a54dd24632	/workspace/rst/cache_4_5/library/leafsync/0.1.0/b0dad0458a11fa81f54aa9a54dd24632/leafsync	available
4.5.2	leaps	3.2	2025-06-03T16:28:00Z	853a6585d99eef6516565ba799531344	/workspace/rst/cache_4_5/library/leaps/3.2/853a6585d99eef6516565ba799531344/leaps	available
4.5.2	learnr	0.11.6	2025-12-06T20:46:40Z	bb91e57a3c67bf1e69134fb8a75916df	/workspace/rst/cache_4_5/library/learnr/0.11.6/bb91e57a3c67bf1e69134fb8a75916df/learnr	available
4.5.2	leeBamViews	1.46.0	2025-11-06T07:52:45Z	6ba00660d8cf87cec03c9a9a0dba6194	/workspace/rst/cache_4_5/library/leeBamViews/1.46.0/6ba00660d8cf87cec03c9a9a0dba6194/leeBamViews	available
4.5.2	leiden	0.4.3.1	2025-06-04T02:40:30Z	d373082145d753507032c7a03cd3027f	/workspace/rst/cache_4_5/library/leiden/0.4.3.1/d373082145d753507032c7a03cd3027f/leiden	available
4.5.2	leidenbase	0.1.37	2026-05-21T06:15:16Z	8ada49cee9dadba9f1090ed4ab94e37d	/workspace/rst/cache_4_5/library/leidenbase/0.1.37/8ada49cee9dadba9f1090ed4ab94e37d/leidenbase	available
4.5.2	lemon	0.5.2	2025-12-06T20:46:40Z	f1b73ccbbacec9d0e879672d3b03032c	/workspace/rst/cache_4_5/library/lemon/0.5.2/f1b73ccbbacec9d0e879672d3b03032c/lemon	available
4.5.2	lexicon	1.3.2	2026-09-02T06:21:47Z	c0ab6cac698c4a12efd49b43c7d7a25b	/workspace/rst/cache_4_5/library/lexicon/1.3.2/c0ab6cac698c4a12efd49b43c7d7a25b/lexicon	available
4.5.2	lfda	1.1.3	2025-06-04T02:41:17Z	ab6123f02478e5b9511798fdd3eac27a	/workspace/rst/cache_4_5/library/lfda/1.1.3/ab6123f02478e5b9511798fdd3eac27a/lfda	available
4.5.2	lfe	3.1.1	2025-06-04T02:41:34Z	ceedba6cc32f14af6dcbd288838d172e	/workspace/rst/cache_4_5/library/lfe/3.1.1/ceedba6cc32f14af6dcbd288838d172e/lfe	available
4.5.2	lgr	0.5.2	2026-02-01T07:02:01Z	fcdc5fe586ee94f8e1b099917cff2e7d	/workspace/rst/cache_4_5/library/lgr/0.5.2/fcdc5fe586ee94f8e1b099917cff2e7d/lgr	available
4.5.2	lhs	1.3.0	2026-04-29T06:05:12Z	9ee3bda96ee19554177f1b9c1a08b3fd	/workspace/rst/cache_4_5/library/lhs/1.3.0/9ee3bda96ee19554177f1b9c1a08b3fd/lhs	available
4.5.2	libcmaesr	0.1.0	2026-09-04T06:18:45Z	cd43ea4cb3df9b7a7480f8540289b56b	/workspace/rst/cache_4_5/library/libcmaesr/0.1.0/cd43ea4cb3df9b7a7480f8540289b56b/libcmaesr	available
4.5.2	libcoin	1.0.13	2026-06-06T06:10:57Z	f70e24554545cbd8b8768fc7961fe48b	/workspace/rst/cache_4_5/library/libcoin/1.0-13/f70e24554545cbd8b8768fc7961fe48b/libcoin	available
4.5.2	libstable4u	1.0.5	2025-06-04T02:41:49Z	bc69918735780d9308aa4a179fab391b	/workspace/rst/cache_4_5/library/libstable4u/1.0.5/bc69918735780d9308aa4a179fab391b/libstable4u	available
4.5.2	lifecycle	1.0.5	2026-01-10T07:10:51Z	7e8f49dab4d81a27cde775deb9f584ec	/workspace/rst/cache_4_5/library/lifecycle/1.0.5/7e8f49dab4d81a27cde775deb9f584ec/lifecycle	available
4.5.2	likert	1.3.5.1	2025-10-23T06:01:28Z	daac70b7a2d70eb37908438583241568	/workspace/rst/cache_4_5/library/likert/1.3.5.1/daac70b7a2d70eb37908438583241568/likert	available
4.5.2	lime	0.5.4	2026-01-16T07:07:56Z	21433f6eef602ff0970cef17d0242848	/workspace/rst/cache_4_5/library/lime/0.5.4/21433f6eef602ff0970cef17d0242848/lime	available
4.5.2	limma	3.66.0	2026-02-24T15:26:09Z	0e0135fc55e343bb4b4ab8c02bee0702	/workspace/rst/cache_4_5/library/limma/3.66.0/0e0135fc55e343bb4b4ab8c02bee0702/limma	available
4.5.2	linprog	0.9.6	2026-01-21T07:12:31Z	acc0f6e6de3d9e3c4e0300118075fded	/workspace/rst/cache_4_5/library/linprog/0.9-6/acc0f6e6de3d9e3c4e0300118075fded/linprog	available
4.5.2	lintr	3.4.0	2026-07-17T06:13:01Z	f3b0de5b8c31847fa6053df61efe42ef	/workspace/rst/cache_4_5/library/lintr/3.4.0/f3b0de5b8c31847fa6053df61efe42ef/lintr	available
4.5.2	lisrelToR	0.3	2025-06-03T19:00:54Z	3d84c1c0da330eef96d291238d70e498	/workspace/rst/cache_4_5/library/lisrelToR/0.3/3d84c1c0da330eef96d291238d70e498/lisrelToR	available
4.5.2	listenv	1.0.0	2026-06-24T06:10:44Z	d307c2e8169aba6c3c4e6e6c0f626e8d	/workspace/rst/cache_4_5/library/listenv/1.0.0/d307c2e8169aba6c3c4e6e6c0f626e8d/listenv	available
4.5.2	listviewer	4.0.0	2025-06-21T05:42:14Z	fca5d826ac1ae3bf0f90a6516d1adc17	/workspace/rst/cache_4_5/library/listviewer/4.0.0/fca5d826ac1ae3bf0f90a6516d1adc17/listviewer	available
4.5.2	litedown	0.9	2025-12-24T15:06:28Z	96c7b731db7b60273e82ecd0c075d7eb	/workspace/rst/cache_4_5/library/litedown/0.9/96c7b731db7b60273e82ecd0c075d7eb/litedown	available
4.5.2	literanger	0.2.0	2025-12-06T20:46:42Z	adf7d2aa938b9b5a89fba968115962b7	/workspace/rst/cache_4_5/library/literanger/0.2.0/adf7d2aa938b9b5a89fba968115962b7/literanger	available
4.5.2	lm.beta	1.7.3	2025-12-06T20:46:42Z	74ec22eec584621d929023fcc997a42a	/workspace/rst/cache_4_5/library/lm.beta/1.7-3/74ec22eec584621d929023fcc997a42a/lm.beta	available
4.5.2	lme4	2.0.6	2026-07-26T15:33:41Z	5b4d0afbf0f57651e5d7f221f6c0569e	/workspace/rst/cache_4_5/library/lme4/2.0-6/5b4d0afbf0f57651e5d7f221f6c0569e/lme4	available
4.5.2	lmeInfo	0.3.2	2025-06-15T05:37:21Z	9f7661e4948fd067a3a6d9f428ad10e3	/workspace/rst/cache_4_5/library/lmeInfo/0.3.2/9f7661e4948fd067a3a6d9f428ad10e3/lmeInfo	available
4.5.2	lmerTest	3.2.1	2026-03-08T07:11:08Z	c2e60fab7d958dbf38ef6d8134aed622	/workspace/rst/cache_4_5/library/lmerTest/3.2-1/c2e60fab7d958dbf38ef6d8134aed622/lmerTest	available
4.5.2	lmodel2	1.7.4	2025-06-04T01:54:40Z	435c020d57af283d76e5ebed5fecd541	/workspace/rst/cache_4_5/library/lmodel2/1.7-4/435c020d57af283d76e5ebed5fecd541/lmodel2	available
4.5.2	lmom	3.3	2026-03-26T06:16:14Z	9e6606f074ac7bfb612f58e38ac8bbd6	/workspace/rst/cache_4_5/library/lmom/3.3/9e6606f074ac7bfb612f58e38ac8bbd6/lmom	available
4.5.2	lmtest	0.9.40	2025-06-03T15:44:22Z	cb565d50f6c95cf1aef2c59b94e486aa	/workspace/rst/cache_4_5/library/lmtest/0.9-40/cb565d50f6c95cf1aef2c59b94e486aa/lmtest	available
4.5.2	lobstr	1.2.2	2026-09-02T06:21:47Z	da2808ce4f3034a77981833bc360f287	/workspace/rst/cache_4_5/library/lobstr/1.2.2/da2808ce4f3034a77981833bc360f287/lobstr	available
4.5.2	localModel	0.5	2026-01-16T07:07:56Z	a4d2cceadbeb761648930da3493e78d7	/workspace/rst/cache_4_5/library/localModel/0.5/a4d2cceadbeb761648930da3493e78d7/localModel	available
4.5.2	locatexec	0.2.0	2026-05-27T06:21:56Z	043140c5649758b2506bdf60053b7846	/workspace/rst/cache_4_5/library/locatexec/0.2.0/043140c5649758b2506bdf60053b7846/locatexec	available
4.5.2	locfdr	1.1.8	2026-03-14T06:11:17Z	97c3613c170f366eb6c654c561bf5138	/workspace/rst/cache_4_5/library/locfdr/1.1-8/97c3613c170f366eb6c654c561bf5138/locfdr	available
4.5.2	locfit	1.5.9.12	2025-06-03T16:16:32Z	ad185f3c711ad5c6f06a24ef95ea0d06	/workspace/rst/cache_4_5/library/locfit/1.5-9.12/ad185f3c711ad5c6f06a24ef95ea0d06/locfit	available
4.5.2	logcondens	2.1.9	2026-04-29T06:05:12Z	522f489fadfd7f936550c82ebdbece2b	/workspace/rst/cache_4_5/library/logcondens/2.1.9/522f489fadfd7f936550c82ebdbece2b/logcondens	available
4.5.2	logger	0.4.3	2026-08-26T06:18:51Z	2e24f5791e79ac922ca95532c17c6c8f	/workspace/rst/cache_4_5/library/logger/0.4.3/2e24f5791e79ac922ca95532c17c6c8f/logger	available
4.5.2	logging	0.10.111	2026-05-23T06:18:06Z	a1231fc44979b471f36fbcbda4b157a1	/workspace/rst/cache_4_5/library/logging/0.10-111/a1231fc44979b471f36fbcbda4b157a1/logging	available
4.5.2	logistf	1.26.1	2025-06-04T02:42:36Z	2e5d0961a42ff45757a98e9ae3a57589	/workspace/rst/cache_4_5/library/logistf/1.26.1/2e5d0961a42ff45757a98e9ae3a57589/logistf	available
4.5.2	logisticPCA	0.2	2025-06-04T02:42:51Z	2752fd3282f764be8cf733dedb65a37d	/workspace/rst/cache_4_5/library/logisticPCA/0.2/2752fd3282f764be8cf733dedb65a37d/logisticPCA	available
4.5.2	logitr	1.2.0	2026-07-08T06:21:26Z	29eece8ea93bf93357c4735cf64960ba	/workspace/rst/cache_4_5/library/logitr/1.2.0/29eece8ea93bf93357c4735cf64960ba/logitr	available
4.5.2	logspline	2.1.22	2025-06-04T02:43:23Z	11ca90ec766be54490efcf0ae942b4b6	/workspace/rst/cache_4_5/library/logspline/2.1.22/11ca90ec766be54490efcf0ae942b4b6/logspline	available
4.5.2	lokern	1.1.12	2025-06-04T02:43:37Z	7cf592bb3c8189bc6537cc0319040c68	/workspace/rst/cache_4_5/library/lokern/1.1-12/7cf592bb3c8189bc6537cc0319040c68/lokern	available
4.5.2	longmemo	1.1.4	2025-12-06T20:46:44Z	bcf8d0ec06718b143def6512f0850113	/workspace/rst/cache_4_5/library/longmemo/1.1-4/bcf8d0ec06718b143def6512f0850113/longmemo	available
4.5.2	loo	2.9.0	2025-12-26T06:55:31Z	98fb5e9841d4ab31a073736894565214	/workspace/rst/cache_4_5/library/loo/2.9.0/98fb5e9841d4ab31a073736894565214/loo	available
4.5.2	loomR	0.2.1.9000	2025-06-04T14:16:48Z	5df78e6d2f752b0286788536ed3cb1fd	/workspace/rst/cache_4_5/library/loomR/0.2.1.9000/5df78e6d2f752b0286788536ed3cb1fd/loomR	available
4.5.2	loupeR	1.1.5	2026-04-25T14:26:12Z	4b4eb7e941bcb58678d1e79a092129b7	/workspace/rst/cache_4_5/library/loupeR/1.1.5/4b4eb7e941bcb58678d1e79a092129b7/loupeR	available
4.5.2	lpSolve	5.6.23	2025-06-03T19:30:55Z	a32b636e0fe6d8cd837ea408d4fe08aa	/workspace/rst/cache_4_5/library/lpSolve/5.6.23/a32b636e0fe6d8cd837ea408d4fe08aa/lpSolve	available
4.5.2	lpSolveAPI	5.5.2.0.17.15	2026-02-17T07:12:50Z	c409ad2a044808f0f468251288a5e0f4	/workspace/rst/cache_4_5/library/lpSolveAPI/5.5.2.0-17.15/c409ad2a044808f0f468251288a5e0f4/lpSolveAPI	available
4.5.2	lpsymphony	1.38.0	2026-03-13T18:38:43Z	331025b821fba5a8e68de8d72b21d5f9	/workspace/rst/cache_4_5/library/lpsymphony/1.38.0/331025b821fba5a8e68de8d72b21d5f9/lpsymphony	available
4.5.2	lqmm	1.5.8	2025-06-04T02:44:40Z	85d1ad01fe600982c8dea0c8fe3da4b6	/workspace/rst/cache_4_5/library/lqmm/1.5.8/85d1ad01fe600982c8dea0c8fe3da4b6/lqmm	available
4.5.2	lsa	0.73.4	2026-01-13T07:07:14Z	af0c3db4459ba36591ef107b6bacec71	/workspace/rst/cache_4_5/library/lsa/0.73.4/af0c3db4459ba36591ef107b6bacec71/lsa	available
4.5.2	lsmeans	2.30.2	2025-06-04T02:45:10Z	3fb4d0f170bd12a54dc84aed038df806	/workspace/rst/cache_4_5/library/lsmeans/2.30-2/3fb4d0f170bd12a54dc84aed038df806/lsmeans	available
4.5.2	lsoda	1.2	2025-12-15T20:16:22Z	4325956fc9e1aa292e46418e87d67f45	/workspace/rst/cache_4_5/library/lsoda/1.2/4325956fc9e1aa292e46418e87d67f45/lsoda	available
4.5.2	lspline	1.0.0	2026-07-07T06:20:37Z	4d457df1d5337ad22461a085bb5d1dcf	/workspace/rst/cache_4_5/library/lspline/1.0-0/4d457df1d5337ad22461a085bb5d1dcf/lspline	available
4.5.2	lubridate	1.9.5	2026-02-06T07:08:36Z	812d7be1a16a190fea60954127e42024	/workspace/rst/cache_4_5/library/lubridate/1.9.5/812d7be1a16a190fea60954127e42024/lubridate	available
4.5.2	lucid	1.9	2025-10-10T05:52:16Z	2f0c0e451ad2d0b2660b613da7a9f727	/workspace/rst/cache_4_5/library/lucid/1.9/2f0c0e451ad2d0b2660b613da7a9f727/lucid	available
4.5.2	lungExpression	0.48.0	2025-12-15T20:16:22Z	c139df53f71340129695b4a9eeddce46	/workspace/rst/cache_4_5/library/lungExpression/0.48.0/c139df53f71340129695b4a9eeddce46/lungExpression	available
4.5.2	lwgeom	0.2.17	2026-07-21T06:18:53Z	d6dac1d664c066d8313537606b7e67db	/workspace/rst/cache_4_5/library/lwgeom/0.2-17/d6dac1d664c066d8313537606b7e67db/lwgeom	available
4.5.2	mRMRe	2.1.3.1	2026-09-06T06:25:28Z	f0e4e6a8972f6432975363cd44d6a1f8	/workspace/rst/cache_4_5/library/mRMRe/2.1.3.1/f0e4e6a8972f6432975363cd44d6a1f8/mRMRe	available
4.5.2	macrophage	1.26.0	2025-12-15T20:16:25Z	673c347a73b3f8f430c71a42286982d9	/workspace/rst/cache_4_5/library/macrophage/1.26.0/673c347a73b3f8f430c71a42286982d9/macrophage	available
4.5.2	mada	0.5.12	2026-05-01T06:04:14Z	5cc9e74aa5e7e662696c053bd9ff5cf9	/workspace/rst/cache_4_5/library/mada/0.5.12/5cc9e74aa5e7e662696c053bd9ff5cf9/mada	available
4.5.2	maditr	0.8.7	2026-01-21T07:12:31Z	2f494a0c4a838d807e274cc0df00f1dd	/workspace/rst/cache_4_5/library/maditr/0.8.7/2f494a0c4a838d807e274cc0df00f1dd/maditr	available
4.5.2	mafR	1.1.6	2025-07-24T05:47:56Z	ce8e7421412a03efdf2ede0566252ca0	/workspace/rst/cache_4_5/library/mafR/1.1.6/ce8e7421412a03efdf2ede0566252ca0/mafR	available
4.5.2	maftools	2.26.0	2025-11-05T09:51:30Z	1b8956db023c5bbcf499699fc2ae87f6	/workspace/rst/cache_4_5/library/maftools/2.26.0/1b8956db023c5bbcf499699fc2ae87f6/maftools	available
4.5.2	magic	1.6.1.1	2026-09-27T06:18:21Z	a2413abb5986d1a8874e8d0c8da1cf5a	/workspace/rst/cache_4_5/library/magic/1.6-1-1/a2413abb5986d1a8874e8d0c8da1cf5a/magic	available
4.5.2	magick	2.9.1	2026-03-02T07:10:08Z	71c9c52bcf78ceb87451ace58457219f	/workspace/rst/cache_4_5/library/magick/2.9.1/71c9c52bcf78ceb87451ace58457219f/magick	available
4.5.2	magrittr	2.0.5	2026-04-06T06:09:10Z	bc8b98cdfbe6460a49cdc4afc83cac77	/workspace/rst/cache_4_5/library/magrittr/2.0.5/bc8b98cdfbe6460a49cdc4afc83cac77/magrittr	available
4.5.2	mallet	1.3.0	2025-06-04T02:49:36Z	7cdd5898fe6f6e0e4134001bd2921ab9	/workspace/rst/cache_4_5/library/mallet/1.3.0/7cdd5898fe6f6e0e4134001bd2921ab9/mallet	available
4.5.2	manhattanly	0.3.0	2025-06-04T02:49:51Z	fed3f894c2cce35cdaefefe3ab12c98d	/workspace/rst/cache_4_5/library/manhattanly/0.3.0/fed3f894c2cce35cdaefefe3ab12c98d/manhattanly	available
4.5.2	manipulateWidget	0.11.2	2026-01-15T07:09:13Z	e81e3b6bda333bf0ca2e2d70da39fb3c	/workspace/rst/cache_4_5/library/manipulateWidget/0.11.2/e81e3b6bda333bf0ca2e2d70da39fb3c/manipulateWidget	available
4.5.2	mapdata	2.3.1	2025-06-04T02:50:28Z	15d3cac945fd3aa96c7779d1c6aec2f2	/workspace/rst/cache_4_5/library/mapdata/2.3.1/15d3cac945fd3aa96c7779d1c6aec2f2/mapdata	available
4.5.2	mapdeck	0.3.6	2025-12-06T20:46:45Z	df9cd0d37b24168a230db1840dc3a253	/workspace/rst/cache_4_5/library/mapdeck/0.3.6/df9cd0d37b24168a230db1840dc3a253/mapdeck	available
4.5.2	mapproj	1.2.12	2025-06-04T02:51:01Z	6fc9b4da8c9978c3a3159ea171a9c92e	/workspace/rst/cache_4_5/library/mapproj/1.2.12/6fc9b4da8c9978c3a3159ea171a9c92e/mapproj	available
4.5.2	maps	3.4.3	2025-06-03T18:35:48Z	4001b74bb0269ab3a22f505112ab4508	/workspace/rst/cache_4_5/library/maps/3.4.3/4001b74bb0269ab3a22f505112ab4508/maps	available
4.5.2	maptiles	0.12.0	2026-07-25T06:13:34Z	df03ccb66bdf85198c774f5f762b60c4	/workspace/rst/cache_4_5/library/maptiles/0.12.0/df03ccb66bdf85198c774f5f762b60c4/maptiles	available
4.5.2	maptree	1.4.9	2025-08-05T15:29:04Z	632aa1e66c6052264bbbcde4063cf82f	/workspace/rst/cache_4_5/library/maptree/1.4-9/632aa1e66c6052264bbbcde4063cf82f/maptree	available
4.5.2	mapview	2.11.4	2025-12-06T20:46:45Z	a6ef877b07dba6ad92812b9c689a1cb4	/workspace/rst/cache_4_5/library/mapview/2.11.4/a6ef877b07dba6ad92812b9c689a1cb4/mapview	available
4.5.2	marginaleffects	1.0.0	2026-09-05T06:19:46Z	1b3701f9279c4086f4d29a0561497c49	/workspace/rst/cache_4_5/library/marginaleffects/1.0.0/1b3701f9279c4086f4d29a0561497c49/marginaleffects	available
4.5.2	margins	0.3.28	2025-06-04T02:51:52Z	6c18dff627f834f1c164ad4402fe2e7d	/workspace/rst/cache_4_5/library/margins/0.3.28/6c18dff627f834f1c164ad4402fe2e7d/margins	available
4.5.2	markdown	2.0	2025-06-03T21:38:00Z	82619ef74a48dc34d90e41f5d039f0ba	/workspace/rst/cache_4_5/library/markdown/2.0/82619ef74a48dc34d90e41f5d039f0ba/markdown	available
4.5.2	marked	1.2.8	2025-06-04T02:52:08Z	3eb1f463bf557938c1234416394d7aa1	/workspace/rst/cache_4_5/library/marked/1.2.8/3eb1f463bf557938c1234416394d7aa1/marked	available
4.5.2	marqLevAlg	2.0.8	2025-06-04T02:52:24Z	fadba3741665cb4621d4421b5c7afec8	/workspace/rst/cache_4_5/library/marqLevAlg/2.0.8/fadba3741665cb4621d4421b5c7afec8/marqLevAlg	available
4.5.2	marquee	1.2.1	2026-02-27T07:05:01Z	764c0068c72815896621519b468ef362	/workspace/rst/cache_4_5/library/marquee/1.2.1/764c0068c72815896621519b468ef362/marquee	available
4.5.2	marray	1.88.0	2025-11-05T09:51:31Z	27977a4a3cfac74c820b0cc9e52d1998	/workspace/rst/cache_4_5/library/marray/1.88.0/27977a4a3cfac74c820b0cc9e52d1998/marray	available
4.5.2	mathjaxr	2.0.0	2025-12-06T20:46:46Z	294a7b70bcea54bc3e52cfab77ee374c	/workspace/rst/cache_4_5/library/mathjaxr/2.0-0/294a7b70bcea54bc3e52cfab77ee374c/mathjaxr	available
4.5.2	matrixStats	1.5.0	2025-06-03T15:44:23Z	8283e0cbb47986833b3d6222320f0d1c	/workspace/rst/cache_4_5/library/matrixStats/1.5.0/8283e0cbb47986833b3d6222320f0d1c/matrixStats	available
4.5.2	matrixcalc	1.0.6	2025-06-03T17:34:06Z	3f4068363086b88d9438fea5cb4e33f6	/workspace/rst/cache_4_5/library/matrixcalc/1.0-6/3f4068363086b88d9438fea5cb4e33f6/matrixcalc	available
4.5.2	maxLik	1.5.2.2	2025-12-31T06:57:04Z	eb8b25d8a4fff5611d84bacdfcf64716	/workspace/rst/cache_4_5/library/maxLik/1.5-2.2/eb8b25d8a4fff5611d84bacdfcf64716/maxLik	available
4.5.2	maxlike	0.1.12	2025-12-06T20:46:47Z	2427f6a69195300a17d5df8ac6581946	/workspace/rst/cache_4_5/library/maxlike/0.1-12/2427f6a69195300a17d5df8ac6581946/maxlike	available
4.5.2	maxstat	0.7.26	2025-06-03T21:38:00Z	71dbbf2a037752a9dc9e2799039af5eb	/workspace/rst/cache_4_5/library/maxstat/0.7-26/71dbbf2a037752a9dc9e2799039af5eb/maxstat	available
4.5.2	mbend	1.3.1	2025-06-04T02:53:18Z	d00120d0a6c2d8a209ed140f008400f5	/workspace/rst/cache_4_5/library/mbend/1.3.1/d00120d0a6c2d8a209ed140f008400f5/mbend	available
4.5.2	mbkmeans	1.26.0	2025-11-05T09:51:31Z	86377d6688a25ece74ae06c8de270d51	/workspace/rst/cache_4_5/library/mbkmeans/1.26.0/86377d6688a25ece74ae06c8de270d51/mbkmeans	available
4.5.2	mboost	2.9.14	2026-09-08T06:18:45Z	132507d77a7afc466903413a7e8b4955	/workspace/rst/cache_4_5/library/mboost/2.9-14/132507d77a7afc466903413a7e8b4955/mboost	available
4.5.2	mbrglm	0.0.1	2025-09-01T05:51:21Z	496c52ae1d4975fc81e0de27bc5b82d3	/workspace/rst/cache_4_5/library/mbrglm/0.0.1/496c52ae1d4975fc81e0de27bc5b82d3/mbrglm	available
4.5.2	mc2d	0.2.2	2026-06-03T06:04:03Z	727bc31fd9acb5c99968587a93d21cff	/workspace/rst/cache_4_5/library/mc2d/0.2.2/727bc31fd9acb5c99968587a93d21cff/mc2d	available
4.5.2	mclogit	0.9.6	2025-06-04T02:54:52Z	c05fe314553a22b685768054987010cf	/workspace/rst/cache_4_5/library/mclogit/0.9.6/c05fe314553a22b685768054987010cf/mclogit	available
4.5.2	mclust	6.1.3	2026-07-07T06:20:37Z	db96e0bb6849b1efa9490c46c2630461	/workspace/rst/cache_4_5/library/mclust/6.1.3/db96e0bb6849b1efa9490c46c2630461/mclust	available
4.5.2	mcmc	0.9.8	2025-06-03T17:34:07Z	ade1cc6d38db1b29a3ec317bd3b84463	/workspace/rst/cache_4_5/library/mcmc/0.9-8/ade1cc6d38db1b29a3ec317bd3b84463/mcmc	available
4.5.2	mco	1.17	2025-06-04T02:55:06Z	00ddd461c0f96ea68be77f6ec0e8808a	/workspace/rst/cache_4_5/library/mco/1.17/00ddd461c0f96ea68be77f6ec0e8808a/mco	available
4.5.2	mda	0.5.5	2025-06-04T02:55:24Z	b5747e008d0bff342165938b24adeb15	/workspace/rst/cache_4_5/library/mda/0.5-5/b5747e008d0bff342165938b24adeb15/mda	available
4.5.2	mdmb	1.9.22	2025-09-14T05:51:12Z	80d931017decaa168fbccb6a0808e834	/workspace/rst/cache_4_5/library/mdmb/1.9-22/80d931017decaa168fbccb6a0808e834/mdmb	available
4.5.2	mdthemes	0.1.0.9000	2025-06-04T02:55:41Z	dd9180b163c08bf524ced92c77d0851f	/workspace/rst/cache_4_5/library/mdthemes/0.1.0.9000/dd9180b163c08bf524ced92c77d0851f/mdthemes	available
4.5.2	meanShiftR	0.56	2026-05-23T06:18:06Z	b69cc27dee99a0b4895bbada1d8808ae	/workspace/rst/cache_4_5/library/meanShiftR/0.56/b69cc27dee99a0b4895bbada1d8808ae/meanShiftR	available
4.5.2	measurementProtocol	0.1.1	2025-06-04T02:03:03Z	c267b7b558efe23a8328e83d76198180	/workspace/rst/cache_4_5/library/measurementProtocol/0.1.1/c267b7b558efe23a8328e83d76198180/measurementProtocol	available
4.5.2	measurements	1.5.1	2025-06-04T02:55:57Z	6464ef0ad26fd6aa1277ec0c3ecc1c49	/workspace/rst/cache_4_5/library/measurements/1.5.1/6464ef0ad26fd6aa1277ec0c3ecc1c49/measurements	available
4.5.2	measures	0.3	2025-06-04T02:56:13Z	907afc826ed4c68e06dca00d8e2da4f0	/workspace/rst/cache_4_5/library/measures/0.3/907afc826ed4c68e06dca00d8e2da4f0/measures	available
4.5.2	meboot	1.5	2026-01-21T07:12:32Z	4439fb9807ba74c2388bc684229c28cb	/workspace/rst/cache_4_5/library/meboot/1.5/4439fb9807ba74c2388bc684229c28cb/meboot	available
4.5.2	mediation	4.5.1	2025-06-09T05:37:13Z	ce463d854a504b885c5552f52dfafdf3	/workspace/rst/cache_4_5/library/mediation/4.5.1/ce463d854a504b885c5552f52dfafdf3/mediation	available
4.5.2	memisc	0.99.31.8.3	2025-06-03T22:09:16Z	66f84a7b0cedcdad77a35b1843ff6e8a	/workspace/rst/cache_4_5/library/memisc/0.99.31.8.3/66f84a7b0cedcdad77a35b1843ff6e8a/memisc	available
4.5.2	memoise	2.0.1	2025-06-03T15:44:23Z	7c0a21bc64e1515cda535644e984fb70	/workspace/rst/cache_4_5/library/memoise/2.0.1/7c0a21bc64e1515cda535644e984fb70/memoise	available
4.5.2	memuse	4.2.3	2025-06-04T02:57:03Z	66f941ddb581a9e22274965490bc8b70	/workspace/rst/cache_4_5/library/memuse/4.2-3/66f941ddb581a9e22274965490bc8b70/memuse	available
4.5.2	merDeriv	0.2.6	2026-07-21T06:18:53Z	2a8fb0f691d5cad398d972a2dc75e45f	/workspace/rst/cache_4_5/library/merDeriv/0.2-6/2a8fb0f691d5cad398d972a2dc75e45f/merDeriv	available
4.5.2	merTools	1.0.0	2026-06-02T06:08:34Z	1b9ccf14c9bee07f244617158093b2e2	/workspace/rst/cache_4_5/library/merTools/1.0.0/1b9ccf14c9bee07f244617158093b2e2/merTools	available
4.5.2	metR	0.18.3	2025-12-11T07:12:02Z	a4d805f993c800b6f0f9df5877066ae3	/workspace/rst/cache_4_5/library/metR/0.18.3/a4d805f993c800b6f0f9df5877066ae3/metR	available
4.5.2	meta	8.5.0	2026-05-27T06:21:56Z	825217aa6c401754a01669dab7814df6	/workspace/rst/cache_4_5/library/meta/8.5-0/825217aa6c401754a01669dab7814df6/meta	available
4.5.2	metaBLUE	1.0.0	2025-06-04T01:26:08Z	d100a9846c02ddc9d7d78c3cd30382f8	/workspace/rst/cache_4_5/library/metaBLUE/1.0.0/d100a9846c02ddc9d7d78c3cd30382f8/metaBLUE	available
4.5.2	metaBMA	0.6.9	2025-06-04T02:58:20Z	ec791b72584da3ac352759f95127e5d7	/workspace/rst/cache_4_5/library/metaBMA/0.6.9/ec791b72584da3ac352759f95127e5d7/metaBMA	available
4.5.2	metaSEM	1.5.0	2026-07-21T06:18:53Z	50622fc003625caaeb36042b853ebea2	/workspace/rst/cache_4_5/library/metaSEM/1.5.0/50622fc003625caaeb36042b853ebea2/metaSEM	available
4.5.2	metabook	0.2.0	2026-04-04T06:09:37Z	dabb77d826b31dbb5ae7164d10fb1579	/workspace/rst/cache_4_5/library/metabook/0.2-0/dabb77d826b31dbb5ae7164d10fb1579/metabook	available
4.5.2	metadat	1.6.0	2026-05-01T06:04:14Z	e9087d0f68a09533562487fd5c5f289e	/workspace/rst/cache_4_5/library/metadat/1.6-0/e9087d0f68a09533562487fd5c5f289e/metadat	available
4.5.2	metafor	5.2.1	2026-09-17T06:22:07Z	6c4e55d0c21bb1f8b1a1bccf88adad82	/workspace/rst/cache_4_5/library/metafor/5.2-1/6c4e55d0c21bb1f8b1a1bccf88adad82/metafor	available
4.5.2	metagenomeSeq	1.52.0	2026-02-12T07:01:54Z	c5988beea15e6bdd70791feb9f0374e0	/workspace/rst/cache_4_5/library/metagenomeSeq/1.52.0/c5988beea15e6bdd70791feb9f0374e0/metagenomeSeq	available
4.5.2	metap	1.14	2026-05-03T06:15:11Z	61f2e3b29de8694c4eb56d2c159dbc01	/workspace/rst/cache_4_5/library/metap/1.14/61f2e3b29de8694c4eb56d2c159dbc01/metap	available
4.5.2	metaplus	1.0.8	2026-02-17T07:12:51Z	bd54c9fa21c099fa8d6a3f49081e6e45	/workspace/rst/cache_4_5/library/metaplus/1.0-8/bd54c9fa21c099fa8d6a3f49081e6e45/metaplus	available
4.5.2	metapod	1.18.0	2025-11-05T09:51:31Z	e7e30add71638aa1c8275b99513023ad	/workspace/rst/cache_4_5/library/metapod/1.18.0/e7e30add71638aa1c8275b99513023ad/metapod	available
4.5.2	metasens	1.5.3	2026-05-01T06:04:14Z	36f431757812f215a04f011edde4a3d2	/workspace/rst/cache_4_5/library/metasens/1.5-3/36f431757812f215a04f011edde4a3d2/metasens	available
4.5.2	methods	4.5.0	2025-06-03T15:44:23Z	c76be26668cf1a03bb09c1a486f8457f	/workspace/rst/cache_4_5/library/methods/4.5.0/c76be26668cf1a03bb09c1a486f8457f/methods	base
4.5.2	mets	1.3.9	2026-01-13T07:07:15Z	1e373c8bac70290d471aa4a41d182192	/workspace/rst/cache_4_5/library/mets/1.3.9/1e373c8bac70290d471aa4a41d182192/mets	available
4.5.2	mev	2.2	2026-04-18T06:06:13Z	2282434cc4b04a0be403c0ea75024c92	/workspace/rst/cache_4_5/library/mev/2.2/2282434cc4b04a0be403c0ea75024c92/mev	available
4.5.2	mfx	1.2.4	2025-06-04T02:59:39Z	7a544d97acc7f7b3b40ee0670e4c5b9c	/workspace/rst/cache_4_5/library/mfx/1.2-4/7a544d97acc7f7b3b40ee0670e4c5b9c/mfx	available
4.5.2	mgcViz	0.2.1	2025-12-06T20:46:50Z	0d3254fb827af79065f6a78cc0cfbb30	/workspace/rst/cache_4_5/library/mgcViz/0.2.1/0d3254fb827af79065f6a78cc0cfbb30/mgcViz	available
4.5.2	mgcv	1.9.4	2025-12-24T15:06:29Z	a9c7be2565a373d9c8444b41458b2490	/workspace/rst/cache_4_5/library/mgcv/1.9-4/a9c7be2565a373d9c8444b41458b2490/mgcv	available
4.5.2	mhurdle	1.3.2	2025-06-04T03:00:21Z	9f34732b1ec8cc9cdf9959f2653e7a3f	/workspace/rst/cache_4_5/library/mhurdle/1.3-2/9f34732b1ec8cc9cdf9959f2653e7a3f/mhurdle	available
4.5.2	mi	1.3.1	2026-07-29T06:16:23Z	b41b9a066d74b5f2fc4616291687ea95	/workspace/rst/cache_4_5/library/mi/1.3.1/b41b9a066d74b5f2fc4616291687ea95/mi	available
4.5.2	mice	3.19.0	2025-12-11T07:12:03Z	9251d5ac7352aff7d603bd856b66a6e6	/workspace/rst/cache_4_5/library/mice/3.19.0/9251d5ac7352aff7d603bd856b66a6e6/mice	available
4.5.2	miceadds	3.20.10	2026-05-30T06:11:29Z	1f6675567427e13796af59b1a2ae3fd3	/workspace/rst/cache_4_5/library/miceadds/3.20-10/1f6675567427e13796af59b1a2ae3fd3/miceadds	available
4.5.2	microRNA	1.68.0	2025-11-05T09:51:32Z	d6d3416389f9ca6c873de899f1dae2dd	/workspace/rst/cache_4_5/library/microRNA/1.68.0/d6d3416389f9ca6c873de899f1dae2dd/microRNA	available
4.5.2	microbenchmark	1.5.0	2025-06-03T16:01:32Z	09da4e1ac27137d48b3b8bca69a94341	/workspace/rst/cache_4_5/library/microbenchmark/1.5.0/09da4e1ac27137d48b3b8bca69a94341/microbenchmark	available
4.5.2	microplot	1.0.47	2025-08-05T15:29:05Z	728a18b09516e0cc4b059f9025ad6607	/workspace/rst/cache_4_5/library/microplot/1.0-47/728a18b09516e0cc4b059f9025ad6607/microplot	available
4.5.2	micsr	0.1.5	2026-06-04T06:06:44Z	b6366441d8a7fe958e816dcebb4b181a	/workspace/rst/cache_4_5/library/micsr/0.1-5/b6366441d8a7fe958e816dcebb4b181a/micsr	available
4.5.2	miloR	2.6.0	2025-11-05T09:51:32Z	63f9eb053fbc65c5105d82b3c16f3e13	/workspace/rst/cache_4_5/library/miloR/2.6.0/63f9eb053fbc65c5105d82b3c16f3e13/miloR	available
4.5.2	mime	0.13	2025-06-03T15:44:24Z	4f06d3f526bb4c7bbadfdeff18c5b3b4	/workspace/rst/cache_4_5/library/mime/0.13/4f06d3f526bb4c7bbadfdeff18c5b3b4/mime	available
4.5.2	minet	3.68.0	2025-11-05T09:51:33Z	1870156f62fd397a5fa3ff559da8399a	/workspace/rst/cache_4_5/library/minet/3.68.0/1870156f62fd397a5fa3ff559da8399a/minet	available
4.5.2	miniUI	0.1.2	2025-06-03T15:44:24Z	96e62f855cb91d57bb901b1d1ac87e88	/workspace/rst/cache_4_5/library/miniUI/0.1.2/96e62f855cb91d57bb901b1d1ac87e88/miniUI	available
4.5.2	minpack.lm	1.2.4	2025-06-04T00:38:11Z	2a284d6d585af9da6b35b693b5f565b9	/workspace/rst/cache_4_5/library/minpack.lm/1.2-4/2a284d6d585af9da6b35b693b5f565b9/minpack.lm	available
4.5.2	minqa	1.2.8	2025-06-03T15:44:24Z	06f5a4e273ca26e77b92fb9f844b91f7	/workspace/rst/cache_4_5/library/minqa/1.2.8/06f5a4e273ca26e77b92fb9f844b91f7/minqa	available
4.5.2	minty	0.0.6	2026-01-25T07:12:16Z	fcf6bac551a53baa782f06023408e925	/workspace/rst/cache_4_5/library/minty/0.0.6/fcf6bac551a53baa782f06023408e925/minty	available
4.5.2	mipfp	3.2.3	2026-08-24T06:17:08Z	486fa80f44eb24a2571cb12cd4f6f57c	/workspace/rst/cache_4_5/library/mipfp/3.2.3/486fa80f44eb24a2571cb12cd4f6f57c/mipfp	available
4.5.2	mirai	2.7.3	2026-09-26T06:21:53Z	ff30473e3fbaf5d61b3c66fd276e33c7	/workspace/rst/cache_4_5/library/mirai/2.7.3/ff30473e3fbaf5d61b3c66fd276e33c7/mirai	available
4.5.2	mirbase.db	1.2.1	2025-06-04T03:04:47Z	ce6b8eb2e39bb4da9816942aaad3c0a3	/workspace/rst/cache_4_5/library/mirbase.db/1.2.1/ce6b8eb2e39bb4da9816942aaad3c0a3/mirbase.db	available
4.5.2	mirt	1.47	2026-08-22T06:22:25Z	d6417b2a506e211f1078239dd447909f	/workspace/rst/cache_4_5/library/mirt/1.47/d6417b2a506e211f1078239dd447909f/mirt	available
4.5.2	mirtCAT	1.14	2025-06-04T03:05:25Z	5b3c423e8ce66d2a461383b3d6b55ff7	/workspace/rst/cache_4_5/library/mirtCAT/1.14/5b3c423e8ce66d2a461383b3d6b55ff7/mirtCAT	available
4.5.2	misaem	1.1.0	2025-12-06T20:46:51Z	b61fc882b2e48bcf74381550984fb75e	/workspace/rst/cache_4_5/library/misaem/1.1.0/b61fc882b2e48bcf74381550984fb75e/misaem	available
4.5.2	misc3d	0.9.2	2026-01-30T07:07:53Z	4ff8335500f1b0ca976c112cca2321f7	/workspace/rst/cache_4_5/library/misc3d/0.9-2/4ff8335500f1b0ca976c112cca2321f7/misc3d	available
4.5.2	miscTools	0.6.30	2026-01-22T07:06:48Z	6dcf448d893910e84a2680dd3797651b	/workspace/rst/cache_4_5/library/miscTools/0.6-30/6dcf448d893910e84a2680dd3797651b/miscTools	available
4.5.2	missForest	1.6.1	2025-12-06T20:46:51Z	0e9042cb57507d759cfad0bab03f7dd5	/workspace/rst/cache_4_5/library/missForest/1.6.1/0e9042cb57507d759cfad0bab03f7dd5/missForest	available
4.5.2	missMDA	1.23	2026-09-19T06:19:55Z	af8cd82a2858cf058df4d8e3b5c51cd1	/workspace/rst/cache_4_5/library/missMDA/1.23/af8cd82a2858cf058df4d8e3b5c51cd1/missMDA	available
4.5.2	missRanger	2.6.1	2025-06-04T03:06:32Z	4fffc97f970e01d7b130a232ce9f9e58	/workspace/rst/cache_4_5/library/missRanger/2.6.1/4fffc97f970e01d7b130a232ce9f9e58/missRanger	available
4.5.2	mitml	0.4.5	2025-06-03T19:38:38Z	7cd39661581530b1cbd1af77fa808d0d	/workspace/rst/cache_4_5/library/mitml/0.4-5/7cd39661581530b1cbd1af77fa808d0d/mitml	available
4.5.2	mitools	2.7	2026-09-02T06:21:47Z	5bb4bdb3da8a84d42102df5a8a210163	/workspace/rst/cache_4_5/library/mitools/2.7/5bb4bdb3da8a84d42102df5a8a210163/mitools	available
4.5.2	mix	1.0.13	2025-06-04T03:06:48Z	816e487bcb52de18d24c067b8d92e064	/workspace/rst/cache_4_5/library/mix/1.0-13/816e487bcb52de18d24c067b8d92e064/mix	available
4.5.2	mixOmics	6.34.0	2025-11-05T09:51:33Z	f50468da1abc104f39a7b1d2180a7310	/workspace/rst/cache_4_5/library/mixOmics/6.34.0/f50468da1abc104f39a7b1d2180a7310/mixOmics	available
4.5.2	mixl	1.3.5	2025-06-04T03:08:01Z	d5007de45c0efbea45d9303dfab9b6ed	/workspace/rst/cache_4_5/library/mixl/1.3.5/d5007de45c0efbea45d9303dfab9b6ed/mixl	available
4.5.2	mixmeta	1.2.2	2026-05-01T06:04:14Z	d8a9c815c81211d382dbe31aa5e496c1	/workspace/rst/cache_4_5/library/mixmeta/1.2.2/d8a9c815c81211d382dbe31aa5e496c1/mixmeta	available
4.5.2	mixopt	0.1.3	2026-04-19T06:09:42Z	2b011f450e90ff18cc70286851226310	/workspace/rst/cache_4_5/library/mixopt/0.1.3/2b011f450e90ff18cc70286851226310/mixopt	available
4.5.2	mixsqp	0.3.54	2025-06-03T18:32:35Z	216218ca225a8a9e2749706cc32aadad	/workspace/rst/cache_4_5/library/mixsqp/0.3-54/216218ca225a8a9e2749706cc32aadad/mixsqp	available
4.5.2	mixtools	2.0.0.1	2025-06-03T16:18:45Z	fb3fc2e1290b922f08e89fbcefdf7c1f	/workspace/rst/cache_4_5/library/mixtools/2.0.0.1/fb3fc2e1290b922f08e89fbcefdf7c1f/mixtools	available
4.5.2	mlapi	0.1.1	2025-06-04T03:08:18Z	c50112cbd621ede990fda1b76dd395ee	/workspace/rst/cache_4_5/library/mlapi/0.1.1/c50112cbd621ede990fda1b76dd395ee/mlapi	available
4.5.2	mlbench	2.1.9	2026-07-15T06:13:04Z	9e7ab12cfe77662c19ff8fd2659bee0b	/workspace/rst/cache_4_5/library/mlbench/2.1-9/9e7ab12cfe77662c19ff8fd2659bee0b/mlbench	available
4.5.2	mldr	0.4.3	2025-06-04T03:08:37Z	a7303978b69be732f65c4fd28a9f3a17	/workspace/rst/cache_4_5/library/mldr/0.4.3/a7303978b69be732f65c4fd28a9f3a17/mldr	available
4.5.2	mlflow	3.9.0	2026-02-05T07:10:08Z	e1ed4e0a6927f97e6dfbd5962cbac28c	/workspace/rst/cache_4_5/library/mlflow/3.9.0/e1ed4e0a6927f97e6dfbd5962cbac28c/mlflow	available
4.5.2	mlmRev	1.0.9	2026-03-13T06:19:31Z	ecd32e6d4cc54e84f6c9e1ea266fbd7b	/workspace/rst/cache_4_5/library/mlmRev/1.0-9/ecd32e6d4cc54e84f6c9e1ea266fbd7b/mlmRev	available
4.5.2	mlogit	2.0.0	2026-06-04T06:06:44Z	6c6cdc24a36fb57d425f4440ac0bab11	/workspace/rst/cache_4_5/library/mlogit/2.0-0/6c6cdc24a36fb57d425f4440ac0bab11/mlogit	available
4.5.2	mlr	2.19.3	2025-12-06T20:46:52Z	163f4dcbc9959b4394800c19bd251af0	/workspace/rst/cache_4_5/library/mlr/2.19.3/163f4dcbc9959b4394800c19bd251af0/mlr	available
4.5.2	mlr3	1.8.0	2026-08-23T06:21:28Z	7f045aa8cf97624d252ad5fbbc83eb4e	/workspace/rst/cache_4_5/library/mlr3/1.8.0/7f045aa8cf97624d252ad5fbbc83eb4e/mlr3	available
4.5.2	mlr3cluster	0.6.0	2026-09-19T06:19:55Z	af4ff365bcce05996390165958d75323	/workspace/rst/cache_4_5/library/mlr3cluster/0.6.0/af4ff365bcce05996390165958d75323/mlr3cluster	available
4.5.2	mlr3data	0.9.0	2025-06-04T03:10:26Z	6a4142b75b9d5d7f7d6db46b0094ae91	/workspace/rst/cache_4_5/library/mlr3data/0.9.0/6a4142b75b9d5d7f7d6db46b0094ae91/mlr3data	available
4.5.2	mlr3filters	0.9.1	2026-04-27T06:11:33Z	00dc91a40e1e3260c5ff197943141382	/workspace/rst/cache_4_5/library/mlr3filters/0.9.1/00dc91a40e1e3260c5ff197943141382/mlr3filters	available
4.5.2	mlr3fselect	1.7.0	2026-08-25T06:20:01Z	7adf34bc0370b547cfc5d77a21fa8eba	/workspace/rst/cache_4_5/library/mlr3fselect/1.7.0/7adf34bc0370b547cfc5d77a21fa8eba/mlr3fselect	available
4.5.2	mlr3hyperband	1.1.1	2026-07-28T06:12:14Z	aaf7536e8de4daf9543692848b23ab86	/workspace/rst/cache_4_5/library/mlr3hyperband/1.1.1/aaf7536e8de4daf9543692848b23ab86/mlr3hyperband	available
4.5.2	mlr3inferr	0.2.2	2026-08-23T06:21:28Z	79079b3e72f3b27ba7ef4891cc6e755d	/workspace/rst/cache_4_5/library/mlr3inferr/0.2.2/79079b3e72f3b27ba7ef4891cc6e755d/mlr3inferr	available
4.5.2	mlr3learners	0.16.0	2026-09-10T06:20:30Z	5ac44790632960046878dd46a5d2e1fe	/workspace/rst/cache_4_5/library/mlr3learners/0.16.0/5ac44790632960046878dd46a5d2e1fe/mlr3learners	available
4.5.2	mlr3mbo	1.2.1	2026-07-28T06:12:14Z	33a2d7530c8e346ebb4854ea62f18c93	/workspace/rst/cache_4_5/library/mlr3mbo/1.2.1/33a2d7530c8e346ebb4854ea62f18c93/mlr3mbo	available
4.5.2	mlr3measures	1.3.0	2026-04-19T06:09:42Z	2dd066da609cd114b6941febb9eb41be	/workspace/rst/cache_4_5/library/mlr3measures/1.3.0/2dd066da609cd114b6941febb9eb41be/mlr3measures	available
4.5.2	mlr3misc	0.23.0	2026-08-23T06:21:29Z	566c278670791dc63d58d67ddc1b98df	/workspace/rst/cache_4_5/library/mlr3misc/0.23.0/566c278670791dc63d58d67ddc1b98df/mlr3misc	available
4.5.2	mlr3pipelines	0.9.0	2025-08-05T15:29:06Z	8c7f1b5b2f395f2b9673c8d359118fbb	/workspace/rst/cache_4_5/library/mlr3pipelines/0.9.0/8c7f1b5b2f395f2b9673c8d359118fbb/mlr3pipelines	available
4.5.2	mlr3torch	0.3.3	2026-07-28T06:12:14Z	262221e9b804d9b7efcc29da861ce3f9	/workspace/rst/cache_4_5/library/mlr3torch/0.3.3/262221e9b804d9b7efcc29da861ce3f9/mlr3torch	available
4.5.2	mlr3tuning	1.7.0	2026-09-04T06:18:46Z	6f28fcad9ed77be9fb81c7b25e4de42b	/workspace/rst/cache_4_5/library/mlr3tuning/1.7.0/6f28fcad9ed77be9fb81c7b25e4de42b/mlr3tuning	available
4.5.2	mlr3tuningspaces	0.7.0	2026-07-28T06:12:15Z	8416c353e98015c3ccb7db486ac92d1e	/workspace/rst/cache_4_5/library/mlr3tuningspaces/0.7.0/8416c353e98015c3ccb7db486ac92d1e/mlr3tuningspaces	available
4.5.2	mlr3verse	0.3.1	2025-06-04T03:13:02Z	f5c52c93076861e5dc873a9e4c6bed0d	/workspace/rst/cache_4_5/library/mlr3verse/0.3.1/f5c52c93076861e5dc873a9e4c6bed0d/mlr3verse	available
4.5.2	mlr3viz	0.11.2	2026-09-25T06:20:21Z	79552e780bd0d694cb1137a4f30fab45	/workspace/rst/cache_4_5/library/mlr3viz/0.11.2/79552e780bd0d694cb1137a4f30fab45/mlr3viz	available
4.5.2	mlrMBO	1.1.6	2026-03-03T07:08:27Z	7f2f9a5fcd50e97b41f4e888e187528b	/workspace/rst/cache_4_5/library/mlrMBO/1.1.6/7f2f9a5fcd50e97b41f4e888e187528b/mlrMBO	available
4.5.2	mlt	1.8.2	2026-08-23T06:21:29Z	0ecfacf420c61226d6cbdf9e3fe2fc09	/workspace/rst/cache_4_5/library/mlt/1.8-2/0ecfacf420c61226d6cbdf9e3fe2fc09/mlt	available
4.5.2	mlt.docreg	1.1.13	2026-06-11T06:07:38Z	402f955e062c81f7edeff2af8d471e1e	/workspace/rst/cache_4_5/library/mlt.docreg/1.1-13/402f955e062c81f7edeff2af8d471e1e/mlt.docreg	available
4.5.2	mltools	0.3.5	2025-06-04T03:13:55Z	68979e8b8640ee7be5800d4d92194eb6	/workspace/rst/cache_4_5/library/mltools/0.3.5/68979e8b8640ee7be5800d4d92194eb6/mltools	available
4.5.2	mmrm	0.3.18	2026-06-21T06:16:38Z	0624385c3fddedad9aa70e6eabc30dc0	/workspace/rst/cache_4_5/library/mmrm/0.3.18/0624385c3fddedad9aa70e6eabc30dc0/mmrm	available
4.5.2	mnormt	2.1.2	2026-01-29T07:04:23Z	c80ed1fe698cd48ac5fc0e628051edec	/workspace/rst/cache_4_5/library/mnormt/2.1.2/c80ed1fe698cd48ac5fc0e628051edec/mnormt	available
4.5.2	mockery	0.4.5	2025-12-06T20:46:55Z	2df7efe121bdbd407b1fc0cda51e83a9	/workspace/rst/cache_4_5/library/mockery/0.4.5/2df7efe121bdbd407b1fc0cda51e83a9/mockery	available
4.5.2	mockr	0.2.2	2025-06-04T03:14:47Z	a0be65d7b130a830554146418449c24c	/workspace/rst/cache_4_5/library/mockr/0.2.2/a0be65d7b130a830554146418449c24c/mockr	available
4.5.2	modelObj	4.3	2025-11-01T06:08:44Z	8ae3a6125253552fac3d3220a3d628ba	/workspace/rst/cache_4_5/library/modelObj/4.3/8ae3a6125253552fac3d3220a3d628ba/modelObj	available
4.5.2	modelbased	0.17.0	2026-08-30T06:19:18Z	aadae772dcb9103b59765bfd023a93c5	/workspace/rst/cache_4_5/library/modelbased/0.17.0/aadae772dcb9103b59765bfd023a93c5/modelbased	available
4.5.2	modeldata	1.6.0	2026-08-23T06:21:29Z	dd8527a6bb85e4ce6a3998fb32e1049f	/workspace/rst/cache_4_5/library/modeldata/1.6.0/dd8527a6bb85e4ce6a3998fb32e1049f/modeldata	available
4.5.2	modelenv	0.2.0	2025-06-04T01:31:53Z	ac9fe7ca29adf88db24174d0ad9c86f1	/workspace/rst/cache_4_5/library/modelenv/0.2.0/ac9fe7ca29adf88db24174d0ad9c86f1/modelenv	available
4.5.2	modelr	0.1.11	2025-06-03T16:01:32Z	ea68e0d3e61369046cb6e3214dafc95b	/workspace/rst/cache_4_5/library/modelr/0.1.11/ea68e0d3e61369046cb6e3214dafc95b/modelr	available
4.5.2	modelsummary	2.6.0	2026-02-17T07:12:51Z	e1812c16413d9720758b960a1b64a74c	/workspace/rst/cache_4_5/library/modelsummary/2.6.0/e1812c16413d9720758b960a1b64a74c/modelsummary	available
4.5.2	modeltests	0.1.8	2026-01-10T07:10:52Z	b56377691abb0556a41a751195648284	/workspace/rst/cache_4_5/library/modeltests/0.1.8/b56377691abb0556a41a751195648284/modeltests	available
4.5.2	modeltools	0.2.24	2025-06-03T20:14:44Z	1929e72d34d207d11f0c2b34a77dec9c	/workspace/rst/cache_4_5/library/modeltools/0.2-24/1929e72d34d207d11f0c2b34a77dec9c/modeltools	available
4.5.2	modules	0.13.0	2025-06-04T03:15:59Z	fc09aae7d0de447a9fdf578de10dfb66	/workspace/rst/cache_4_5/library/modules/0.13.0/fc09aae7d0de447a9fdf578de10dfb66/modules	available
4.5.2	moments	0.14.1	2025-06-03T20:00:22Z	2b7dc2a90d7d4b4b49f8afe1e5e60414	/workspace/rst/cache_4_5/library/moments/0.14.1/2b7dc2a90d7d4b4b49f8afe1e5e60414/moments	available
4.5.2	mondate	1.0	2025-06-04T03:16:15Z	c629f350eddbb73a1231166a6b2e33aa	/workspace/rst/cache_4_5/library/mondate/1.0/c629f350eddbb73a1231166a6b2e33aa/mondate	available
4.5.2	monocle	2.38.0	2025-11-05T09:51:33Z	22ac5be114d833a9314c5b2d9be0f10d	/workspace/rst/cache_4_5/library/monocle/2.38.0/22ac5be114d833a9314c5b2d9be0f10d/monocle	available
4.5.2	monocle3	1.4.27	2026-05-23T01:42:16Z	b0da44c078cb0756a4d041357895b471	/workspace/rst/cache_4_5/library/monocle3/1.4.27/b0da44c078cb0756a4d041357895b471/monocle3	available
4.5.2	moocore	0.3.2	2026-07-14T06:13:32Z	59a2460643a28877279c16d92412f1d7	/workspace/rst/cache_4_5/library/moocore/0.3.2/59a2460643a28877279c16d92412f1d7/moocore	available
4.5.2	mori	0.2.2	2026-07-23T06:16:59Z	8061a0e17ca676dea1f24f69117bfead	/workspace/rst/cache_4_5/library/mori/0.2.2/8061a0e17ca676dea1f24f69117bfead/mori	available
4.5.2	motifStack	1.54.0	2025-11-05T09:51:34Z	865a82e13d884c14a7c186e22757976d	/workspace/rst/cache_4_5/library/motifStack/1.54.0/865a82e13d884c14a7c186e22757976d/motifStack	available
4.5.2	motifmatchr	1.32.0	2025-11-05T09:51:34Z	cb3d8cebd1a77a0534f6d77dddf99948	/workspace/rst/cache_4_5/library/motifmatchr/1.32.0/cb3d8cebd1a77a0534f6d77dddf99948/motifmatchr	available
4.5.2	movMF	0.2.11	2026-06-13T06:15:46Z	a2f78a108a3889e60bfe7de2abb2ad45	/workspace/rst/cache_4_5/library/movMF/0.2-11/a2f78a108a3889e60bfe7de2abb2ad45/movMF	available
4.5.2	mpoly	1.1.2	2026-07-21T06:18:54Z	8865b9d30b10f00bdc1f4740b85cc8b9	/workspace/rst/cache_4_5/library/mpoly/1.1.2/8865b9d30b10f00bdc1f4740b85cc8b9/mpoly	available
4.5.2	mpr	1.0.6	2025-06-04T03:17:42Z	7809c37b929d21af8ea94663ed367e59	/workspace/rst/cache_4_5/library/mpr/1.0.6/7809c37b929d21af8ea94663ed367e59/mpr	available
4.5.2	mratios	1.4.4	2025-06-03T23:16:24Z	b38a80f556ea8f7efe9fb080e4ba9d3a	/workspace/rst/cache_4_5/library/mratios/1.4.4/b38a80f556ea8f7efe9fb080e4ba9d3a/mratios	available
4.5.2	mrfDepth	1.0.17	2025-09-25T05:49:40Z	2a39cac38a6cad0c054525955993661d	/workspace/rst/cache_4_5/library/mrfDepth/1.0.17/2a39cac38a6cad0c054525955993661d/mrfDepth	available
4.5.2	msa	1.42.0	2025-11-05T09:51:34Z	ea1a0b46589c36d4c0a15fb108e3b1f4	/workspace/rst/cache_4_5/library/msa/1.42.0/ea1a0b46589c36d4c0a15fb108e3b1f4/msa	available
4.5.2	msaenet	3.1.2	2026-03-17T06:14:52Z	ceef1f4aa08ccbeb71cf0bb3363ce62a	/workspace/rst/cache_4_5/library/msaenet/3.1.2/ceef1f4aa08ccbeb71cf0bb3363ce62a/msaenet	available
4.5.2	mschart	0.5.1	2026-07-22T06:18:44Z	e51e55472782486db228fb4c1e4ca3d8	/workspace/rst/cache_4_5/library/mschart/0.5.1/e51e55472782486db228fb4c1e4ca3d8/mschart	available
4.5.2	msdata	0.50.0	2025-12-15T20:16:31Z	6330ac437b77e9de96a9ddc8aa268fd9	/workspace/rst/cache_4_5/library/msdata/0.50.0/6330ac437b77e9de96a9ddc8aa268fd9/msdata	available
4.5.2	msentropy	0.1.4	2025-06-04T03:26:11Z	b216db3e17f7b528a82f1cdfe406d3fc	/workspace/rst/cache_4_5/library/msentropy/0.1.4/b216db3e17f7b528a82f1cdfe406d3fc/msentropy	available
4.5.2	msigdbdf	24.1.1	2025-06-04T15:14:32Z	2ee3c2aa6fc01c75330a0109cc0d7e5b	/workspace/rst/cache_4_5/library/msigdbdf/24.1.1/2ee3c2aa6fc01c75330a0109cc0d7e5b/msigdbdf	available
4.5.2	msigdbr	26.1.1	2026-08-22T06:22:26Z	b594955d00be62d987c99286e3a62b44	/workspace/rst/cache_4_5/library/msigdbr/26.1.1/b594955d00be62d987c99286e3a62b44/msigdbr	available
4.5.2	msm	1.8.2	2025-06-03T22:09:17Z	e5bba54f6640149067e904cc9a3bc267	/workspace/rst/cache_4_5/library/msm/1.8.2/e5bba54f6640149067e904cc9a3bc267/msm	available
4.5.2	msmsEDA	1.48.0	2025-11-05T09:51:35Z	0402470b799c41d73b51cb763ca445b6	/workspace/rst/cache_4_5/library/msmsEDA/1.48.0/0402470b799c41d73b51cb763ca445b6/msmsEDA	available
4.5.2	msmsTests	1.48.0	2025-11-05T09:51:35Z	cb7356ef056a8402ccf6f5d898ed4b7b	/workspace/rst/cache_4_5/library/msmsTests/1.48.0/cb7356ef056a8402ccf6f5d898ed4b7b/msmsTests	available
4.5.2	mstate	0.3.3	2025-06-04T01:34:02Z	3a4a1282460bbf4fed95ec19b6ed0244	/workspace/rst/cache_4_5/library/mstate/0.3.3/3a4a1282460bbf4fed95ec19b6ed0244/mstate	available
4.5.2	muench	0.0.0.9000	2026-08-15T01:47:47Z	04998c8a35fc7e62903ae75c0e453399	/workspace/rst/cache_4_5/library/muench/0.0.0.9000/04998c8a35fc7e62903ae75c0e453399/muench	available
4.5.2	muhaz	1.2.6.5	2026-07-31T06:11:55Z	1f11158d01158c5633fa1a8f39715a80	/workspace/rst/cache_4_5/library/muhaz/1.2.6.5/1f11158d01158c5633fa1a8f39715a80/muhaz	available
4.5.2	multcomp	1.4.32	2026-08-23T06:21:29Z	f1bcc28bd11d19d3ae92c6b6737331f9	/workspace/rst/cache_4_5/library/multcomp/1.4-32/f1bcc28bd11d19d3ae92c6b6737331f9/multcomp	available
4.5.2	multcompView	0.1.12	2026-07-28T06:12:15Z	8c822e438897068b0951e3c48ebab596	/workspace/rst/cache_4_5/library/multcompView/0.1-12/8c822e438897068b0951e3c48ebab596/multcompView	available
4.5.2	multgee	1.9.0	2025-06-04T03:26:47Z	e3172572cf6feb70699d8541559df766	/workspace/rst/cache_4_5/library/multgee/1.9.0/e3172572cf6feb70699d8541559df766/multgee	available
4.5.2	multicool	1.0.1	2025-06-03T19:11:56Z	5593d56e8e16600e56ec2a6a76318450	/workspace/rst/cache_4_5/library/multicool/1.0.1/5593d56e8e16600e56ec2a6a76318450/multicool	available
4.5.2	multilevel	2.8	2026-03-15T06:05:08Z	266aaa72a403835b87cc97cf27807b41	/workspace/rst/cache_4_5/library/multilevel/2.8/266aaa72a403835b87cc97cf27807b41/multilevel	available
4.5.2	multilevelmod	1.0.0	2025-06-04T03:27:04Z	9b10a838861f9f08da4c3185d28aa73c	/workspace/rst/cache_4_5/library/multilevelmod/1.0.0/9b10a838861f9f08da4c3185d28aa73c/multilevelmod	available
4.5.2	multimode	1.5	2025-06-04T03:27:22Z	e87da5799baa8f0a82ba2a2a4241b5f0	/workspace/rst/cache_4_5/library/multimode/1.5/e87da5799baa8f0a82ba2a2a4241b5f0/multimode	available
4.5.2	multinichenetr	2.1.0	2026-03-13T18:38:43Z	31add4607da2afed0be5621c5a5fede2	/workspace/rst/cache_4_5/library/multinichenetr/2.1.0/31add4607da2afed0be5621c5a5fede2/multinichenetr	available
4.5.2	multiome.analyses.datapkg	0.0.0.9027	2025-06-05T00:52:17Z	deebe115bf4f19486615dac9a8ad406d	/workspace/rst/cache_4_5/library/multiome.analyses.datapkg/0.0.0.9027/deebe115bf4f19486615dac9a8ad406d/multiome.analyses.datapkg	available
4.5.2	multipol	1.0.9	2026-07-21T06:18:54Z	5b745ad59ecb9cbae7a6c49d360b60e6	/workspace/rst/cache_4_5/library/multipol/1.0-9/5b745ad59ecb9cbae7a6c49d360b60e6/multipol	available
4.5.2	multitaper	1.0.17	2025-06-03T20:53:14Z	095246ec903fd2f6e13dc69646ede576	/workspace/rst/cache_4_5/library/multitaper/1.0-17/095246ec903fd2f6e13dc69646ede576/multitaper	available
4.5.2	multiwayvcov	1.2.3	2025-06-04T03:27:39Z	95eb91cc6a28b45ab2c3b7ec8435b01e	/workspace/rst/cache_4_5/library/multiwayvcov/1.2.3/95eb91cc6a28b45ab2c3b7ec8435b01e/multiwayvcov	available
4.5.2	multtest	2.66.0	2025-12-15T20:16:31Z	53a2502978d7bc0bcfa848e2915d7bc6	/workspace/rst/cache_4_5/library/multtest/2.66.0/53a2502978d7bc0bcfa848e2915d7bc6/multtest	available
4.5.2	munsell	0.5.1	2025-06-04T03:27:55Z	04c964ad4d981f82e2103c8427a6c22b	/workspace/rst/cache_4_5/library/munsell/0.5.1/04c964ad4d981f82e2103c8427a6c22b/munsell	available
4.5.2	muscData	1.24.0	2025-11-06T07:52:53Z	fce8cd0817476f489dbde7391d43ea94	/workspace/rst/cache_4_5/library/muscData/1.24.0/fce8cd0817476f489dbde7391d43ea94/muscData	available
4.5.2	muscat	1.24.0	2025-11-05T09:51:35Z	01e4b21cba02132508f0a72f97d0a1e1	/workspace/rst/cache_4_5/library/muscat/1.24.0/01e4b21cba02132508f0a72f97d0a1e1/muscat	available
4.5.2	mutoss	0.1.14	2026-01-10T07:10:52Z	cadf22517c5fbb1c76518587d44bc255	/workspace/rst/cache_4_5/library/mutoss/0.1-14/cadf22517c5fbb1c76518587d44bc255/mutoss	available
4.5.2	mvPot	0.1.7	2025-10-24T06:14:40Z	614580a357528419548c069bb3b900bb	/workspace/rst/cache_4_5/library/mvPot/0.1.7/614580a357528419548c069bb3b900bb/mvPot	available
4.5.2	mvabund	4.2.8	2025-12-18T07:05:42Z	e0ad91a885c9e97b31b837db817ff692	/workspace/rst/cache_4_5/library/mvabund/4.2.8/e0ad91a885c9e97b31b837db817ff692/mvabund	available
4.5.2	mvgam	1.1.51	2025-08-30T07:49:31Z	8426e3b50a722b9a7dd7717255b3a33e	/workspace/rst/cache_4_5/library/mvgam/1.1.51/8426e3b50a722b9a7dd7717255b3a33e/mvgam	available
4.5.2	mvinfluence	0.9.4	2026-09-13T06:54:44Z	94c7620212646d59f9850064fa00a23b	/workspace/rst/cache_4_5/library/mvinfluence/0.9.4/94c7620212646d59f9850064fa00a23b/mvinfluence	available
4.5.2	mvmeta	1.0.3	2026-05-01T06:04:15Z	f9167c15b9c3dc89cb523632c7bece4d	/workspace/rst/cache_4_5/library/mvmeta/1.0.3/f9167c15b9c3dc89cb523632c7bece4d/mvmeta	available
4.5.2	mvnfast	0.2.8	2025-06-04T00:57:03Z	8033f75e661b520562e226888c71d208	/workspace/rst/cache_4_5/library/mvnfast/0.2.8/8033f75e661b520562e226888c71d208/mvnfast	available
4.5.2	mvnormtest	0.1.9.3	2025-06-04T03:30:49Z	d9b02c3488e5e200048e4651fb6fcbc9	/workspace/rst/cache_4_5/library/mvnormtest/0.1-9-3/d9b02c3488e5e200048e4651fb6fcbc9/mvnormtest	available
4.5.2	mvtnorm	1.4.2	2026-07-14T06:13:33Z	3f9c209569bc5f2247c680f1113cc625	/workspace/rst/cache_4_5/library/mvtnorm/1.4-2/3f9c209569bc5f2247c680f1113cc625/mvtnorm	available
4.5.2	mzID	1.48.0	2025-11-05T09:51:36Z	b2cfec4686e1d57d7db773c7bbc82fa2	/workspace/rst/cache_4_5/library/mzID/1.48.0/b2cfec4686e1d57d7db773c7bbc82fa2/mzID	available
4.5.2	mzR	2.44.0	2025-11-05T09:51:37Z	cd46cd86740eccbff936e4c8bc794ba6	/workspace/rst/cache_4_5/library/mzR/2.44.0/cd46cd86740eccbff936e4c8bc794ba6/mzR	available
4.5.2	nFactors	2.4.1.2	2025-12-06T20:46:57Z	384730d296864d418e0ba08a855f5bd8	/workspace/rst/cache_4_5/library/nFactors/2.4.1.2/384730d296864d418e0ba08a855f5bd8/nFactors	available
4.5.2	nabor	0.5.0	2025-06-04T00:40:21Z	80894ac8d0881d2f93fdb28999d43fbf	/workspace/rst/cache_4_5/library/nabor/0.5.0/80894ac8d0881d2f93fdb28999d43fbf/nabor	available
4.5.2	naivebayes	1.0.0	2025-08-24T05:49:44Z	ffccf18cc62df8783daebe56a48ea0dc	/workspace/rst/cache_4_5/library/naivebayes/1.0.0/ffccf18cc62df8783daebe56a48ea0dc/naivebayes	available
4.5.2	nanoarrow	0.9.0	2026-08-06T06:17:29Z	f7c6140bfa3be032499372d337b20095	/workspace/rst/cache_4_5/library/nanoarrow/0.9.0/f7c6140bfa3be032499372d337b20095/nanoarrow	available
4.5.2	nanonext	1.9.1	2026-06-03T06:04:03Z	052b8e5e5561704fdb024eccbf7ade8d	/workspace/rst/cache_4_5/library/nanonext/1.9.1/052b8e5e5561704fdb024eccbf7ade8d/nanonext	available
4.5.2	nanoparquet	0.5.2	2026-09-18T06:21:29Z	1bfb18f130cd0e1e6e3ae26065808a4b	/workspace/rst/cache_4_5/library/nanoparquet/0.5.2/1bfb18f130cd0e1e6e3ae26065808a4b/nanoparquet	available
4.5.2	nanotime	0.3.15	2026-05-22T06:25:17Z	f0eb697aa213edefabb1a343d2376ad0	/workspace/rst/cache_4_5/library/nanotime/0.3.15/f0eb697aa213edefabb1a343d2376ad0/nanotime	available
4.5.2	narray	0.5.2	2025-12-06T20:46:58Z	7853c4cc09e3502b6a11e9278ed9edf0	/workspace/rst/cache_4_5/library/narray/0.5.2/7853c4cc09e3502b6a11e9278ed9edf0/narray	available
4.5.2	ncdf4	1.24	2025-06-03T20:28:31Z	ebb572c71ec8a14f2d2bbd6a86a95a11	/workspace/rst/cache_4_5/library/ncdf4/1.24/ebb572c71ec8a14f2d2bbd6a86a95a11/ncdf4	available
4.5.2	ncdfCF	0.8.2	2026-03-10T06:10:34Z	92beea8265922a1dad2875155179c9f2	/workspace/rst/cache_4_5/library/ncdfCF/0.8.2/92beea8265922a1dad2875155179c9f2/ncdfCF	available
4.5.2	ncdfFlow	2.56.0	2025-11-05T09:51:37Z	e6543813a0b3dae16bf4d13d4f09f237	/workspace/rst/cache_4_5/library/ncdfFlow/2.56.0/e6543813a0b3dae16bf4d13d4f09f237/ncdfFlow	available
4.5.2	ncmeta	0.5.0	2026-07-31T06:11:55Z	55923254c3a93cab544ca51a6214ac5d	/workspace/rst/cache_4_5/library/ncmeta/0.5.0/55923254c3a93cab544ca51a6214ac5d/ncmeta	available
4.5.2	ncvreg	3.16.0	2025-12-23T07:05:04Z	09689b9fbf4a7969c6781637949c514f	/workspace/rst/cache_4_5/library/ncvreg/3.16.0/09689b9fbf4a7969c6781637949c514f/ncvreg	available
4.5.2	neighbr	1.0.3	2026-03-28T06:29:20Z	61810ddf75889dab1c32565fb6bf08fa	/workspace/rst/cache_4_5/library/neighbr/1.0.3/61810ddf75889dab1c32565fb6bf08fa/neighbr	available
4.5.2	nestedLogit	0.4.2	2026-05-30T06:11:29Z	c620b13a255261546c83adeb5bc47c53	/workspace/rst/cache_4_5/library/nestedLogit/0.4.2/c620b13a255261546c83adeb5bc47c53/nestedLogit	available
4.5.2	nestedmodels	1.1.0.9000	2025-06-04T15:15:24Z	9efca1461a7ed0d11263a334791d6345	/workspace/rst/cache_4_5/library/nestedmodels/1.1.0.9000/9efca1461a7ed0d11263a334791d6345/nestedmodels	available
4.5.2	netmeta	3.7.0	2026-09-19T06:19:55Z	7c1832c0d2beb28a64d560263282d9c2	/workspace/rst/cache_4_5/library/netmeta/3.7-0/7c1832c0d2beb28a64d560263282d9c2/netmeta	available
4.5.2	network	1.20.0	2026-02-09T07:20:21Z	4636acb32a571b3caf7fd9ea03934678	/workspace/rst/cache_4_5/library/network/1.20.0/4636acb32a571b3caf7fd9ea03934678/network	available
4.5.2	networkD3	0.4.1	2025-08-27T05:50:29Z	3cd725818dd6d3bb18ddafa5678e0ddc	/workspace/rst/cache_4_5/library/networkD3/0.4.1/3cd725818dd6d3bb18ddafa5678e0ddc/networkD3	available
4.5.2	networkLite	1.1.0	2025-06-04T03:33:13Z	88f566e0d8e13d5e621a481fa7c8c8d2	/workspace/rst/cache_4_5/library/networkLite/1.1.0/88f566e0d8e13d5e621a481fa7c8c8d2/networkLite	available
4.5.2	neuralnet	1.44.2	2025-06-04T03:33:31Z	a212b6a991c4d0f37f7c5bea7a837c7d	/workspace/rst/cache_4_5/library/neuralnet/1.44.2/a212b6a991c4d0f37f7c5bea7a837c7d/neuralnet	available
4.5.2	nichenetr	2.2.1.1	2026-03-13T18:38:43Z	0865e6dee1fd9ea03a41c107de164e7f	/workspace/rst/cache_4_5/library/nichenetr/2.2.1.1/0865e6dee1fd9ea03a41c107de164e7f/nichenetr	available
4.5.2	nipals	1.2	2026-09-11T06:19:05Z	0ba83ab2395fe757ba5ff21ddeec20fb	/workspace/rst/cache_4_5/library/nipals/1.2/0ba83ab2395fe757ba5ff21ddeec20fb/nipals	available
4.5.2	nkciteseq.datapkg	0.0.0.9011	2026-08-20T16:56:19Z	5d5591b76fb5785338df6e2846ac5ad0	/workspace/rst/cache_4_5/library/nkciteseq.datapkg/0.0.0.9011/5d5591b76fb5785338df6e2846ac5ad0/nkciteseq.datapkg	available
4.5.2	nleqslv	3.3.7	2026-04-12T06:19:39Z	f0e0cae7d01a98b5887ba1bc3eccf254	/workspace/rst/cache_4_5/library/nleqslv/3.3.7/f0e0cae7d01a98b5887ba1bc3eccf254/nleqslv	available
4.5.2	nlme	3.1.171	2026-09-03T06:23:20Z	22bbd67e32e9969f55f8367c03865d2d	/workspace/rst/cache_4_5/library/nlme/3.1-171/22bbd67e32e9969f55f8367c03865d2d/nlme	available
4.5.2	nloptr	2.2.1	2025-06-03T15:44:26Z	30d809b00d23e66b48e92cac3462f050	/workspace/rst/cache_4_5/library/nloptr/2.2.1/30d809b00d23e66b48e92cac3462f050/nloptr	available
4.5.2	nlstools	2.1.0	2025-06-04T03:34:04Z	5ab454f9a62f2420ef593b78190a298e	/workspace/rst/cache_4_5/library/nlstools/2.1-0/5ab454f9a62f2420ef593b78190a298e/nlstools	available
4.5.2	nnet	7.3.21	2026-08-05T06:21:00Z	fe6f641d5b02c10f0a3d345a7591b50f	/workspace/rst/cache_4_5/library/nnet/7.3-21/fe6f641d5b02c10f0a3d345a7591b50f/nnet	available
4.5.2	nnls	1.6	2025-06-03T19:32:16Z	c0ec1a7031106a52efd31c0b764719f1	/workspace/rst/cache_4_5/library/nnls/1.6/c0ec1a7031106a52efd31c0b764719f1/nnls	available
4.5.2	nonnest2	0.5.9	2026-04-03T06:26:07Z	1b8d50d1bc5f87c201fd5858bd7b5f86	/workspace/rst/cache_4_5/library/nonnest2/0.5-9/1b8d50d1bc5f87c201fd5858bd7b5f86/nonnest2	available
4.5.2	nor1mix	1.3.3	2025-06-04T03:34:23Z	16b7ea251efd8821a7d8870c0316f274	/workspace/rst/cache_4_5/library/nor1mix/1.3-3/16b7ea251efd8821a7d8870c0316f274/nor1mix	available
4.5.2	norm	1.0.11.1	2025-06-04T02:26:24Z	1fcaaa06750a26a6bf9e23d323cef3e8	/workspace/rst/cache_4_5/library/norm/1.0-11.1/1fcaaa06750a26a6bf9e23d323cef3e8/norm	available
4.5.2	nortest	1.0.4	2025-06-03T19:28:00Z	2c9e90e62693524d6f1424f2e1330d6a	/workspace/rst/cache_4_5/library/nortest/1.0-4/2c9e90e62693524d6f1424f2e1330d6a/nortest	available
4.5.2	np	0.70.5	2026-07-16T06:11:25Z	715c793456ca4534b6461b74061af211	/workspace/rst/cache_4_5/library/np/0.70-5/715c793456ca4534b6461b74061af211/np	available
4.5.2	ntfy	0.1.0	2025-12-06T20:46:58Z	29d55553a001ba31102b4c0a119c25bf	/workspace/rst/cache_4_5/library/ntfy/0.1.0/29d55553a001ba31102b4c0a119c25bf/ntfy	available
4.5.2	nullabor	0.3.15	2025-10-10T05:52:16Z	7313bb0523c2f16d8794ce7fbb25798e	/workspace/rst/cache_4_5/library/nullabor/0.3.15/7313bb0523c2f16d8794ce7fbb25798e/nullabor	available
4.5.2	numDeriv	2016.8.1.1	2025-06-03T15:44:26Z	311160a26c7e6ef83c815ac7e15fdcea	/workspace/rst/cache_4_5/library/numDeriv/2016.8-1.1/311160a26c7e6ef83c815ac7e15fdcea/numDeriv	available
4.5.2	numbers	0.9.2	2025-12-06T20:46:59Z	f2d96c6b808a6b3af45e621719b3b2ed	/workspace/rst/cache_4_5/library/numbers/0.9-2/f2d96c6b808a6b3af45e621719b3b2ed/numbers	available
4.5.2	nycflights13	1.0.2	2025-06-04T03:34:57Z	0b316c22e6a902026862c997ab288fb3	/workspace/rst/cache_4_5/library/nycflights13/1.0.2/0b316c22e6a902026862c997ab288fb3/nycflights13	available
4.5.2	oaqc	2.0.0	2025-06-04T03:35:13Z	9b4095f2799c4a13ba1414d2917ac8ea	/workspace/rst/cache_4_5/library/oaqc/2.0.0/9b4095f2799c4a13ba1414d2917ac8ea/oaqc	available
4.5.2	oca2.analysis.datapkg	0.0.0.9002	2026-03-31T19:24:30Z	e301de575985f3d4b24ad8714a6c57d0	/workspace/rst/cache_4_5/library/oca2.analysis.datapkg/0.0.0.9002/e301de575985f3d4b24ad8714a6c57d0/oca2.analysis.datapkg	available
4.5.2	odbc	1.7.1	2026-09-18T06:21:29Z	e5fbf2e6c532a339a2e591f165ca55b1	/workspace/rst/cache_4_5/library/odbc/1.7.1/e5fbf2e6c532a339a2e591f165ca55b1/odbc	available
4.5.2	oddsratio	2.0.2	2025-06-04T03:35:46Z	0f22fca48c07740c99efb8664b5cea1c	/workspace/rst/cache_4_5/library/oddsratio/2.0.2/0f22fca48c07740c99efb8664b5cea1c/oddsratio	available
4.5.2	officedown	0.4.1	2025-06-04T03:36:03Z	bbf1206c81b9f41d72d662b8fed5d7a6	/workspace/rst/cache_4_5/library/officedown/0.4.1/bbf1206c81b9f41d72d662b8fed5d7a6/officedown	available
4.5.2	officer	0.7.6	2026-07-18T06:12:48Z	edeb410f75abf5c490d6357ae6266242	/workspace/rst/cache_4_5/library/officer/0.7.6/edeb410f75abf5c490d6357ae6266242/officer	available
4.5.2	onls	0.2	2026-09-23T06:17:08Z	0168fd9b547f2544e18ee0e67780467a	/workspace/rst/cache_4_5/library/onls/0.2/0168fd9b547f2544e18ee0e67780467a/onls	available
4.5.2	oompaBase	3.2.12	2026-09-26T06:21:54Z	c8ca9d558084d31321ab8e32fe33435e	/workspace/rst/cache_4_5/library/oompaBase/3.2.12/c8ca9d558084d31321ab8e32fe33435e/oompaBase	available
4.5.2	oompaData	3.1.7	2026-09-26T06:21:54Z	ccc92402a5f1800751f58a6255f22056	/workspace/rst/cache_4_5/library/oompaData/3.1.7/ccc92402a5f1800751f58a6255f22056/oompaData	available
4.5.2	opdisDownsampling	1.7	2026-09-06T06:25:28Z	7d2d77b58b35f4b064d18298ed769bb8	/workspace/rst/cache_4_5/library/opdisDownsampling/1.7/7d2d77b58b35f4b064d18298ed769bb8/opdisDownsampling	available
4.5.2	openCyto	2.22.0	2025-11-05T09:51:37Z	d21f52f4219f07fda3c9ef6c3277fd7f	/workspace/rst/cache_4_5/library/openCyto/2.22.0/d21f52f4219f07fda3c9ef6c3277fd7f/openCyto	available
4.5.2	openssl	2.4.2	2026-06-11T06:07:38Z	e833738b19622b330bc485b967144e7a	/workspace/rst/cache_4_5/library/openssl/2.4.2/e833738b19622b330bc485b967144e7a/openssl	available
4.5.2	openxlsx	4.2.9	2026-09-04T06:18:46Z	d361c164003982938d572116175df514	/workspace/rst/cache_4_5/library/openxlsx/4.2.9/d361c164003982938d572116175df514/openxlsx	available
4.5.2	openxlsx2	1.29	2026-08-22T06:22:26Z	10c8ba7d70b0c1776c03386c41f4b8a1	/workspace/rst/cache_4_5/library/openxlsx2/1.29/10c8ba7d70b0c1776c03386c41f4b8a1/openxlsx2	available
4.5.2	operator.tools	1.6.3.1	2026-01-31T07:04:42Z	11e39ec6a6ffc14e811ae415953c66d3	/workspace/rst/cache_4_5/library/operator.tools/1.6.3.1/11e39ec6a6ffc14e811ae415953c66d3/operator.tools	available
4.5.2	operators	0.2.0	2026-05-06T06:24:32Z	e2b195ab24b6964fe9de608b3a55c211	/workspace/rst/cache_4_5/library/operators/0.2.0/e2b195ab24b6964fe9de608b3a55c211/operators	available
4.5.2	optimParallel	1.0.3	2026-08-01T06:52:05Z	89e445c0eeb68c2047795b2729414eb3	/workspace/rst/cache_4_5/library/optimParallel/1.0-3/89e445c0eeb68c2047795b2729414eb3/optimParallel	available
4.5.2	optimx	2025.4.9	2025-06-03T21:23:23Z	0f940b1618f41e9c818cd773f492ac4b	/workspace/rst/cache_4_5/library/optimx/2025-4.9/0f940b1618f41e9c818cd773f492ac4b/optimx	available
4.5.2	optmatch	0.10.8	2025-06-04T03:36:55Z	c749eef23d11ea50ba8c2dde734b03c2	/workspace/rst/cache_4_5/library/optmatch/0.10.8/c749eef23d11ea50ba8c2dde734b03c2/optmatch	available
4.5.2	optparse	1.8.2	2026-04-19T06:09:43Z	8aa3702a1040c4bbb0115eaa8ea792a2	/workspace/rst/cache_4_5/library/optparse/1.8.2/8aa3702a1040c4bbb0115eaa8ea792a2/optparse	available
4.5.2	optweight	2.0.1	2026-03-21T06:18:06Z	e1f4703d1a600d40019b579fb5e78e34	/workspace/rst/cache_4_5/library/optweight/2.0.1/e1f4703d1a600d40019b579fb5e78e34/optweight	available
4.5.2	ordbetareg	0.8	2025-06-04T03:37:48Z	d2675bd6c54b4201f8bc569e198470fb	/workspace/rst/cache_4_5/library/ordbetareg/0.8/d2675bd6c54b4201f8bc569e198470fb/ordbetareg	available
4.5.2	ordinal	2026.7.26	2026-07-29T06:16:23Z	d3be21b18e15d8d1277b9cec026aeb5b	/workspace/rst/cache_4_5/library/ordinal/2026.7-26/d3be21b18e15d8d1277b9cec026aeb5b/ordinal	available
4.5.2	ordinalCont	2.0.2	2025-06-04T03:38:05Z	96a82493dae344aef624b610bea38d26	/workspace/rst/cache_4_5/library/ordinalCont/2.0.2/96a82493dae344aef624b610bea38d26/ordinalCont	available
4.5.2	org.Ag.eg.db	3.22.0	2025-10-31T10:22:49Z	8b74fa942e7094243aff9cf46b631958	/workspace/rst/cache_4_5/library/org.Ag.eg.db/3.22.0/8b74fa942e7094243aff9cf46b631958/org.Ag.eg.db	available
4.5.2	org.At.tair.db	3.22.0	2025-10-31T10:22:50Z	7bbcb5b3644aef2c240d4bd634b3c93c	/workspace/rst/cache_4_5/library/org.At.tair.db/3.22.0/7bbcb5b3644aef2c240d4bd634b3c93c/org.At.tair.db	available
4.5.2	org.Bt.eg.db	3.22.0	2025-10-31T10:22:51Z	88e0e0fbbf0f3defb6a3815fb0508398	/workspace/rst/cache_4_5/library/org.Bt.eg.db/3.22.0/88e0e0fbbf0f3defb6a3815fb0508398/org.Bt.eg.db	available
4.5.2	org.Ce.eg.db	3.22.0	2025-10-31T10:22:51Z	c50ce9a32bb961f5a585bf7c57941f00	/workspace/rst/cache_4_5/library/org.Ce.eg.db/3.22.0/c50ce9a32bb961f5a585bf7c57941f00/org.Ce.eg.db	available
4.5.2	org.Cf.eg.db	3.22.0	2025-10-31T10:22:52Z	3a0c60592d1c73bf5fd1d940021a8dce	/workspace/rst/cache_4_5/library/org.Cf.eg.db/3.22.0/3a0c60592d1c73bf5fd1d940021a8dce/org.Cf.eg.db	available
4.5.2	org.Dm.eg.db	3.22.0	2025-10-31T10:22:53Z	348e9fed446059ed307ac051d533ffd7	/workspace/rst/cache_4_5/library/org.Dm.eg.db/3.22.0/348e9fed446059ed307ac051d533ffd7/org.Dm.eg.db	available
4.5.2	org.Dr.eg.db	3.22.0	2026-02-24T15:26:12Z	6b7e4d76ad0ab610b07bf5f5baf5ecaf	/workspace/rst/cache_4_5/library/org.Dr.eg.db/3.22.0/6b7e4d76ad0ab610b07bf5f5baf5ecaf/org.Dr.eg.db	available
4.5.2	org.EcK12.eg.db	3.22.0	2025-10-31T10:22:54Z	904413010d6348a8ac87e1ec4bf1d5cf	/workspace/rst/cache_4_5/library/org.EcK12.eg.db/3.22.0/904413010d6348a8ac87e1ec4bf1d5cf/org.EcK12.eg.db	available
4.5.2	org.EcSakai.eg.db	3.22.0	2025-10-31T10:22:54Z	a280102adfbf6d9d0cabbba8e1c1013b	/workspace/rst/cache_4_5/library/org.EcSakai.eg.db/3.22.0/a280102adfbf6d9d0cabbba8e1c1013b/org.EcSakai.eg.db	available
4.5.2	org.Gg.eg.db	3.22.0	2025-10-31T10:22:54Z	b977f44f3e9db25c62201ea8e96400eb	/workspace/rst/cache_4_5/library/org.Gg.eg.db/3.22.0/b977f44f3e9db25c62201ea8e96400eb/org.Gg.eg.db	available
4.5.2	org.Hs.eg.db	3.22.0	2026-02-24T15:26:14Z	f980bf059061b2e18b924091024f78ee	/workspace/rst/cache_4_5/library/org.Hs.eg.db/3.22.0/f980bf059061b2e18b924091024f78ee/org.Hs.eg.db	available
4.5.2	org.Mm.eg.db	3.22.0	2026-02-24T15:26:17Z	8139f3c7a28c2e20620f29232c07f602	/workspace/rst/cache_4_5/library/org.Mm.eg.db/3.22.0/8139f3c7a28c2e20620f29232c07f602/org.Mm.eg.db	available
4.5.2	org.Mmu.eg.db	3.22.0	2025-10-31T10:22:59Z	da17d698db70ce49d0cb7b9a3fc3e50f	/workspace/rst/cache_4_5/library/org.Mmu.eg.db/3.22.0/da17d698db70ce49d0cb7b9a3fc3e50f/org.Mmu.eg.db	available
4.5.2	org.Pt.eg.db	3.22.0	2025-10-31T10:22:59Z	26ce9bfb33355133a040a7723c4c8a01	/workspace/rst/cache_4_5/library/org.Pt.eg.db/3.22.0/26ce9bfb33355133a040a7723c4c8a01/org.Pt.eg.db	available
4.5.2	org.Rn.eg.db	3.22.0	2025-10-31T10:23:01Z	a43d3ceee9a8ccf258613b2d7f97dd83	/workspace/rst/cache_4_5/library/org.Rn.eg.db/3.22.0/a43d3ceee9a8ccf258613b2d7f97dd83/org.Rn.eg.db	available
4.5.2	org.Sc.sgd.db	3.22.0	2025-10-31T10:23:01Z	2bd81b8cc008ac26712b337702a8de39	/workspace/rst/cache_4_5/library/org.Sc.sgd.db/3.22.0/2bd81b8cc008ac26712b337702a8de39/org.Sc.sgd.db	available
4.5.2	org.Ss.eg.db	3.22.0	2025-10-31T10:23:02Z	b04ca6c65f8af624a0d60cfb2a5cb00f	/workspace/rst/cache_4_5/library/org.Ss.eg.db/3.22.0/b04ca6c65f8af624a0d60cfb2a5cb00f/org.Ss.eg.db	available
4.5.2	org.Xl.eg.db	3.22.0	2025-10-31T10:23:02Z	54e61390fadb19cdccd800d1c261557b	/workspace/rst/cache_4_5/library/org.Xl.eg.db/3.22.0/54e61390fadb19cdccd800d1c261557b/org.Xl.eg.db	available
4.5.2	orientlib	0.10.5	2025-06-04T04:04:55Z	da0fb7223b93133660163c0e2b9aba7b	/workspace/rst/cache_4_5/library/orientlib/0.10.5/da0fb7223b93133660163c0e2b9aba7b/orientlib	available
4.5.2	origami	1.0.8	2026-05-19T06:14:38Z	9d594768cd8ca869023fe67e06781854	/workspace/rst/cache_4_5/library/origami/1.0.8/9d594768cd8ca869023fe67e06781854/origami	available
4.5.2	orthogene	1.16.1	2026-08-27T06:17:37Z	0768f16a514508367aef706a9eabadb7	/workspace/rst/cache_4_5/library/orthogene/1.16.1/0768f16a514508367aef706a9eabadb7/orthogene	available
4.5.2	orthopolynom	1.0.6.1	2025-06-04T00:21:05Z	e84215c3450665e42f4853dc5c12c3f0	/workspace/rst/cache_4_5/library/orthopolynom/1.0-6.1/e84215c3450665e42f4853dc5c12c3f0/orthopolynom	available
4.5.2	oskeyring	0.1.7	2026-04-10T06:09:17Z	2c501f8c6c57e3de344fdc4c81cf3817	/workspace/rst/cache_4_5/library/oskeyring/0.1.7/2c501f8c6c57e3de344fdc4c81cf3817/oskeyring	available
4.5.2	osmdata	0.4.1	2026-09-03T06:23:20Z	0403b6960bd2b86dfe3b9653e50b4cd4	/workspace/rst/cache_4_5/library/osmdata/0.4.1/0403b6960bd2b86dfe3b9653e50b4cd4/osmdata	available
4.5.2	osqp	1.0.0	2026-03-03T07:08:27Z	eb6769d9a13f749edcf8bf9212120486	/workspace/rst/cache_4_5/library/osqp/1.0.0/eb6769d9a13f749edcf8bf9212120486/osqp	available
4.5.2	otel	0.2.0	2026-03-13T18:38:43Z	be45b974b0ee4f7ee38554e02da37b1c	/workspace/rst/cache_4_5/library/otel/0.2.0/be45b974b0ee4f7ee38554e02da37b1c/otel	available
4.5.2	otelsdk	0.2.4	2026-04-10T06:09:17Z	d57f9d9eb3b31119f5b682ef4cd443cd	/workspace/rst/cache_4_5/library/otelsdk/0.2.4/d57f9d9eb3b31119f5b682ef4cd443cd/otelsdk	available
4.5.2	otrimle	2.0	2025-08-30T07:49:32Z	d85166f4829d3d8c5a6378d9b80a8cc5	/workspace/rst/cache_4_5/library/otrimle/2.0/d85166f4829d3d8c5a6378d9b80a8cc5/otrimle	available
4.5.2	oz	1.0.22	2025-06-04T04:05:49Z	a8f72fda4d66e48daf48683a3e59b3e0	/workspace/rst/cache_4_5/library/oz/1.0-22/a8f72fda4d66e48daf48683a3e59b3e0/oz	available
4.5.2	pBrackets	1.0.1	2025-06-04T04:06:05Z	ac97b6972ee8663b65133a4beee8c5a7	/workspace/rst/cache_4_5/library/pBrackets/1.0.1/ac97b6972ee8663b65133a4beee8c5a7/pBrackets	available
4.5.2	pROC	1.19.1	2026-08-29T06:17:01Z	8897eae9978c275fa5ae6c3c199bebd0	/workspace/rst/cache_4_5/library/pROC/1.19.1/8897eae9978c275fa5ae6c3c199bebd0/pROC	available
4.5.2	pRoloc	1.50.0	2025-11-05T09:51:38Z	6c2ebc298b126af7f4ba142ca07ea906	/workspace/rst/cache_4_5/library/pRoloc/1.50.0/6c2ebc298b126af7f4ba142ca07ea906/pRoloc	available
4.5.2	pRolocdata	1.48.0	2025-11-06T07:52:54Z	cc696119d087cc4f42bcf662b4c4372d	/workspace/rst/cache_4_5/library/pRolocdata/1.48.0/cc696119d087cc4f42bcf662b4c4372d/pRolocdata	available
4.5.2	packer	0.1.3	2025-09-25T05:49:40Z	88325cb5d7d3267c6f1aeb82264ca1cc	/workspace/rst/cache_4_5/library/packer/0.1.3/88325cb5d7d3267c6f1aeb82264ca1cc/packer	available
4.5.2	packrat	0.9.3	2025-12-06T20:47:01Z	527d0383e478cb253556cb012dacd4c6	/workspace/rst/cache_4_5/library/packrat/0.9.3/527d0383e478cb253556cb012dacd4c6/packrat	available
4.5.2	pacman	0.5.1	2025-06-04T04:10:03Z	17ba81aeace14c98f64069d1ad4aafdc	/workspace/rst/cache_4_5/library/pacman/0.5.1/17ba81aeace14c98f64069d1ad4aafdc/pacman	available
4.5.2	pak	0.9.5	2026-04-29T06:05:14Z	e18f45a7b90ea2e8eb18bf178d705066	/workspace/rst/cache_4_5/library/pak/0.9.5/e18f45a7b90ea2e8eb18bf178d705066/pak	available
4.5.2	paletteer	1.7.0	2026-01-10T07:10:52Z	66e3b9ea58089a338ceb473aef8cce3f	/workspace/rst/cache_4_5/library/paletteer/1.7.0/66e3b9ea58089a338ceb473aef8cce3f/paletteer	available
4.5.2	palmerpenguins	0.1.1	2025-06-03T18:16:08Z	4e6200d7c3333b9a7901d169f2b711a8	/workspace/rst/cache_4_5/library/palmerpenguins/0.1.1/4e6200d7c3333b9a7901d169f2b711a8/palmerpenguins	available
4.5.2	palr	0.5.0	2026-08-07T06:16:38Z	79fb85bcc6b4ac0388540c95c2bc6b95	/workspace/rst/cache_4_5/library/palr/0.5.0/79fb85bcc6b4ac0388540c95c2bc6b95/palr	available
4.5.2	pals	1.10	2025-06-04T04:10:22Z	4e17c240409cdd17cc7bb02eb4423ef9	/workspace/rst/cache_4_5/library/pals/1.10/4e17c240409cdd17cc7bb02eb4423ef9/pals	available
4.5.2	pammtools	0.8.1	2026-08-27T06:17:37Z	2955bc2fcdeef50ac3b757dca74e74f4	/workspace/rst/cache_4_5/library/pammtools/0.8.1/2955bc2fcdeef50ac3b757dca74e74f4/pammtools	available
4.5.2	pamr	1.57	2025-06-04T04:10:59Z	d706604dae28f7e8655ab25ba4cac9d7	/workspace/rst/cache_4_5/library/pamr/1.57/d706604dae28f7e8655ab25ba4cac9d7/pamr	available
4.5.2	pan	2.0	2026-07-02T06:11:27Z	9f452235e7833d90c8c8c68170413b39	/workspace/rst/cache_4_5/library/pan/2.0/9f452235e7833d90c8c8c68170413b39/pan	available
4.5.2	pander	0.6.6	2025-06-03T20:48:14Z	dd14d5de03186498f53d18a46bd5c72a	/workspace/rst/cache_4_5/library/pander/0.6.6/dd14d5de03186498f53d18a46bd5c72a/pander	available
4.5.2	pandoc	0.2.0	2025-06-04T04:11:16Z	87240a516dc32a05835ab8020815e0bf	/workspace/rst/cache_4_5/library/pandoc/0.2.0/87240a516dc32a05835ab8020815e0bf/pandoc	available
4.5.2	panelr	1.0.1	2026-04-05T06:10:04Z	78fd9d534bf507bf9f03c0cbd44eb7ac	/workspace/rst/cache_4_5/library/panelr/1.0.1/78fd9d534bf507bf9f03c0cbd44eb7ac/panelr	available
4.5.2	paradox	1.0.1	2025-06-04T00:35:26Z	0d53be29359d70e2f7d3c9faa6ecd7a3	/workspace/rst/cache_4_5/library/paradox/1.0.1/0d53be29359d70e2f7d3c9faa6ecd7a3/paradox	available
4.5.2	parallel	4.5.0	2025-06-03T15:44:33Z	4255f85ee45ab251ec19a56db65c7bc7	/workspace/rst/cache_4_5/library/parallel/4.5.0/4255f85ee45ab251ec19a56db65c7bc7/parallel	base
4.5.2	parallelMap	1.5.1	2025-06-04T03:09:31Z	ddd8cf4a1a449124c42a97537d3c6495	/workspace/rst/cache_4_5/library/parallelMap/1.5.1/ddd8cf4a1a449124c42a97537d3c6495/parallelMap	available
4.5.2	parallelly	1.48.0	2026-07-01T06:09:58Z	63ff35eeb2611fcca698660f395e1021	/workspace/rst/cache_4_5/library/parallelly/1.48.0/63ff35eeb2611fcca698660f395e1021/parallelly	available
4.5.2	parameters	0.29.3	2026-09-04T06:18:46Z	904ea7da3bbefceb2edd01c82bea5211	/workspace/rst/cache_4_5/library/parameters/0.29.3/904ea7da3bbefceb2edd01c82bea5211/parameters	available
4.5.2	paran	1.5.6	2026-07-11T06:10:34Z	676f4b5c966ad22c6ae72816cfb960ea	/workspace/rst/cache_4_5/library/paran/1.5.6/676f4b5c966ad22c6ae72816cfb960ea/paran	available
4.5.2	parathyroidSE	1.46.0	2025-06-04T04:12:34Z	4b12cfa8ea6bfaffe6206193a9d6f938	/workspace/rst/cache_4_5/library/parathyroidSE/1.46.0/4b12cfa8ea6bfaffe6206193a9d6f938/parathyroidSE	available
4.5.2	parglm	0.2.0	2026-07-08T06:21:26Z	8d09f96bc260efa19e26b20033a90a7c	/workspace/rst/cache_4_5/library/parglm/0.2.0/8d09f96bc260efa19e26b20033a90a7c/parglm	available
4.5.2	parmigene	1.1.1	2025-10-31T10:23:05Z	d56a4d1fa3f94469868d8d9330f96de7	/workspace/rst/cache_4_5/library/parmigene/1.1.1/d56a4d1fa3f94469868d8d9330f96de7/parmigene	available
4.5.2	parsedate	1.3.2	2025-06-04T04:13:07Z	2765137d667bcaa80992a42c8fb11ccc	/workspace/rst/cache_4_5/library/parsedate/1.3.2/2765137d667bcaa80992a42c8fb11ccc/parsedate	available
4.5.2	parsermd	0.2.0	2026-02-11T07:02:14Z	7c5cdc67257a769676029c89eab05b5a	/workspace/rst/cache_4_5/library/parsermd/0.2.0/7c5cdc67257a769676029c89eab05b5a/parsermd	available
4.5.2	parsnip	1.6.0	2026-05-16T06:12:38Z	9d896d3ee613d16e5ea31010eeb774eb	/workspace/rst/cache_4_5/library/parsnip/1.6.0/9d896d3ee613d16e5ea31010eeb774eb/parsnip	available
4.5.2	partitions	1.11.1	2026-09-25T06:20:22Z	4a0531117a3607b20d3af32838bbbec1	/workspace/rst/cache_4_5/library/partitions/1.11-1/4a0531117a3607b20d3af32838bbbec1/partitions	available
4.5.2	party	1.3.23	2026-09-02T06:21:47Z	62dc8e6acac0be54a0e6b89a190b2074	/workspace/rst/cache_4_5/library/party/1.3-23/62dc8e6acac0be54a0e6b89a190b2074/party	available
4.5.2	partykit	1.3.0	2026-08-24T06:17:08Z	670bd7d6c0ddeb16cb236d8a13745ec1	/workspace/rst/cache_4_5/library/partykit/1.3-0/670bd7d6c0ddeb16cb236d8a13745ec1/partykit	available
4.5.2	pasilla	1.38.0	2025-11-06T07:52:55Z	7bff23d68492cce9e45270dd86b3d67b	/workspace/rst/cache_4_5/library/pasilla/1.38.0/7bff23d68492cce9e45270dd86b3d67b/pasilla	available
4.5.2	pasillaBamSubset	0.48.0	2025-11-06T07:52:56Z	d72a66b19806505f497c2a6636bdb0b8	/workspace/rst/cache_4_5/library/pasillaBamSubset/0.48.0/d72a66b19806505f497c2a6636bdb0b8/pasillaBamSubset	available
4.5.2	patchwork	1.3.2	2025-12-24T15:06:38Z	d7667dfd0652cc6bfc7954f960ac1af6	/workspace/rst/cache_4_5/library/patchwork/1.3.2/d7667dfd0652cc6bfc7954f960ac1af6/patchwork	available
4.5.2	pathview	1.50.0	2025-11-05T09:51:38Z	6bfebd5b50e3f7e06c70b982d1c06e66	/workspace/rst/cache_4_5/library/pathview/1.50.0/6bfebd5b50e3f7e06c70b982d1c06e66/pathview	available
4.5.2	patrick	0.3.1	2025-12-06T20:47:06Z	66b27b9c9cd116261c4dc447a7f7c762	/workspace/rst/cache_4_5/library/patrick/0.3.1/66b27b9c9cd116261c4dc447a7f7c762/patrick	available
4.5.2	paws.common	0.8.9	2026-02-19T07:08:28Z	c347433aabd42320c3827406989184f4	/workspace/rst/cache_4_5/library/paws.common/0.8.9/c347433aabd42320c3827406989184f4/paws.common	available
4.5.2	paws.storage	0.9.0	2025-06-04T04:15:39Z	a16c8b68e92b72d95474a0ef94d8a05c	/workspace/rst/cache_4_5/library/paws.storage/0.9.0/a16c8b68e92b72d95474a0ef94d8a05c/paws.storage	available
4.5.2	pbapply	1.7.5	2026-09-03T06:23:20Z	ff6f84760f6be64cd510f654b38c516a	/workspace/rst/cache_4_5/library/pbapply/1.7-5/ff6f84760f6be64cd510f654b38c516a/pbapply	available
4.5.2	pbdZMQ	0.3.14	2025-06-03T20:01:00Z	b95598cac5151bff0c3919fc0c182bd4	/workspace/rst/cache_4_5/library/pbdZMQ/0.3-14/b95598cac5151bff0c3919fc0c182bd4/pbdZMQ	available
4.5.2	pbivnorm	0.6.0	2025-06-03T19:00:55Z	f65103b814dd31364e146f5c3d325c82	/workspace/rst/cache_4_5/library/pbivnorm/0.6.0/f65103b814dd31364e146f5c3d325c82/pbivnorm	available
4.5.2	pbkrtest	0.5.5	2025-12-24T15:06:38Z	de63893c1394e58f608684333b5ce682	/workspace/rst/cache_4_5/library/pbkrtest/0.5.5/de63893c1394e58f608684333b5ce682/pbkrtest	available
4.5.2	pbmcapply	1.5.1	2025-06-03T15:44:34Z	44543995a19c43961831933c2013ab62	/workspace/rst/cache_4_5/library/pbmcapply/1.5.1/44543995a19c43961831933c2013ab62/pbmcapply	available
4.5.2	pbmcref.SeuratData	1.0.0	2026-04-30T16:13:24Z	76713e74dce086fdda3bb30bb786f1a4	/workspace/rst/cache_4_5/library/pbmcref.SeuratData/1.0.0/76713e74dce086fdda3bb30bb786f1a4/pbmcref.SeuratData	available
4.5.2	pbs	1.1	2025-06-04T04:15:59Z	6695a33c54755aec1d9b73d1c17c5b5d	/workspace/rst/cache_4_5/library/pbs/1.1/6695a33c54755aec1d9b73d1c17c5b5d/pbs	available
4.5.2	pbv	0.5.47	2025-12-06T20:47:07Z	e0250e43032d07406d526f7c7587d665	/workspace/rst/cache_4_5/library/pbv/0.5-47/e0250e43032d07406d526f7c7587d665/pbv	available
4.5.2	pcaL1	1.5.9	2025-06-04T04:16:15Z	46616373481f8d5a91ada731ab5a8b5c	/workspace/rst/cache_4_5/library/pcaL1/1.5.9/46616373481f8d5a91ada731ab5a8b5c/pcaL1	available
4.5.2	pcaMethods	2.2.0	2025-11-05T09:51:39Z	4ab33577ced6bea25a6f247770b2265a	/workspace/rst/cache_4_5/library/pcaMethods/2.2.0/4ab33577ced6bea25a6f247770b2265a/pcaMethods	available
4.5.2	pcaPP	2.0.5	2025-06-03T16:28:01Z	d774d2f9498c1efec82c4a1f5a1ed733	/workspace/rst/cache_4_5/library/pcaPP/2.0-5/d774d2f9498c1efec82c4a1f5a1ed733/pcaPP	available
4.5.2	pcalg	2.7.12	2026-07-21T06:18:55Z	70e6ae7899701a585d82877ef29588a4	/workspace/rst/cache_4_5/library/pcalg/2.7-12/70e6ae7899701a585d82877ef29588a4/pcalg	available
4.5.2	pcse	1.9.1.1	2025-06-04T04:16:33Z	ddb06f724f196841b21ce0080fcd1c01	/workspace/rst/cache_4_5/library/pcse/1.9.1.1/ddb06f724f196841b21ce0080fcd1c01/pcse	available
4.5.2	pder	1.0.2	2025-06-04T04:16:51Z	ef550fa0fbd8e6bdabfd32a569082176	/workspace/rst/cache_4_5/library/pder/1.0-2/ef550fa0fbd8e6bdabfd32a569082176/pder	available
4.5.2	pdfCluster	1.0.4	2025-06-04T01:12:13Z	c018164bcc376e45b8a85c7506ba8589	/workspace/rst/cache_4_5/library/pdfCluster/1.0-4/c018164bcc376e45b8a85c7506ba8589/pdfCluster	available
4.5.2	pdftools	3.9.1	2026-09-03T06:23:21Z	d6748a79cd850b8f7e2f74c7a1b4e737	/workspace/rst/cache_4_5/library/pdftools/3.9.1/d6748a79cd850b8f7e2f74c7a1b4e737/pdftools	available
4.5.2	pdist	1.2.1	2025-09-20T05:49:21Z	1b39ca673e5fd562647b5d23cd8e3838	/workspace/rst/cache_4_5/library/pdist/1.2.1/1b39ca673e5fd562647b5d23cd8e3838/pdist	available
4.5.2	pdp	0.8.3	2026-01-25T07:12:16Z	d65f5658042c0b59e888759d5dafd7ff	/workspace/rst/cache_4_5/library/pdp/0.8.3/d65f5658042c0b59e888759d5dafd7ff/pdp	available
4.5.2	pec	2025.6.24	2025-08-05T15:29:09Z	c4c8dca6f52f23246ad32053602dff98	/workspace/rst/cache_4_5/library/pec/2025.06.24/c4c8dca6f52f23246ad32053602dff98/pec	available
4.5.2	pedigree	1.4.2	2025-06-04T04:17:29Z	51ff51b019425f669ea80d1e3703cd9c	/workspace/rst/cache_4_5/library/pedigree/1.4.2/51ff51b019425f669ea80d1e3703cd9c/pedigree	available
4.5.2	pedigreemm	0.3.5	2025-06-04T04:17:46Z	e5b930974ae85a7418fe2992b34e4d38	/workspace/rst/cache_4_5/library/pedigreemm/0.3-5/e5b930974ae85a7418fe2992b34e4d38/pedigreemm	available
4.5.2	pegas	1.4	2025-12-10T07:08:20Z	2ff78bbddf040ce77ad8288347bb6935	/workspace/rst/cache_4_5/library/pegas/1.4/2ff78bbddf040ce77ad8288347bb6935/pegas	available
4.5.2	penalized	0.9.53	2025-12-06T20:47:07Z	3a9b88fcaaedad819fac41fe0739f40c	/workspace/rst/cache_4_5/library/penalized/0.9-53/3a9b88fcaaedad819fac41fe0739f40c/penalized	available
4.5.2	performance	0.18.2	2026-09-12T06:18:56Z	9cc2df8c536fd52ba38593344d93c986	/workspace/rst/cache_4_5/library/performance/0.18.2/9cc2df8c536fd52ba38593344d93c986/performance	available
4.5.2	perm	1.0.0.4	2025-06-03T18:16:37Z	1f16ee408286aa32d53c7d3b088f7129	/workspace/rst/cache_4_5/library/perm/1.0-0.4/1f16ee408286aa32d53c7d3b088f7129/perm	available
4.5.2	permute	0.9.8	2025-12-06T20:47:08Z	5ce0d9bd74ca44bf9edf9ecfb2f15609	/workspace/rst/cache_4_5/library/permute/0.9-8/5ce0d9bd74ca44bf9edf9ecfb2f15609/permute	available
4.5.2	perry	0.3.1	2025-09-20T05:49:21Z	593ab6e945b85db40f0d1e72a45b3981	/workspace/rst/cache_4_5/library/perry/0.3.1/593ab6e945b85db40f0d1e72a45b3981/perry	available
4.5.2	pgirmess	2.0.3	2025-06-04T04:18:42Z	10a13dc390f0746fb7ac2f3b87699e6c	/workspace/rst/cache_4_5/library/pgirmess/2.0.3/10a13dc390f0746fb7ac2f3b87699e6c/pgirmess	available
4.5.2	phangorn	2.12.1	2025-06-04T00:11:50Z	d2928014047a5eaa03b27937efecba16	/workspace/rst/cache_4_5/library/phangorn/2.12.1/d2928014047a5eaa03b27937efecba16/phangorn	available
4.5.2	phastCons100way.UCSC.hg19	3.7.2	2025-06-04T04:24:32Z	d38c08c2ba631e447752aed31e859d3b	/workspace/rst/cache_4_5/library/phastCons100way.UCSC.hg19/3.7.2/d38c08c2ba631e447752aed31e859d3b/phastCons100way.UCSC.hg19	available
4.5.2	phastCons100way.UCSC.hg38	3.7.1	2025-06-04T04:30:28Z	dbb32644a56c2effa3fce9cba5d6a463	/workspace/rst/cache_4_5/library/phastCons100way.UCSC.hg38/3.7.1/dbb32644a56c2effa3fce9cba5d6a463/phastCons100way.UCSC.hg38	available
4.5.2	pheatmap	1.0.13	2025-08-01T07:41:06Z	89d84c872be023e5de58b2d80736e212	/workspace/rst/cache_4_5/library/pheatmap/1.0.13/89d84c872be023e5de58b2d80736e212/pheatmap	available
4.5.2	philentropy	0.9.0	2025-06-04T04:30:47Z	a3ad597238b66a6a3c757d6bcd9dd74b	/workspace/rst/cache_4_5/library/philentropy/0.9.0/a3ad597238b66a6a3c757d6bcd9dd74b/philentropy	available
4.5.2	phylobase	0.8.12	2025-06-03T23:57:01Z	f00504449f84057526d4f3f76e5f0020	/workspace/rst/cache_4_5/library/phylobase/0.8.12/f00504449f84057526d4f3f76e5f0020/phylobase	available
4.5.2	phylogram	2.1.0	2025-10-31T10:23:08Z	5aa9f2e5d79fca5a6f69e893150e15de	/workspace/rst/cache_4_5/library/phylogram/2.1.0/5aa9f2e5d79fca5a6f69e893150e15de/phylogram	available
4.5.2	phylolm	2.6.5	2025-06-04T04:31:05Z	aa002d32a0f38dc8c6af2a14cb6e8c28	/workspace/rst/cache_4_5/library/phylolm/2.6.5/aa002d32a0f38dc8c6af2a14cb6e8c28/phylolm	available
4.5.2	phyloseq	1.54.2	2026-03-05T07:08:46Z	4b764e6071f614dc14567e7d617366eb	/workspace/rst/cache_4_5/library/phyloseq/1.54.2/4b764e6071f614dc14567e7d617366eb/phyloseq	available
4.5.2	phyr	1.1.3	2025-12-06T20:47:08Z	f213b5e86a7d12abab562cd0f8e313f6	/workspace/rst/cache_4_5/library/phyr/1.1.3/f213b5e86a7d12abab562cd0f8e313f6/phyr	available
4.5.2	phytools	2.5.2	2026-08-27T06:17:38Z	07c527faa98fd43853252e95edcb4392	/workspace/rst/cache_4_5/library/phytools/2.5-2/07c527faa98fd43853252e95edcb4392/phytools	available
4.5.2	picante	1.8.4	2026-08-25T06:20:01Z	83ab2068c2dbe0718e36a9b42981ad2e	/workspace/rst/cache_4_5/library/picante/1.8.4/83ab2068c2dbe0718e36a9b42981ad2e/picante	available
4.5.2	piecewiseSEM	2.3.1	2026-07-21T06:18:55Z	be7eb77e7609dc768a04be069c4eeaa7	/workspace/rst/cache_4_5/library/piecewiseSEM/2.3.1/be7eb77e7609dc768a04be069c4eeaa7/piecewiseSEM	available
4.5.2	piggyback	0.1.5	2026-08-27T06:17:38Z	81cfaa42c4fc61389405632d6389c7f8	/workspace/rst/cache_4_5/library/piggyback/0.1.5/81cfaa42c4fc61389405632d6389c7f8/piggyback	available
4.5.2	pillar	1.11.1	2025-12-24T15:06:38Z	a7c3c2a6b59ad1795a1ef92153cfc4e3	/workspace/rst/cache_4_5/library/pillar/1.11.1/a7c3c2a6b59ad1795a1ef92153cfc4e3/pillar	available
4.5.2	pimeta	1.1.3	2025-06-04T04:31:43Z	3e971b9f2cb10f77a452755adc88fb75	/workspace/rst/cache_4_5/library/pimeta/1.1.3/3e971b9f2cb10f77a452755adc88fb75/pimeta	available
4.5.2	pingr	2.0.5	2025-06-04T04:32:00Z	657d4d0d4732b35f9be1727db640d7cc	/workspace/rst/cache_4_5/library/pingr/2.0.5/657d4d0d4732b35f9be1727db640d7cc/pingr	available
4.5.2	pinp	0.0.11	2025-06-04T04:32:19Z	51a38058e66daa15d5f0131ad87e8d0d	/workspace/rst/cache_4_5/library/pinp/0.0.11/51a38058e66daa15d5f0131ad87e8d0d/pinp	available
4.5.2	pixarfilms	0.2.1	2025-06-04T04:32:36Z	7f6c230723676b5db2ae17e472707b9f	/workspace/rst/cache_4_5/library/pixarfilms/0.2.1/7f6c230723676b5db2ae17e472707b9f/pixarfilms	available
4.5.2	pixmap	0.4.14	2025-08-05T15:29:10Z	a1308635a579a214b373ffdda9ba64d1	/workspace/rst/cache_4_5/library/pixmap/0.4-14/a1308635a579a214b373ffdda9ba64d1/pixmap	available
4.5.2	pkc.cxcl8.datapkg	1.0.16	2026-04-28T14:05:11Z	c070000a24f63c3618412bb7b2d6ac16	/workspace/rst/cache_4_5/library/pkc.cxcl8.datapkg/1.0.16/c070000a24f63c3618412bb7b2d6ac16/pkc.cxcl8.datapkg	available
4.5.2	pkgKitten	0.2.4	2025-06-04T04:32:54Z	0ad7d46c2c2d7f497b48b09eef719e68	/workspace/rst/cache_4_5/library/pkgKitten/0.2.4/0ad7d46c2c2d7f497b48b09eef719e68/pkgKitten	available
4.5.2	pkgbuild	1.4.8	2025-06-03T15:44:35Z	f086bb6bdba0caf9fb1968ec3366bcb0	/workspace/rst/cache_4_5/library/pkgbuild/1.4.8/f086bb6bdba0caf9fb1968ec3366bcb0/pkgbuild	available
4.5.2	pkgcache	2.2.5	2026-04-11T06:28:47Z	d84abbe68fd4c7d90c351ca51a468b00	/workspace/rst/cache_4_5/library/pkgcache/2.2.5/d84abbe68fd4c7d90c351ca51a468b00/pkgcache	available
4.5.2	pkgconfig	2.0.3	2025-06-03T15:44:36Z	0b94f663d38d151b085b0058d07ca026	/workspace/rst/cache_4_5/library/pkgconfig/2.0.3/0b94f663d38d151b085b0058d07ca026/pkgconfig	available
4.5.2	pkgdepends	0.9.1	2026-04-11T06:28:47Z	04b67e259914af5658f6081e4d0bebed	/workspace/rst/cache_4_5/library/pkgdepends/0.9.1/04b67e259914af5658f6081e4d0bebed/pkgdepends	available
4.5.2	pkgdown	2.2.1	2026-07-09T06:10:23Z	ca3804ea5600ece1e0dc172257875458	/workspace/rst/cache_4_5/library/pkgdown/2.2.1/ca3804ea5600ece1e0dc172257875458/pkgdown	available
4.5.2	pkgload	1.5.3	2026-06-17T06:08:29Z	a35b953b672b901d4353b9cb2f98b7a2	/workspace/rst/cache_4_5/library/pkgload/1.5.3/a35b953b672b901d4353b9cb2f98b7a2/pkgload	available
4.5.2	pkgndep	2.0.0	2026-04-10T06:09:18Z	d8a9373a3efd9622b849e057fb987d3f	/workspace/rst/cache_4_5/library/pkgndep/2.0.0/d8a9373a3efd9622b849e057fb987d3f/pkgndep	available
4.5.2	pkgsearch	3.1.5	2025-06-04T04:34:01Z	437644d6802018a779bf7f682f06d8a0	/workspace/rst/cache_4_5/library/pkgsearch/3.1.5/437644d6802018a779bf7f682f06d8a0/pkgsearch	available
4.5.2	pkgsite	0.1.0	2026-08-22T06:22:26Z	26786978802080b26de5baf4fe7a8b03	/workspace/rst/cache_4_5/library/pkgsite/0.1.0/26786978802080b26de5baf4fe7a8b03/pkgsite	available
4.5.2	plainview	0.2.2	2025-12-06T20:47:10Z	98f3255b1bcc8c0ae05a860d8327fe03	/workspace/rst/cache_4_5/library/plainview/0.2.2/98f3255b1bcc8c0ae05a860d8327fe03/plainview	available
4.5.2	plink	1.5.1	2025-06-04T04:34:38Z	b99794135c52c02652cfd85414438629	/workspace/rst/cache_4_5/library/plink/1.5-1/b99794135c52c02652cfd85414438629/plink	available
4.5.2	plm	2.6.7	2025-12-06T20:47:11Z	8ed1fb62bf4ac9729024f2bbaabb2ffa	/workspace/rst/cache_4_5/library/plm/2.6-7/8ed1fb62bf4ac9729024f2bbaabb2ffa/plm	available
4.5.2	plogr	0.2.0	2025-06-03T16:16:33Z	dd8169c883f3e011afd3d035daa8a2dc	/workspace/rst/cache_4_5/library/plogr/0.2.0/dd8169c883f3e011afd3d035daa8a2dc/plogr	available
4.5.2	plot3D	1.4.2	2025-08-05T15:29:10Z	5e0d27dbc520f797ef14a96101bab8df	/workspace/rst/cache_4_5/library/plot3D/1.4.2/5e0d27dbc520f797ef14a96101bab8df/plot3D	available
4.5.2	plotfunctions	1.5	2025-12-24T07:05:36Z	a8abe3b3f3f77a21001b0c34cbe62d44	/workspace/rst/cache_4_5/library/plotfunctions/1.5/a8abe3b3f3f77a21001b0c34cbe62d44/plotfunctions	available
4.5.2	plotgardener	1.16.0	2026-05-26T14:27:38Z	385841e5e934c019a70aa78bd31e07be	/workspace/rst/cache_4_5/library/plotgardener/1.16.0/385841e5e934c019a70aa78bd31e07be/plotgardener	available
4.5.2	plotgardenerData	1.16.0	2026-05-27T06:21:57Z	9d3baad9d3931e0a5add5d2b1416dc7d	/workspace/rst/cache_4_5/library/plotgardenerData/1.16.0/9d3baad9d3931e0a5add5d2b1416dc7d/plotgardenerData	available
4.5.2	plotly	4.12.1	2026-07-24T06:14:00Z	b0b293e56e07f801fd765455ec044158	/workspace/rst/cache_4_5/library/plotly/4.12.1/b0b293e56e07f801fd765455ec044158/plotly	available
4.5.2	plotlyGeoAssets	0.0.2	2025-06-21T05:42:15Z	1e9c408b01cbe1602967bf3706dd83e6	/workspace/rst/cache_4_5/library/plotlyGeoAssets/0.0.2/1e9c408b01cbe1602967bf3706dd83e6/plotlyGeoAssets	available
4.5.2	plotmo	3.7.1	2026-08-23T06:21:30Z	3beee77c92ffb71aec564b65d788dec1	/workspace/rst/cache_4_5/library/plotmo/3.7.1/3beee77c92ffb71aec564b65d788dec1/plotmo	available
4.5.2	plotrix	3.8.4	2025-06-03T16:23:10Z	5d6883c2c17eeed8b2a53ebf8f597586	/workspace/rst/cache_4_5/library/plotrix/3.8-4/5d6883c2c17eeed8b2a53ebf8f597586/plotrix	available
4.5.2	pls	2.9.0	2026-02-23T07:04:46Z	9c59bc253d72bde16c466a78b8df6663	/workspace/rst/cache_4_5/library/pls/2.9-0/9c59bc253d72bde16c466a78b8df6663/pls	available
4.5.2	plumber	1.3.3	2026-01-30T07:07:53Z	d7fd6d9bd8e675cd482b605e89ebd936	/workspace/rst/cache_4_5/library/plumber/1.3.3/d7fd6d9bd8e675cd482b605e89ebd936/plumber	available
4.5.2	plyr	1.8.9	2025-06-03T15:44:40Z	93fbbe83963f2e7c610b104a42540392	/workspace/rst/cache_4_5/library/plyr/1.8.9/93fbbe83963f2e7c610b104a42540392/plyr	available
4.5.2	plyranges	1.30.1	2026-05-26T14:27:38Z	d4d017f9b7cf1690107d47b1b3a2bb18	/workspace/rst/cache_4_5/library/plyranges/1.30.1/d4d017f9b7cf1690107d47b1b3a2bb18/plyranges	available
4.5.2	pmml	2.6.1	2026-07-11T06:10:35Z	363a9642b3602eb90603a36115f129ac	/workspace/rst/cache_4_5/library/pmml/2.6.1/363a9642b3602eb90603a36115f129ac/pmml	available
4.5.2	png	0.1.9	2026-03-18T06:02:19Z	fbe2f87dacde49696582522a937f3068	/workspace/rst/cache_4_5/library/png/0.1-9/fbe2f87dacde49696582522a937f3068/png	available
4.5.2	poLCA	1.6.0.2	2026-02-13T07:12:28Z	d6192d8287259262edf264bdfdbc56dd	/workspace/rst/cache_4_5/library/poLCA/1.6.0.2/d6192d8287259262edf264bdfdbc56dd/poLCA	available
4.5.2	policytree	1.2.5	2026-08-06T06:17:29Z	557aff99b5b5b2f362dc6454a1d50338	/workspace/rst/cache_4_5/library/policytree/1.2.5/557aff99b5b5b2f362dc6454a1d50338/policytree	available
4.5.2	polina.datapkg	0.0.0.9010	2026-07-26T01:34:11Z	b74f6a396a77072d8f6047a5872ce7d7	/workspace/rst/cache_4_5/library/polina.datapkg/0.0.0.9010/b74f6a396a77072d8f6047a5872ce7d7/polina.datapkg	available
4.5.2	polle	1.6.4	2026-05-19T06:14:38Z	98561935769fe2e0c4fc89a9285df089	/workspace/rst/cache_4_5/library/polle/1.6.4/98561935769fe2e0c4fc89a9285df089/polle	available
4.5.2	polspline	1.1.25	2025-06-03T19:48:01Z	4755ddd8b5efc80017f0afb884dd5c18	/workspace/rst/cache_4_5/library/polspline/1.1.25/4755ddd8b5efc80017f0afb884dd5c18/polspline	available
4.5.2	polyclip	1.10.7	2025-06-03T15:44:40Z	dc716ab9882632ac15ec0cdc1373830d	/workspace/rst/cache_4_5/library/polyclip/1.10-7/dc716ab9882632ac15ec0cdc1373830d/polyclip	available
4.5.2	polycor	0.8.2	2025-12-16T07:02:02Z	d29e325f76a0b6df7e30272d8081a3f0	/workspace/rst/cache_4_5/library/polycor/0.8-2/d29e325f76a0b6df7e30272d8081a3f0/polycor	available
4.5.2	polylabelr	1.0.0	2026-01-21T07:12:32Z	a705a86ad37c978a9e9a2854e321e69c	/workspace/rst/cache_4_5/library/polylabelr/1.0.0/a705a86ad37c978a9e9a2854e321e69c/polylabelr	available
4.5.2	polynom	1.4.1	2025-06-03T16:16:33Z	b9d5f3854fa8b6d3938e969131b38981	/workspace/rst/cache_4_5/library/polynom/1.4-1/b9d5f3854fa8b6d3938e969131b38981/polynom	available
4.5.2	polysat	1.7.7	2025-06-04T04:37:00Z	66f9d1ef7febee399e3899f626bd826f	/workspace/rst/cache_4_5/library/polysat/1.7-7/66f9d1ef7febee399e3899f626bd826f/polysat	available
4.5.2	pool	1.0.5	2026-05-21T06:15:17Z	fb1297854c86331036a78e24551b4b9d	/workspace/rst/cache_4_5/library/pool/1.0.5/fb1297854c86331036a78e24551b4b9d/pool	available
4.5.2	poorman	0.2.8	2026-08-01T06:52:05Z	21fb626894c1bdd8a47e95bba7d4871d	/workspace/rst/cache_4_5/library/poorman/0.2.8/21fb626894c1bdd8a47e95bba7d4871d/poorman	available
4.5.2	popEpi	0.5.0	2026-07-04T06:15:17Z	ed17078b9ed25e07bb33297aa6a7b658	/workspace/rst/cache_4_5/library/popEpi/0.5.0/ed17078b9ed25e07bb33297aa6a7b658/popEpi	available
4.5.2	poppr	2.9.8	2025-12-06T20:47:12Z	eaf777336e03ac7d921d84e530d77198	/workspace/rst/cache_4_5/library/poppr/2.9.8/eaf777336e03ac7d921d84e530d77198/poppr	available
4.5.2	posterior	1.7.0	2026-04-03T06:26:07Z	218265f9cad025d215b7b214f5a07398	/workspace/rst/cache_4_5/library/posterior/1.7.0/218265f9cad025d215b7b214f5a07398/posterior	available
4.5.2	poweRlaw	1.0.0	2025-06-03T17:44:04Z	74a7b9dad31c82ec7080edd8a7ee19d5	/workspace/rst/cache_4_5/library/poweRlaw/1.0.0/74a7b9dad31c82ec7080edd8a7ee19d5/poweRlaw	available
4.5.2	ppcor	1.1	2025-06-04T04:38:16Z	c4117fd0f30ad108dbb9f548dffe6c22	/workspace/rst/cache_4_5/library/ppcor/1.1/c4117fd0f30ad108dbb9f548dffe6c22/ppcor	available
4.5.2	prabclus	2.3.5	2026-01-16T07:07:56Z	f9560cb3a79111a9c322270dc845af17	/workspace/rst/cache_4_5/library/prabclus/2.3-5/f9560cb3a79111a9c322270dc845af17/prabclus	available
4.5.2	pracma	2.4.6	2025-12-06T20:47:13Z	719b568758de4735c07670405f51c3e6	/workspace/rst/cache_4_5/library/pracma/2.4.6/719b568758de4735c07670405f51c3e6/pracma	available
4.5.2	praise	1.0.0	2025-06-03T15:44:40Z	5a7fef7e7e3e954e449a5cad652bcc9c	/workspace/rst/cache_4_5/library/praise/1.0.0/5a7fef7e7e3e954e449a5cad652bcc9c/praise	available
4.5.2	praznik	13.0.0	2026-08-22T06:22:27Z	e06f829c8f5333c947fd9f1aba075dfa	/workspace/rst/cache_4_5/library/praznik/13.0.0/e06f829c8f5333c947fd9f1aba075dfa/praznik	available
4.5.2	pre	1.1.1	2026-09-13T06:54:44Z	a3399b2ebf9780c224ae4a8a0f54b537	/workspace/rst/cache_4_5/library/pre/1.1.1/a3399b2ebf9780c224ae4a8a0f54b537/pre	available
4.5.2	precrec	0.24.0	2026-09-17T06:22:07Z	d52bec16ca8c51d3cd3da174051b39a5	/workspace/rst/cache_4_5/library/precrec/0.24.0/d52bec16ca8c51d3cd3da174051b39a5/precrec	available
4.5.2	prediction	0.3.18	2025-06-04T02:51:52Z	1a04732634757f08218e84d338fb0e64	/workspace/rst/cache_4_5/library/prediction/0.3.18/1a04732634757f08218e84d338fb0e64/prediction	available
4.5.2	prefmod	0.8.37	2025-12-06T20:47:13Z	08874e44486a2f115eb7c53c845d185e	/workspace/rst/cache_4_5/library/prefmod/0.8-37/08874e44486a2f115eb7c53c845d185e/prefmod	available
4.5.2	preprocessCore	1.72.0	2025-11-05T09:51:39Z	f47c47beef44ef86506f58c77ec3e30f	/workspace/rst/cache_4_5/library/preprocessCore/1.72.0/f47c47beef44ef86506f58c77ec3e30f/preprocessCore	available
4.5.2	preseqR	4.0.0	2025-06-03T16:16:33Z	e31baad6243e12d0b165bb2fcab6100f	/workspace/rst/cache_4_5/library/preseqR/4.0.0/e31baad6243e12d0b165bb2fcab6100f/preseqR	available
4.5.2	presto	1.0.0	2025-06-04T14:20:30Z	420fa8503bf3fd0cc06edbf5a878f676	/workspace/rst/cache_4_5/library/presto/1.0.0/420fa8503bf3fd0cc06edbf5a878f676/presto	available
4.5.2	prettycode	1.1.0	2025-06-04T04:39:47Z	60f86f3c49af205fd7e3ab932382cfd1	/workspace/rst/cache_4_5/library/prettycode/1.1.0/60f86f3c49af205fd7e3ab932382cfd1/prettycode	available
4.5.2	prettydoc	0.4.1	2025-06-04T04:40:05Z	0da11bed7aeb98e25a44284b80ba8271	/workspace/rst/cache_4_5/library/prettydoc/0.4.1/0da11bed7aeb98e25a44284b80ba8271/prettydoc	available
4.5.2	prettyunits	1.2.0	2025-06-03T15:44:41Z	dbdec07f4d9ca7827095ddb41a2febed	/workspace/rst/cache_4_5/library/prettyunits/1.2.0/dbdec07f4d9ca7827095ddb41a2febed/prettyunits	available
4.5.2	princurve	2.1.6	2025-10-31T10:23:09Z	8c0fb6fef34231a30e3a7a3dad03404e	/workspace/rst/cache_4_5/library/princurve/2.1.6/8c0fb6fef34231a30e3a7a3dad03404e/princurve	available
4.5.2	prismatic	1.1.2	2025-06-04T01:56:12Z	831bb1ff2564078b841f25ee091affbf	/workspace/rst/cache_4_5/library/prismatic/1.1.2/831bb1ff2564078b841f25ee091affbf/prismatic	available
4.5.2	probably	1.2.0	2025-12-06T20:47:14Z	a17be674e111fdb2b2fad8f62f0adbbc	/workspace/rst/cache_4_5/library/probably/1.2.0/a17be674e111fdb2b2fad8f62f0adbbc/probably	available
4.5.2	processx	3.9.0	2026-04-24T06:14:33Z	90f15ca9b35b968dff00627b3925a6b9	/workspace/rst/cache_4_5/library/processx/3.9.0/90f15ca9b35b968dff00627b3925a6b9/processx	available
4.5.2	prodlim	2026.3.11	2026-04-23T16:48:42Z	85a67e6fc8e5bd0a758a075d9b534321	/workspace/rst/cache_4_5/library/prodlim/2026.03.11/85a67e6fc8e5bd0a758a075d9b534321/prodlim	available
4.5.2	profileModel	0.6.2	2026-02-08T07:06:08Z	1b780650309bb33fb91d99a256607445	/workspace/rst/cache_4_5/library/profileModel/0.6.2/1b780650309bb33fb91d99a256607445/profileModel	available
4.5.2	profileplyr	1.24.1	2025-06-04T04:42:24Z	c461c815fad18d4b5506396ecf25bfea	/workspace/rst/cache_4_5/library/profileplyr/1.24.1/c461c815fad18d4b5506396ecf25bfea/profileplyr	available
4.5.2	profmem	0.7.0	2025-06-04T00:36:58Z	1c8bba372d1a73119424abc5ad533c65	/workspace/rst/cache_4_5/library/profmem/0.7.0/1c8bba372d1a73119424abc5ad533c65/profmem	available
4.5.2	profvis	0.4.0	2025-06-03T15:44:42Z	b0272b232848cd62f9d040fdee52d48f	/workspace/rst/cache_4_5/library/profvis/0.4.0/b0272b232848cd62f9d040fdee52d48f/profvis	available
4.5.2	progress	1.2.3	2025-06-03T15:44:42Z	ea88c76699913131c77fddaec542e959	/workspace/rst/cache_4_5/library/progress/1.2.3/ea88c76699913131c77fddaec542e959/progress	available
4.5.2	progressr	1.0.0	2026-07-05T06:12:13Z	408d097c8c8377ceb83ff070e7378571	/workspace/rst/cache_4_5/library/progressr/1.0.0/408d097c8c8377ceb83ff070e7378571/progressr	available
4.5.2	proj4	1.0.15	2025-06-04T04:05:33Z	8f38e92b9c0c2228aa5d13ac4e6b9419	/workspace/rst/cache_4_5/library/proj4/1.0-15/8f38e92b9c0c2228aa5d13ac4e6b9419/proj4	available
4.5.2	promises	1.5.0	2025-12-24T15:06:41Z	f18ac40a43f6f51f53ef7bfbe179e03e	/workspace/rst/cache_4_5/library/promises/1.5.0/f18ac40a43f6f51f53ef7bfbe179e03e/promises	available
4.5.2	prompt	1.0.2	2025-06-03T15:44:43Z	eab7112293cb47db054c9e56666160af	/workspace/rst/cache_4_5/library/prompt/1.0.2/eab7112293cb47db054c9e56666160af/prompt	available
4.5.2	proto	1.0.0	2025-06-03T20:48:15Z	68b72bc1083131107582c3f3ad64c1b8	/workspace/rst/cache_4_5/library/proto/1.0.0/68b72bc1083131107582c3f3ad64c1b8/proto	available
4.5.2	protoclust	1.6.4	2026-02-06T07:08:37Z	f77bff6be3dd9ea3efcbc23d90d7ed80	/workspace/rst/cache_4_5/library/protoclust/1.6.4/f77bff6be3dd9ea3efcbc23d90d7ed80/protoclust	available
4.5.2	proxy	0.4.29	2025-12-31T06:57:04Z	acaa41b68451691f2975001c1a02d4a4	/workspace/rst/cache_4_5/library/proxy/0.4-29/acaa41b68451691f2975001c1a02d4a4/proxy	available
4.5.2	proxyC	0.5.2	2025-06-04T04:42:42Z	9cad289cf92de750b4e2fb45d1560635	/workspace/rst/cache_4_5/library/proxyC/0.5.2/9cad289cf92de750b4e2fb45d1560635/proxyC	available
4.5.2	pryr	0.1.6	2025-06-04T04:42:59Z	43c7df9d37d66e90f6d9c05bf3539998	/workspace/rst/cache_4_5/library/pryr/0.1.6/43c7df9d37d66e90f6d9c05bf3539998/pryr	available
4.5.2	ps	1.9.3	2026-04-22T06:09:35Z	dd07476e8cbfe760d096ad693ab79960	/workspace/rst/cache_4_5/library/ps/1.9.3/dd07476e8cbfe760d096ad693ab79960/ps	available
4.5.2	pscl	1.5.9	2025-06-03T15:44:44Z	9ad98fa1d8aad5003e173ba2555f47af	/workspace/rst/cache_4_5/library/pscl/1.5.9/9ad98fa1d8aad5003e173ba2555f47af/pscl	available
4.5.2	pspearman	0.3.1	2025-06-03T22:01:01Z	6fa25f01526bbb9e3edf57b8141d25d8	/workspace/rst/cache_4_5/library/pspearman/0.3-1/6fa25f01526bbb9e3edf57b8141d25d8/pspearman	available
4.5.2	pspline	1.0.21	2025-06-03T19:52:07Z	8a2a1ccb424e0fa7df7821e88f5bccd0	/workspace/rst/cache_4_5/library/pspline/1.0-21/8a2a1ccb424e0fa7df7821e88f5bccd0/pspline	available
4.5.2	psych	2.6.5	2026-05-17T06:13:19Z	c76600f385ca8d648c1389d92ca11c45	/workspace/rst/cache_4_5/library/psych/2.6.5/c76600f385ca8d648c1389d92ca11c45/psych	available
4.5.2	psychTools	2.6.4	2026-05-06T06:24:32Z	604b31b3e8336ddfa29c5536768c261e	/workspace/rst/cache_4_5/library/psychTools/2.6.4/604b31b3e8336ddfa29c5536768c261e/psychTools	available
4.5.2	psychomix	1.1.9	2025-10-23T06:01:29Z	9788c6ad57fe6fc907e432c51cb662b7	/workspace/rst/cache_4_5/library/psychomix/1.1-9/9788c6ad57fe6fc907e432c51cb662b7/psychomix	available
4.5.2	psychonetrics	0.17.8	2026-08-06T06:17:30Z	1c8d8f17ab1dca07e27275a9f8c57bff	/workspace/rst/cache_4_5/library/psychonetrics/0.17.8/1c8d8f17ab1dca07e27275a9f8c57bff/psychonetrics	available
4.5.2	psychotools	0.7.7	2026-07-12T06:11:22Z	64409f296025037df58518deb576399c	/workspace/rst/cache_4_5/library/psychotools/0.7-7/64409f296025037df58518deb576399c/psychotools	available
4.5.2	psychotree	0.16.3	2026-08-05T06:21:01Z	d2344289fb7b9b847402ebee8b3f468c	/workspace/rst/cache_4_5/library/psychotree/0.16-3/d2344289fb7b9b847402ebee8b3f468c/psychotree	available
4.5.2	purrr	1.2.2	2026-04-12T06:19:39Z	13051d155c3cff76f629b68cd61425b4	/workspace/rst/cache_4_5/library/purrr/1.2.2/13051d155c3cff76f629b68cd61425b4/purrr	available
4.5.2	pvclust	2.2.0	2025-06-04T04:44:11Z	432a9e81ee86e58c2baaed8a2e4c62ea	/workspace/rst/cache_4_5/library/pvclust/2.2-0/432a9e81ee86e58c2baaed8a2e4c62ea/pvclust	available
4.5.2	pwalign	1.6.0	2025-11-05T09:51:40Z	e3b98cfcfe3660ff78327bbecdd42b66	/workspace/rst/cache_4_5/library/pwalign/1.6.0/e3b98cfcfe3660ff78327bbecdd42b66/pwalign	available
4.5.2	pwr	1.3.0	2025-06-04T04:44:30Z	b8edd27c22b5cf63ec124b2dd435a6d2	/workspace/rst/cache_4_5/library/pwr/1.3-0/b8edd27c22b5cf63ec124b2dd435a6d2/pwr	available
4.5.2	pyinit	1.1.5	2026-01-10T07:10:53Z	d57524bdf198de0ed72260a6c62ed000	/workspace/rst/cache_4_5/library/pyinit/1.1.5/d57524bdf198de0ed72260a6c62ed000/pyinit	available
4.5.2	pzfx	0.3.1	2026-01-18T07:26:24Z	286b8a02a782512a53e711b5cd59091f	/workspace/rst/cache_4_5/library/pzfx/0.3.1/286b8a02a782512a53e711b5cd59091f/pzfx	available
4.5.2	qap	0.1.2	2025-06-03T18:28:19Z	e044a8435aa6ae7123a73338e945a165	/workspace/rst/cache_4_5/library/qap/0.1-2/e044a8435aa6ae7123a73338e945a165/qap	available
4.5.2	qcc	2.7	2025-06-04T04:45:08Z	87808b808e551d8a9da3e179ca44e9cc	/workspace/rst/cache_4_5/library/qcc/2.7/87808b808e551d8a9da3e179ca44e9cc/qcc	available
4.5.2	qdapDictionaries	1.0.7	2025-07-12T05:48:50Z	b2104d701e84ae061cc646c5a8dd4620	/workspace/rst/cache_4_5/library/qdapDictionaries/1.0.7/b2104d701e84ae061cc646c5a8dd4620/qdapDictionaries	available
4.5.2	qgam	2.0.0	2025-06-03T18:20:23Z	4ce56e0bcdc737c1f9db128e7eb0bd80	/workspace/rst/cache_4_5/library/qgam/2.0.0/4ce56e0bcdc737c1f9db128e7eb0bd80/qgam	available
4.5.2	qgraph	1.9.8	2025-06-03T19:00:55Z	e40a49549380fa9bbfcd6419aea9f2a3	/workspace/rst/cache_4_5/library/qgraph/1.9.8/e40a49549380fa9bbfcd6419aea9f2a3/qgraph	available
4.5.2	qicharts	0.5.10	2025-10-10T05:52:16Z	64d2908444407f5394a2729a14a3e76b	/workspace/rst/cache_4_5/library/qicharts/0.5.10/64d2908444407f5394a2729a14a3e76b/qicharts	available
4.5.2	qpdf	1.4.1	2025-12-06T20:47:17Z	7e206b131b09f90d50eb7904c3af5ff6	/workspace/rst/cache_4_5/library/qpdf/1.4.1/7e206b131b09f90d50eb7904c3af5ff6/qpdf	available
4.5.2	qpgraph	2.44.0	2025-11-05T09:51:40Z	ce16806580735155539f322ae28647d1	/workspace/rst/cache_4_5/library/qpgraph/2.44.0/ce16806580735155539f322ae28647d1/qpgraph	available
4.5.2	qqconf	1.3.2	2025-06-04T01:50:28Z	f26a0cde96d9f962d71b3cf52709cd35	/workspace/rst/cache_4_5/library/qqconf/1.3.2/f26a0cde96d9f962d71b3cf52709cd35/qqconf	available
4.5.2	qqplotr	0.0.7	2025-12-06T20:47:17Z	11635ccaaaa3f89ffdde65bc84150993	/workspace/rst/cache_4_5/library/qqplotr/0.0.7/11635ccaaaa3f89ffdde65bc84150993/qqplotr	available
4.5.2	qqtest	1.2.1	2026-07-23T06:16:59Z	914f557b1b2239282afeb20b54735ee7	/workspace/rst/cache_4_5/library/qqtest/1.2.1/914f557b1b2239282afeb20b54735ee7/qqtest	available
4.5.2	qreport	1.1.0	2025-12-06T20:47:17Z	941d27dec0b52b3868cf2b29168a52c6	/workspace/rst/cache_4_5/library/qreport/1.1-0/941d27dec0b52b3868cf2b29168a52c6/qreport	available
4.5.2	qrng	0.0.11	2026-01-24T07:13:50Z	bd316338a36c601cd2fc476a42f724d6	/workspace/rst/cache_4_5/library/qrng/0.0-11/bd316338a36c601cd2fc476a42f724d6/qrng	available
4.5.2	qs	0.27.3	2025-06-04T04:47:14Z	e2a279e4b5c15bb32c267c5a0a80b8a2	/workspace/rst/cache_4_5/library/qs/0.27.3/e2a279e4b5c15bb32c267c5a0a80b8a2/qs	available
4.5.2	qs2	0.3.1	2026-08-23T06:21:31Z	ef6e694aaaad08e6318159c3a57a7afe	/workspace/rst/cache_4_5/library/qs2/0.3.1/ef6e694aaaad08e6318159c3a57a7afe/qs2	available
4.5.2	qtl	1.74	2025-12-10T07:08:20Z	712931a5fb7b7ebf0a8b570c7d978bc9	/workspace/rst/cache_4_5/library/qtl/1.74/712931a5fb7b7ebf0a8b570c7d978bc9/qtl	available
4.5.2	quadform	0.0.4	2026-09-09T06:19:42Z	5c1d8fdff3c2c98d3aa6823fc1fb6fef	/workspace/rst/cache_4_5/library/quadform/0.0-4/5c1d8fdff3c2c98d3aa6823fc1fb6fef/quadform	available
4.5.2	quadprog	1.5.8	2025-06-03T15:44:45Z	3e94358d932528fc884aa6f1f100b77d	/workspace/rst/cache_4_5/library/quadprog/1.5-8/3e94358d932528fc884aa6f1f100b77d/quadprog	available
4.5.2	quanteda	4.5.0	2026-08-06T06:17:30Z	8cb93333228536e933717a601d24a996	/workspace/rst/cache_4_5/library/quanteda/4.5.0/8cb93333228536e933717a601d24a996/quanteda	available
4.5.2	quantmod	0.4.29	2026-06-30T06:11:06Z	5af7bb9be2594dff16d249f520dfc9e0	/workspace/rst/cache_4_5/library/quantmod/0.4.29/5af7bb9be2594dff16d249f520dfc9e0/quantmod	available
4.5.2	quantreg	6.1	2025-06-03T16:01:33Z	49e171966c3cd6084e5d65d392372f48	/workspace/rst/cache_4_5/library/quantreg/6.1/49e171966c3cd6084e5d65d392372f48/quantreg	available
4.5.2	quantregForest	1.4.0	2026-07-04T06:15:17Z	44bf39d0586abd12cc509e6b5bafaacf	/workspace/rst/cache_4_5/library/quantregForest/1.4-0/44bf39d0586abd12cc509e6b5bafaacf/quantregForest	available
4.5.2	quarto	1.5.1	2025-12-06T20:47:20Z	94aa380303aff9f2432dab89701a6f49	/workspace/rst/cache_4_5/library/quarto/1.5.1/94aa380303aff9f2432dab89701a6f49/quarto	available
4.5.2	questionr	0.8.2	2026-01-23T07:11:38Z	dd8c41f4f6ebac4b95cc17fe44ec5d64	/workspace/rst/cache_4_5/library/questionr/0.8.2/dd8c41f4f6ebac4b95cc17fe44ec5d64/questionr	available
4.5.2	quitefastmst	0.9.1	2026-06-13T06:15:46Z	13bc2ecdd7e1a1a2b1df5cd2580e53e1	/workspace/rst/cache_4_5/library/quitefastmst/0.9.1/13bc2ecdd7e1a1a2b1df5cd2580e53e1/quitefastmst	available
4.5.2	qvalue	2.42.0	2025-11-05T09:51:40Z	ef24a2c74f8289f0c461fd11b9e84146	/workspace/rst/cache_4_5/library/qvalue/2.42.0/ef24a2c74f8289f0c461fd11b9e84146/qvalue	available
4.5.2	qvcalc	1.0.4	2025-06-03T17:37:19Z	ef01b2ab5a39ebac745fac387ce925dd	/workspace/rst/cache_4_5/library/qvcalc/1.0.4/ef01b2ab5a39ebac745fac387ce925dd/qvcalc	available
4.5.2	r2d2	1.0.2	2025-06-04T04:48:31Z	86a3794a89c2c052aed2cad5aede560f	/workspace/rst/cache_4_5/library/r2d2/1.0.2/86a3794a89c2c052aed2cad5aede560f/r2d2	available
4.5.2	r2d3	0.2.6	2025-06-04T04:48:50Z	4d1262d9048da52e8cf23e6e9f9b3ee8	/workspace/rst/cache_4_5/library/r2d3/0.2.6/4d1262d9048da52e8cf23e6e9f9b3ee8/r2d3	available
4.5.2	r2glmm	0.1.3	2025-06-04T04:49:14Z	d3195d44acd169679f155c2494619150	/workspace/rst/cache_4_5/library/r2glmm/0.1.3/d3195d44acd169679f155c2494619150/r2glmm	available
4.5.2	r2rtf	1.3.1	2026-06-12T06:17:04Z	80f86ffbe1a29dc15475f3b2b2c9a9e4	/workspace/rst/cache_4_5/library/r2rtf/1.3.1/80f86ffbe1a29dc15475f3b2b2c9a9e4/r2rtf	available
4.5.2	rARPACK	0.11.0	2025-06-04T02:41:17Z	dd00c0f768c41d5f2a5a45dbf4013a97	/workspace/rst/cache_4_5/library/rARPACK/0.11-0/dd00c0f768c41d5f2a5a45dbf4013a97/rARPACK	available
4.5.2	rBiopaxParser	2.50.0	2025-11-05T09:51:40Z	55240064fa6dbee50eded5d2746fcd3c	/workspace/rst/cache_4_5/library/rBiopaxParser/2.50.0/55240064fa6dbee50eded5d2746fcd3c/rBiopaxParser	available
4.5.2	rFerns	6.0.0	2026-04-27T06:11:34Z	bfa0b2614842c049f30bb15a6bd3f64b	/workspace/rst/cache_4_5/library/rFerns/6.0.0/bfa0b2614842c049f30bb15a6bd3f64b/rFerns	available
4.5.2	rGREAT	2.12.2	2026-02-07T07:04:38Z	94fa55780690e73d08b77f7cf0628616	/workspace/rst/cache_4_5/library/rGREAT/2.12.2/94fa55780690e73d08b77f7cf0628616/rGREAT	available
4.5.2	rJava	1.0.18	2026-04-10T06:09:18Z	5ff53892263f898c8bd6c7ba85d1eec3	/workspace/rst/cache_4_5/library/rJava/1.0-18/5ff53892263f898c8bd6c7ba85d1eec3/rJava	available
4.5.2	rae230a.db	3.13.0	2025-06-04T04:50:26Z	96712d194107fb34f13a5e6c7e3e7508	/workspace/rst/cache_4_5/library/rae230a.db/3.13.0/96712d194107fb34f13a5e6c7e3e7508/rae230a.db	available
4.5.2	rae230aprobe	2.18.0	2025-06-04T04:50:56Z	6036d3416f0decaf2913ba5e19a025d7	/workspace/rst/cache_4_5/library/rae230aprobe/2.18.0/6036d3416f0decaf2913ba5e19a025d7/rae230aprobe	available
4.5.2	ragg	1.5.2	2026-04-23T16:48:43Z	a70f3016c4e4d6917e93d5f9dd0d3b9c	/workspace/rst/cache_4_5/library/ragg/1.5.2/a70f3016c4e4d6917e93d5f9dd0d3b9c/ragg	available
4.5.2	rainbow	3.8	2025-06-03T19:11:56Z	3b121640f550ee71f3fecde3b0cb2d2f	/workspace/rst/cache_4_5/library/rainbow/3.8/3b121640f550ee71f3fecde3b0cb2d2f/rainbow	available
4.5.2	ramcmc	0.1.2	2025-12-06T20:47:21Z	f505d9dee8b24d15941b4ba4c4ee811c	/workspace/rst/cache_4_5/library/ramcmc/0.1.2/f505d9dee8b24d15941b4ba4c4ee811c/ramcmc	available
4.5.2	randomForest	4.7.1.2	2025-06-03T16:16:34Z	01e6f1b59477d6af722dfe1b4b3b0602	/workspace/rst/cache_4_5/library/randomForest/4.7-1.2/01e6f1b59477d6af722dfe1b4b3b0602/randomForest	available
4.5.2	randomForestExplainer	0.10.1	2025-06-04T04:51:17Z	f48c1a9a28ce45c7fbfefa050f2ff45a	/workspace/rst/cache_4_5/library/randomForestExplainer/0.10.1/f48c1a9a28ce45c7fbfefa050f2ff45a/randomForestExplainer	available
4.5.2	randomForestSRC	3.9.0	2026-09-24T06:21:11Z	e888ba60637901c555651f07172e6557	/workspace/rst/cache_4_5/library/randomForestSRC/3.9.0/e888ba60637901c555651f07172e6557/randomForestSRC	available
4.5.2	randomizr	2.0.1	2026-08-29T06:17:01Z	1b53412095887fcc4f3b07c96b44ebeb	/workspace/rst/cache_4_5/library/randomizr/2.0.1/1b53412095887fcc4f3b07c96b44ebeb/randomizr	available
4.5.2	randtests	1.0.2	2025-10-31T10:23:10Z	9dc7fe3302d54507f4582be56a80e53d	/workspace/rst/cache_4_5/library/randtests/1.0.2/9dc7fe3302d54507f4582be56a80e53d/randtests	available
4.5.2	randtoolbox	2.0.5	2025-06-04T00:14:01Z	a6b6cfd17ca95099aed9b19ce72e0fe0	/workspace/rst/cache_4_5/library/randtoolbox/2.0.5/a6b6cfd17ca95099aed9b19ce72e0fe0/randtoolbox	available
4.5.2	ranger	0.18.0	2026-01-18T07:26:24Z	d543280a17f7181a205d91dcc85696c1	/workspace/rst/cache_4_5/library/ranger/0.18.0/d543280a17f7181a205d91dcc85696c1/ranger	available
4.5.2	rapidjsonr	1.2.1	2025-12-06T20:47:22Z	0d65181a9adf1e3b247f6c1a54af0a34	/workspace/rst/cache_4_5/library/rapidjsonr/1.2.1/0d65181a9adf1e3b247f6c1a54af0a34/rapidjsonr	available
4.5.2	rapidoc	9.3.4	2025-06-04T04:52:14Z	09cb5ec81246123fe3b44d252505dafa	/workspace/rst/cache_4_5/library/rapidoc/9.3.4/09cb5ec81246123fe3b44d252505dafa/rapidoc	available
4.5.2	rappdirs	0.3.4	2026-01-19T07:04:52Z	e326766f84205078bb0e30f6bc6d85aa	/workspace/rst/cache_4_5/library/rappdirs/0.3.4/e326766f84205078bb0e30f6bc6d85aa/rappdirs	available
4.5.2	raster	3.6.32	2025-06-03T19:11:56Z	e9920503dba31d0c6f6794e06ad68d8a	/workspace/rst/cache_4_5/library/raster/3.6-32/e9920503dba31d0c6f6794e06ad68d8a/raster	available
4.5.2	rasterVis	0.51.7	2025-12-06T20:47:22Z	022876627c567e2be5ca6e2f1edea12a	/workspace/rst/cache_4_5/library/rasterVis/0.51.7/022876627c567e2be5ca6e2f1edea12a/rasterVis	available
4.5.2	rattle	5.6.2	2026-03-28T06:29:21Z	eb06dc74d5adfa30f8ae97d416651d7f	/workspace/rst/cache_4_5/library/rattle/5.6.2/eb06dc74d5adfa30f8ae97d416651d7f/rattle	available
4.5.2	rbenchmark	1.0.1	2026-06-16T06:12:15Z	79fa8db9801ec02485047010ba568eb7	/workspace/rst/cache_4_5/library/rbenchmark/1.0.1/79fa8db9801ec02485047010ba568eb7/rbenchmark	available
4.5.2	rbibutils	2.4.1	2026-01-23T07:11:38Z	6d54e1672342b26631a37a6351c718c5	/workspace/rst/cache_4_5/library/rbibutils/2.4.1/6d54e1672342b26631a37a6351c718c5/rbibutils	available
4.5.2	rcartocolor	2.1.2	2025-08-05T15:29:11Z	339b132591dbf88d3b1dc6400271e8d6	/workspace/rst/cache_4_5/library/rcartocolor/2.1.2/339b132591dbf88d3b1dc6400271e8d6/rcartocolor	available
4.5.2	rcdd	1.6.1	2026-01-14T07:00:19Z	91fd2eda41bb4b28035330fe1c753a20	/workspace/rst/cache_4_5/library/rcdd/1.6-1/91fd2eda41bb4b28035330fe1c753a20/rcdd	available
4.5.2	rcdo	0.3.2	2025-12-02T07:04:02Z	33a83f9076c5671d3cdced82cf76cb6e	/workspace/rst/cache_4_5/library/rcdo/0.3.2/33a83f9076c5671d3cdced82cf76cb6e/rcdo	available
4.5.2	rchallenge	1.3.4	2025-10-29T05:57:09Z	b302e12ccaab899d60e284bed6345d90	/workspace/rst/cache_4_5/library/rchallenge/1.3.4/b302e12ccaab899d60e284bed6345d90/rchallenge	available
4.5.2	rcmdcheck	1.4.0	2025-06-03T15:44:47Z	7261cbe0518db711c7455ae175ec0977	/workspace/rst/cache_4_5/library/rcmdcheck/1.4.0/7261cbe0518db711c7455ae175ec0977/rcmdcheck	available
4.5.2	rcompanion	2.5.4	2026-08-22T06:22:27Z	e3ec860d1e62bbd573c21ae1c9cf23c4	/workspace/rst/cache_4_5/library/rcompanion/2.5.4/e3ec860d1e62bbd573c21ae1c9cf23c4/rcompanion	available
4.5.2	rdoc	0.1.0.9000	2025-06-04T04:53:47Z	de3edc63d1336eea7f1ddcb07a2229dd	/workspace/rst/cache_4_5/library/rdoc/0.1.0.9000/de3edc63d1336eea7f1ddcb07a2229dd/rdoc	available
4.5.2	rdrobust	4.0.0	2026-05-18T06:12:52Z	726125564c03a9ee40b3dcf5c2a552bf	/workspace/rst/cache_4_5/library/rdrobust/4.0.0/726125564c03a9ee40b3dcf5c2a552bf/rdrobust	available
4.5.2	rdss	1.0.14	2025-10-17T05:51:42Z	c2b1bc26fa45044005fed96b43a23284	/workspace/rst/cache_4_5/library/rdss/1.0.14/c2b1bc26fa45044005fed96b43a23284/rdss	available
4.5.2	rdtools	0.1.0	2026-08-06T06:17:30Z	1f8c590835e47cb614f93dab5d729271	/workspace/rst/cache_4_5/library/rdtools/0.1.0/1f8c590835e47cb614f93dab5d729271/rdtools	available
4.5.2	reactR	0.6.1	2025-06-04T02:05:39Z	732afb4ff21ea1e30a83367f68088c1c	/workspace/rst/cache_4_5/library/reactR/0.6.1/732afb4ff21ea1e30a83367f68088c1c/reactR	available
4.5.2	reactable	0.4.5	2025-12-06T20:47:23Z	fe48f8392b2767d558bf393cba58e563	/workspace/rst/cache_4_5/library/reactable/0.4.5/fe48f8392b2767d558bf393cba58e563/reactable	available
4.5.2	reactlog	1.1.1	2025-06-04T04:54:05Z	76ee2bcb484ef48746beaf0cee2c42dc	/workspace/rst/cache_4_5/library/reactlog/1.1.1/76ee2bcb484ef48746beaf0cee2c42dc/reactlog	available
4.5.2	reactome.db	1.95.0	2026-01-16T07:08:01Z	50969620fefc315043222d745677c733	/workspace/rst/cache_4_5/library/reactome.db/1.95.0/50969620fefc315043222d745677c733/reactome.db	available
4.5.2	readODS	2.3.6	2026-09-04T06:18:46Z	83b77408e1c53d27c0a5f8d4ff158104	/workspace/rst/cache_4_5/library/readODS/2.3.6/83b77408e1c53d27c0a5f8d4ff158104/readODS	available
4.5.2	readr	2.2.0	2026-02-21T07:01:19Z	1650c7345563a359b72114889ce73662	/workspace/rst/cache_4_5/library/readr/2.2.0/1650c7345563a359b72114889ce73662/readr	available
4.5.2	readstata13	0.11.0	2025-06-03T22:20:09Z	a43dbf41a5d6edf2fd956af7573241e6	/workspace/rst/cache_4_5/library/readstata13/0.11.0/a43dbf41a5d6edf2fd956af7573241e6/readstata13	available
4.5.2	readxl	1.5.0.1	2026-09-18T06:21:29Z	cb20aeb523f993b68bedd35aa54f6930	/workspace/rst/cache_4_5/library/readxl/1.5.0.1/cb20aeb523f993b68bedd35aa54f6930/readxl	available
4.5.2	recipes	1.4.0	2026-08-26T06:18:51Z	f4ff41d678669aeeeebcc0afc49af1e6	/workspace/rst/cache_4_5/library/recipes/1.4.0/f4ff41d678669aeeeebcc0afc49af1e6/recipes	available
4.5.2	redoc	2.0.0.75	2025-06-04T04:54:42Z	ab7f86e20b0b12a26e0a5fde6de39778	/workspace/rst/cache_4_5/library/redoc/2.0.0.75/ab7f86e20b0b12a26e0a5fde6de39778/redoc	available
4.5.2	redux	1.1.5	2025-12-06T20:47:23Z	d95ba52ad30577742010a883f9527fca	/workspace/rst/cache_4_5/library/redux/1.1.5/d95ba52ad30577742010a883f9527fca/redux	available
4.5.2	reformulas	0.4.4	2026-02-04T07:03:05Z	ac5ec4f0bfa0c4865bf861af345fb241	/workspace/rst/cache_4_5/library/reformulas/0.4.4/ac5ec4f0bfa0c4865bf861af345fb241/reformulas	available
4.5.2	refund	0.1.40	2026-03-23T06:10:17Z	acda9ba1e431ce2e11cb656a78596a24	/workspace/rst/cache_4_5/library/refund/0.1-40/acda9ba1e431ce2e11cb656a78596a24/refund	available
4.5.2	regioneR	1.42.0	2025-11-05T09:51:41Z	e45a4fb1e3e44cbb74678e9f67f882b3	/workspace/rst/cache_4_5/library/regioneR/1.42.0/e45a4fb1e3e44cbb74678e9f67f882b3/regioneR	available
4.5.2	regions	0.1.8	2025-06-04T01:26:39Z	1a04616e6a75bc179ada3b2af03174f7	/workspace/rst/cache_4_5/library/regions/0.1.8/1a04616e6a75bc179ada3b2af03174f7/regions	available
4.5.2	registry	0.5.1	2025-06-03T17:48:27Z	e72433008e502f32fd04cf4448f225b9	/workspace/rst/cache_4_5/library/registry/0.5-1/e72433008e502f32fd04cf4448f225b9/registry	available
4.5.2	regsem	1.9.5	2026-07-21T06:18:56Z	a5903995f5524bfc7e398e0d478df861	/workspace/rst/cache_4_5/library/regsem/1.9.5/a5903995f5524bfc7e398e0d478df861/regsem	available
4.5.2	relaimpo	2.2.7	2026-04-21T06:17:33Z	30c50a3332703b17f687331e16bc31fb	/workspace/rst/cache_4_5/library/relaimpo/2.2-7/30c50a3332703b17f687331e16bc31fb/relaimpo	available
4.5.2	relations	0.6.18	2026-07-17T06:13:04Z	8885432088076466a86b8c034f2bdc38	/workspace/rst/cache_4_5/library/relations/0.6-18/8885432088076466a86b8c034f2bdc38/relations	available
4.5.2	relimp	1.0.5	2025-06-03T22:20:10Z	4b5113dd60f0966e282a5e137f7d22ed	/workspace/rst/cache_4_5/library/relimp/1.0-5/4b5113dd60f0966e282a5e137f7d22ed/relimp	available
4.5.2	relsurv	2.3.3	2025-12-06T20:47:24Z	884eb699705bb9337a74f2e80957f379	/workspace/rst/cache_4_5/library/relsurv/2.3-3/884eb699705bb9337a74f2e80957f379/relsurv	available
4.5.2	remaCor	0.0.20	2025-12-06T20:47:24Z	1312afe6b8cd48ac001ea3eb3fe854ff	/workspace/rst/cache_4_5/library/remaCor/0.0.20/1312afe6b8cd48ac001ea3eb3fe854ff/remaCor	available
4.5.2	rematch	2.0.0	2025-06-03T15:44:49Z	96bd118149ba8a906adabacc0e7b5961	/workspace/rst/cache_4_5/library/rematch/2.0.0/96bd118149ba8a906adabacc0e7b5961/rematch	available
4.5.2	rematch2	2.1.2	2025-06-03T16:26:46Z	db8443aeb69f9367920120314954823e	/workspace/rst/cache_4_5/library/rematch2/2.1.2/db8443aeb69f9367920120314954823e/rematch2	available
4.5.2	remotes	2.5.0	2025-08-05T15:29:11Z	a4a2f7f31cb780e8ba2468d0bec9be3f	/workspace/rst/cache_4_5/library/remotes/2.5.0/a4a2f7f31cb780e8ba2468d0bec9be3f/remotes	available
4.5.2	rempsyc	0.2.0	2025-12-06T20:47:25Z	da8c6540853ffed5764c8f7ad449ddb8	/workspace/rst/cache_4_5/library/rempsyc/0.2.0/da8c6540853ffed5764c8f7ad449ddb8/rempsyc	available
4.5.2	rentrez	1.2.4	2025-06-13T05:40:31Z	e5ace09ca0264abc23edd29de8563bf3	/workspace/rst/cache_4_5/library/rentrez/1.2.4/e5ace09ca0264abc23edd29de8563bf3/rentrez	available
4.5.2	renv	1.2.4	2026-08-05T06:21:01Z	e1c6cc6ea7b612705020121f7552d952	/workspace/rst/cache_4_5/library/renv/1.2.4/e1c6cc6ea7b612705020121f7552d952/renv	available
4.5.2	repmis	0.5.1	2026-08-26T19:23:36Z	62b5ea9872b0923cafcfc59dd348ae57	/workspace/rst/cache_4_5/library/repmis/0.5.1/62b5ea9872b0923cafcfc59dd348ae57/repmis	available
4.5.2	report	0.6.4	2026-05-06T06:24:33Z	5624a41836991a4d8a0c475101fa1d7a	/workspace/rst/cache_4_5/library/report/0.6.4/5624a41836991a4d8a0c475101fa1d7a/report	available
4.5.2	repr	1.1.7	2025-06-03T20:00:39Z	afce6659ae48a75fa5a2465c62b0a981	/workspace/rst/cache_4_5/library/repr/1.1.7/afce6659ae48a75fa5a2465c62b0a981/repr	available
4.5.2	reprex	2.1.1	2025-06-04T04:56:24Z	6bda060486f0b4111cde9123e9c464c1	/workspace/rst/cache_4_5/library/reprex/2.1.1/6bda060486f0b4111cde9123e9c464c1/reprex	available
4.5.2	reproj	0.8.0	2026-07-12T06:11:22Z	7d7332755d8b61a086c0b02edcadb10d	/workspace/rst/cache_4_5/library/reproj/0.8.0/7d7332755d8b61a086c0b02edcadb10d/reproj	available
4.5.2	repurrrsive	1.1.0	2025-09-01T05:51:23Z	dc39fa8bb17acf8d9f967834217e7f6a	/workspace/rst/cache_4_5/library/repurrrsive/1.1.0/dc39fa8bb17acf8d9f967834217e7f6a/repurrrsive	available
4.5.2	reshape	0.8.9	2025-06-03T23:47:43Z	92f7479a198635efd7788078a19b379c	/workspace/rst/cache_4_5/library/reshape/0.8.9/92f7479a198635efd7788078a19b379c/reshape	available
4.5.2	reshape2	1.4.5	2026-02-24T15:26:22Z	744f34578ddb55e1385e88a4aa71c544	/workspace/rst/cache_4_5/library/reshape2/1.4.5/744f34578ddb55e1385e88a4aa71c544/reshape2	available
4.5.2	restfulr	0.0.17	2026-06-13T06:15:46Z	ea4d18db6f02f9e6410c005f1615f9eb	/workspace/rst/cache_4_5/library/restfulr/0.0.17/ea4d18db6f02f9e6410c005f1615f9eb/restfulr	available
4.5.2	restriktor	0.6.50	2026-06-13T06:15:46Z	8c90df0f78d94345d1123771d491996a	/workspace/rst/cache_4_5/library/restriktor/0.6-50/8c90df0f78d94345d1123771d491996a/restriktor	available
4.5.2	reticulate	1.47.0	2026-09-05T06:19:46Z	eaa67a50c9bd71a4c59ccf101bea46f4	/workspace/rst/cache_4_5/library/reticulate/1.47.0/eaa67a50c9bd71a4c59ccf101bea46f4/reticulate	available
4.5.2	revdbayes	1.5.7	2026-03-27T06:15:09Z	a69ed3595b6ab383c52c932efbce266c	/workspace/rst/cache_4_5/library/revdbayes/1.5.7/a69ed3595b6ab383c52c932efbce266c/revdbayes	available
4.5.2	rex	1.2.2	2026-03-31T06:24:18Z	8023e00b0c5b092702c085f5036da844	/workspace/rst/cache_4_5/library/rex/1.2.2/8023e00b0c5b092702c085f5036da844/rex	available
4.5.2	rgenoud	5.9.0.11	2025-06-04T04:57:22Z	d28e82a0d947e0fe4557fc29d32ca25b	/workspace/rst/cache_4_5/library/rgenoud/5.9-0.11/d28e82a0d947e0fe4557fc29d32ca25b/rgenoud	available
4.5.2	rgeoda	0.1.1	2026-02-21T07:01:19Z	fb819e0022c77bc3b7a6e89efba1aac5	/workspace/rst/cache_4_5/library/rgeoda/0.1.1/fb819e0022c77bc3b7a6e89efba1aac5/rgeoda	available
4.5.2	rgl	1.3.36	2026-03-08T07:11:11Z	c6fa0ddee1e9a11a3571e6d3cb27cb3c	/workspace/rst/cache_4_5/library/rgl/1.3.36/c6fa0ddee1e9a11a3571e6d3cb27cb3c/rgl	available
4.5.2	rhandsontable	0.3.8	2025-06-04T04:57:58Z	7be3a1a0e59de46f9db3a4127b2432ae	/workspace/rst/cache_4_5/library/rhandsontable/0.3.8/7be3a1a0e59de46f9db3a4127b2432ae/rhandsontable	available
4.5.2	rhdf5	2.54.1	2026-02-24T15:26:23Z	35c934fc2044055cf70413c3c9508598	/workspace/rst/cache_4_5/library/rhdf5/2.54.1/35c934fc2044055cf70413c3c9508598/rhdf5	available
4.5.2	rhdf5filters	1.22.0	2026-02-24T15:26:23Z	43182f34a8d8adcde085d3b57e3cf995	/workspace/rst/cache_4_5/library/rhdf5filters/1.22.0/43182f34a8d8adcde085d3b57e3cf995/rhdf5filters	available
4.5.2	rhino	1.12.0	2026-06-12T06:17:05Z	9b0fb787ed8f1882940e649b7570a239	/workspace/rst/cache_4_5/library/rhino/1.12.0/9b0fb787ed8f1882940e649b7570a239/rhino	available
4.5.2	rhub	2.0.1	2025-06-04T04:58:17Z	a6494de8b42d1989ccfccd3c4e68d935	/workspace/rst/cache_4_5/library/rhub/2.0.1/a6494de8b42d1989ccfccd3c4e68d935/rhub	available
4.5.2	rio	1.3.0	2026-04-04T06:09:38Z	0fb5c907d41c82597dca9129e7c0441c	/workspace/rst/cache_4_5/library/rio/1.3.0/0fb5c907d41c82597dca9129e7c0441c/rio	available
4.5.2	riskRegression	2026.3.11	2026-03-14T06:11:18Z	cf68f7834946446801ac587f736655d3	/workspace/rst/cache_4_5/library/riskRegression/2026.03.11/cf68f7834946446801ac587f736655d3/riskRegression	available
4.5.2	rjags	4.17	2025-06-03T21:15:40Z	e1c35cca72b104e426f64af527799b64	/workspace/rst/cache_4_5/library/rjags/4-17/e1c35cca72b104e426f64af527799b64/rjags	available
4.5.2	rjson	0.2.23	2025-06-03T15:44:51Z	2aa2d4234793bc8c59b8c1b659c4c364	/workspace/rst/cache_4_5/library/rjson/0.2.23/2aa2d4234793bc8c59b8c1b659c4c364/rjson	available
4.5.2	rjsoncons	1.3.3	2026-06-05T06:07:21Z	7186143133d2f40e4e95f73598253ebb	/workspace/rst/cache_4_5/library/rjsoncons/1.3.3/7186143133d2f40e4e95f73598253ebb/rjsoncons	available
4.5.2	rlang	1.3.0	2026-07-07T06:20:37Z	c316e45a579188aba86f57a2960c62d6	/workspace/rst/cache_4_5/library/rlang/1.3.0/c316e45a579188aba86f57a2960c62d6/rlang	available
4.5.2	rle	0.10.0	2025-06-03T17:34:07Z	991e2ddfd322366cac27038034fd4520	/workspace/rst/cache_4_5/library/rle/0.10.0/991e2ddfd322366cac27038034fd4520/rle	available
4.5.2	rlecuyer	0.3.8	2025-06-04T04:59:12Z	fb99c13af9b6cc0b99bb8b08dcf0fb0b	/workspace/rst/cache_4_5/library/rlecuyer/0.3-8/fb99c13af9b6cc0b99bb8b08dcf0fb0b/rlecuyer	available
4.5.2	rlemon	0.2.1	2025-06-04T03:36:55Z	2cd77db4968eff4f5e319b848c265cd9	/workspace/rst/cache_4_5/library/rlemon/0.2.1/2cd77db4968eff4f5e319b848c265cd9/rlemon	available
4.5.2	rlist	0.4.6.2	2025-06-03T17:57:06Z	57715dfa9b6691313ee4ed9cf9956f54	/workspace/rst/cache_4_5/library/rlist/0.4.6.2/57715dfa9b6691313ee4ed9cf9956f54/rlist	available
4.5.2	rlme	0.5	2025-06-04T04:59:32Z	b0a2b17d84898264e9e9a0efd28c061e	/workspace/rst/cache_4_5/library/rlme/0.5/b0a2b17d84898264e9e9a0efd28c061e/rlme	available
4.5.2	rly	1.7.8	2026-01-16T07:08:02Z	100bcfd366492c443edc49189e79ca23	/workspace/rst/cache_4_5/library/rly/1.7.8/100bcfd366492c443edc49189e79ca23/rly	available
4.5.2	rmapshaper	0.6.1	2026-05-11T06:18:39Z	ce69c925634862999d3620bd52bc686d	/workspace/rst/cache_4_5/library/rmapshaper/0.6.1/ce69c925634862999d3620bd52bc686d/rmapshaper	available
4.5.2	rmarkdown	2.32	2026-09-03T06:23:22Z	6e000a5854cc7e27310782782138d6e7	/workspace/rst/cache_4_5/library/rmarkdown/2.32/6e000a5854cc7e27310782782138d6e7/rmarkdown	available
4.5.2	rmatio	0.19.0	2025-06-04T05:00:10Z	f6c7ceb0f658dc86216bc6504c05276d	/workspace/rst/cache_4_5/library/rmatio/0.19.0/f6c7ceb0f658dc86216bc6504c05276d/rmatio	available
4.5.2	rmcorr	0.7.0	2025-06-04T05:00:29Z	f9eaacfbc7379568a224987796f1a7c4	/workspace/rst/cache_4_5/library/rmcorr/0.7.0/f9eaacfbc7379568a224987796f1a7c4/rmcorr	available
4.5.2	rmeta	3.0	2025-06-04T05:00:46Z	65f7a0d8e4efdd5d2f30bd07e66a97d4	/workspace/rst/cache_4_5/library/rmeta/3.0/65f7a0d8e4efdd5d2f30bd07e66a97d4/rmeta	available
4.5.2	rmio	0.4.0	2025-06-04T00:40:09Z	1949742d69533ce4203159184dae9daf	/workspace/rst/cache_4_5/library/rmio/0.4.0/1949742d69533ce4203159184dae9daf/rmio	available
4.5.2	rms	8.1.1	2026-02-20T07:12:12Z	27dab3bd5a979a757f2cdb7109877661	/workspace/rst/cache_4_5/library/rms/8.1-1/27dab3bd5a979a757f2cdb7109877661/rms	available
4.5.2	rmsb	1.1.2	2025-06-04T05:07:14Z	2a2271a3a6288443f1d101644cfc794f	/workspace/rst/cache_4_5/library/rmsb/1.1-2/2a2271a3a6288443f1d101644cfc794f/rmsb	available
4.5.2	rmsfact	0.0.4	2026-09-13T06:54:45Z	5b9613ae17416239fab9d99113c9ed0b	/workspace/rst/cache_4_5/library/rmsfact/0.0.4/5b9613ae17416239fab9d99113c9ed0b/rmsfact	available
4.5.2	rmutil	1.1.10	2025-09-14T05:51:13Z	330ba4cb364326ec6ec9a09d3b3913b7	/workspace/rst/cache_4_5/library/rmutil/1.1.10/330ba4cb364326ec6ec9a09d3b3913b7/rmutil	available
4.5.2	rnaseqGene	1.34.0	2025-11-06T07:52:56Z	52535b16093a0d9d67537420247cd6e6	/workspace/rst/cache_4_5/library/rnaseqGene/1.34.0/52535b16093a0d9d67537420247cd6e6/rnaseqGene	available
4.5.2	rnaturalearth	1.1.0	2025-12-06T20:47:30Z	7322afabb3e7049d721c55215873aa0c	/workspace/rst/cache_4_5/library/rnaturalearth/1.1.0/7322afabb3e7049d721c55215873aa0c/rnaturalearth	available
4.5.2	rncl	0.8.9	2026-01-23T07:11:39Z	ece37ce736d99c36f16a6f08d6c76d92	/workspace/rst/cache_4_5/library/rncl/0.8.9/ece37ce736d99c36f16a6f08d6c76d92/rncl	available
4.5.2	rngWELL	0.10.10	2025-06-04T00:14:01Z	4662a6b917d231cbd5f38e60de463646	/workspace/rst/cache_4_5/library/rngWELL/0.10-10/4662a6b917d231cbd5f38e60de463646/rngWELL	available
4.5.2	rngtools	1.5.2	2025-06-03T17:48:27Z	18fa65e3e08c8b997b847114cdfed5e5	/workspace/rst/cache_4_5/library/rngtools/1.5.2/18fa65e3e08c8b997b847114cdfed5e5/rngtools	available
4.5.2	rnndescent	0.2.0	2026-05-28T06:17:31Z	e15ad20918cbd5aa03dc9538e04bdd95	/workspace/rst/cache_4_5/library/rnndescent/0.2.0/e15ad20918cbd5aa03dc9538e04bdd95/rnndescent	available
4.5.2	robmixglm	1.2.8	2026-07-04T06:15:17Z	116ca92a3b33088fb71bf6db7f48b225	/workspace/rst/cache_4_5/library/robmixglm/1.2-8/116ca92a3b33088fb71bf6db7f48b225/robmixglm	available
4.5.2	robumeta	2.1	2025-06-04T05:09:55Z	800af61f1f1fa6b662d9cd51ef11a6a7	/workspace/rst/cache_4_5/library/robumeta/2.1/800af61f1f1fa6b662d9cd51ef11a6a7/robumeta	available
4.5.2	robust	0.7.5	2025-06-04T05:10:13Z	8f7962d9dc74edc87fc76531f88fbc57	/workspace/rst/cache_4_5/library/robust/0.7-5/8f7962d9dc74edc87fc76531f88fbc57/robust	available
4.5.2	robustHD	0.8.4	2026-01-22T07:06:49Z	5fe060e0ac0ff328b87cb4c0d054ab1b	/workspace/rst/cache_4_5/library/robustHD/0.8.4/5fe060e0ac0ff328b87cb4c0d054ab1b/robustHD	available
4.5.2	robustbase	0.99.7	2026-02-07T07:04:39Z	6975cfb79cd2db936cb15ea16ffdfde2	/workspace/rst/cache_4_5/library/robustbase/0.99-7/6975cfb79cd2db936cb15ea16ffdfde2/robustbase	available
4.5.2	robustlmm	3.5.0.2	2026-08-01T06:52:06Z	7c91d0204b4939a7efd2d761ce795616	/workspace/rst/cache_4_5/library/robustlmm/3.5.0-2/7c91d0204b4939a7efd2d761ce795616/robustlmm	available
4.5.2	robustvarComp	0.1.7	2025-06-04T05:10:51Z	3c5e7a045e76a1b0ca7bf0e2f6009b2e	/workspace/rst/cache_4_5/library/robustvarComp/0.1-7/3c5e7a045e76a1b0ca7bf0e2f6009b2e/robustvarComp	available
4.5.2	robvis	0.3.1	2026-06-04T06:06:44Z	dfb0724b4b9e82cda4f7afdbe0492ac8	/workspace/rst/cache_4_5/library/robvis/0.3.1/dfb0724b4b9e82cda4f7afdbe0492ac8/robvis	available
4.5.2	rockchalk	1.8.164	2026-04-18T06:06:16Z	9b67183741778170c38bdb8f4b93649e	/workspace/rst/cache_4_5/library/rockchalk/1.8.164/9b67183741778170c38bdb8f4b93649e/rockchalk	available
4.5.2	rols	3.6.1	2025-12-17T07:00:07Z	46182c3860f4ca3cbb43ad27ee853235	/workspace/rst/cache_4_5/library/rols/3.6.1/46182c3860f4ca3cbb43ad27ee853235/rols	available
4.5.2	rootSolve	1.8.2.4	2025-06-03T15:44:55Z	350d4d5e416f42f753229ed93dd81279	/workspace/rst/cache_4_5/library/rootSolve/1.8.2.4/350d4d5e416f42f753229ed93dd81279/rootSolve	available
4.5.2	rospca	1.1.1	2025-09-25T05:49:41Z	651c7799576e32ccd44dad564356c779	/workspace/rst/cache_4_5/library/rospca/1.1.1/651c7799576e32ccd44dad564356c779/rospca	available
4.5.2	rotationForest	0.1.3	2025-06-04T05:11:53Z	877872d49019999a9e9888feea5671c4	/workspace/rst/cache_4_5/library/rotationForest/0.1.3/877872d49019999a9e9888feea5671c4/rotationForest	available
4.5.2	rotor	0.3.7	2025-07-25T05:46:52Z	6bc6a5472b0fbc06e9e730499d88380b	/workspace/rst/cache_4_5/library/rotor/0.3.7/6bc6a5472b0fbc06e9e730499d88380b/rotor	available
4.5.2	round	0.21.0.2	2025-06-04T05:12:11Z	5ff5478047cd36d1bc4f38df4188cfab	/workspace/rst/cache_4_5/library/round/0.21-0.2/5ff5478047cd36d1bc4f38df4188cfab/round	available
4.5.2	roxygen2	8.1.0	2026-08-06T06:17:31Z	e11aa6906d239d86bb007a268c2270fd	/workspace/rst/cache_4_5/library/roxygen2/8.1.0/e11aa6906d239d86bb007a268c2270fd/roxygen2	available
4.5.2	rpact	4.4.0	2026-07-04T06:15:18Z	2a81eadaf0b73f364353d1cd2d9be3e7	/workspace/rst/cache_4_5/library/rpact/4.4.0/2a81eadaf0b73f364353d1cd2d9be3e7/rpact	available
4.5.2	rpart	4.1.27	2026-03-29T06:07:07Z	d0924c4d866262dc2a7c51f3da4bdc12	/workspace/rst/cache_4_5/library/rpart/4.1.27/d0924c4d866262dc2a7c51f3da4bdc12/rpart	available
4.5.2	rpart.plot	3.1.5	2026-08-23T06:21:31Z	26591607f24e786ffd27dc96fc07a76f	/workspace/rst/cache_4_5/library/rpart.plot/3.1.5/26591607f24e786ffd27dc96fc07a76f/rpart.plot	available
4.5.2	rpf	1.0.15	2025-06-03T19:00:56Z	d3875e3f354d9e55279a5b744c2e6241	/workspace/rst/cache_4_5/library/rpf/1.0.15/d3875e3f354d9e55279a5b744c2e6241/rpf	available
4.5.2	rphylopic	1.7.0	2026-08-27T06:17:38Z	5ba39255cdbe6582329b70c52afdfcb8	/workspace/rst/cache_4_5/library/rphylopic/1.7.0/5ba39255cdbe6582329b70c52afdfcb8/rphylopic	available
4.5.2	rprojroot	2.1.1	2025-12-24T15:06:47Z	1ee02fd28cb577f062b1a82628d880d9	/workspace/rst/cache_4_5/library/rprojroot/2.1.1/1ee02fd28cb577f062b1a82628d880d9/rprojroot	available
4.5.2	rpx	2.18.0	2025-11-05T09:51:42Z	3dcfa18fb1cee9ffe7ab6bd1fe363fee	/workspace/rst/cache_4_5/library/rpx/2.18.0/3dcfa18fb1cee9ffe7ab6bd1fe363fee/rpx	available
4.5.2	rqdatatable	1.3.3	2025-06-04T05:12:55Z	d85efd2ba7bbd3b7516710c529a637eb	/workspace/rst/cache_4_5/library/rqdatatable/1.3.3/d85efd2ba7bbd3b7516710c529a637eb/rqdatatable	available
4.5.2	rquery	1.5.1	2026-09-10T06:20:30Z	c45c59dbb36e7426c0b90940b768b691	/workspace/rst/cache_4_5/library/rquery/1.5.1/c45c59dbb36e7426c0b90940b768b691/rquery	available
4.5.2	rr2	1.1.1	2025-06-04T05:13:14Z	3c269fb5995500ec879f60bed0bb6239	/workspace/rst/cache_4_5/library/rr2/1.1.1/3c269fb5995500ec879f60bed0bb6239/rr2	available
4.5.2	rrcov	1.7.7	2025-06-03T16:28:01Z	139347ca4c624cd8e1ad87933d083e99	/workspace/rst/cache_4_5/library/rrcov/1.7-7/139347ca4c624cd8e1ad87933d083e99/rrcov	available
4.5.2	rrvgo	1.22.0	2026-02-24T15:26:25Z	e8b52dccfd2f844e8e6cf6e99859435f	/workspace/rst/cache_4_5/library/rrvgo/1.22.0/e8b52dccfd2f844e8e6cf6e99859435f/rrvgo	available
4.5.2	rsae	0.3	2025-06-29T05:39:33Z	626e4958403d9a06e818a50edee7e5da	/workspace/rst/cache_4_5/library/rsae/0.3/626e4958403d9a06e818a50edee7e5da/rsae	available
4.5.2	rsample	1.3.2	2026-02-01T07:02:01Z	b5f641b213a788950cd13c5109ed9f6c	/workspace/rst/cache_4_5/library/rsample/1.3.2/b5f641b213a788950cd13c5109ed9f6c/rsample	available
4.5.2	rsconnect	1.8.0	2026-04-12T06:19:40Z	d722f530736cdc3490965ed8da32c1e6	/workspace/rst/cache_4_5/library/rsconnect/1.8.0/d722f530736cdc3490965ed8da32c1e6/rsconnect	available
4.5.2	rsm	2.10.6	2025-06-03T18:34:57Z	2cd515589e907366220aa31398939d4c	/workspace/rst/cache_4_5/library/rsm/2.10.6/2cd515589e907366220aa31398939d4c/rsm	available
4.5.2	rsolr	0.0.14	2026-05-29T06:17:50Z	c992e2a9a76af23ae6de3d971e5fe1dc	/workspace/rst/cache_4_5/library/rsolr/0.0.14/c992e2a9a76af23ae6de3d971e5fe1dc/rsolr	available
4.5.2	rsparse	0.5.3	2025-06-04T05:14:32Z	9c05f98d431fcb571ca29b9958f5369c	/workspace/rst/cache_4_5/library/rsparse/0.5.3/9c05f98d431fcb571ca29b9958f5369c/rsparse	available
4.5.2	rstan	2.32.7	2025-06-03T21:21:48Z	a92184962f8b3a3aabcbf3306ecd895b	/workspace/rst/cache_4_5/library/rstan/2.32.7/a92184962f8b3a3aabcbf3306ecd895b/rstan	available
4.5.2	rstanarm	2.32.2	2025-12-06T20:47:33Z	93859f37fedd980c2b6fcd464248d2c2	/workspace/rst/cache_4_5/library/rstanarm/2.32.2/93859f37fedd980c2b6fcd464248d2c2/rstanarm	available
4.5.2	rstantools	2.7.1	2026-08-31T06:23:17Z	7b57ae0c627d93b474e08580ff9bf37b	/workspace/rst/cache_4_5/library/rstantools/2.7.1/7b57ae0c627d93b474e08580ff9bf37b/rstantools	available
4.5.2	rstatix	1.1.0	2026-07-25T06:13:34Z	af0005cb98454f029b04ff190f1a1b08	/workspace/rst/cache_4_5/library/rstatix/1.1.0/af0005cb98454f029b04ff190f1a1b08/rstatix	available
4.5.2	rstpm2	1.7.1	2025-12-06T20:47:34Z	32611234c4b90af057f1f73dd97d2ea7	/workspace/rst/cache_4_5/library/rstpm2/1.7.1/32611234c4b90af057f1f73dd97d2ea7/rstpm2	available
4.5.2	rstudioapi	0.19.0	2026-06-13T06:15:47Z	902cd074d36970fd502537d71d17ff6a	/workspace/rst/cache_4_5/library/rstudioapi/0.19.0/902cd074d36970fd502537d71d17ff6a/rstudioapi	available
4.5.2	rsvd	1.0.5	2025-06-03T15:44:57Z	67dc9d7d3cd4b2441a5b3b908ac64c23	/workspace/rst/cache_4_5/library/rsvd/1.0.5/67dc9d7d3cd4b2441a5b3b908ac64c23/rsvd	available
4.5.2	rsvg	2.7.0	2025-12-06T20:47:34Z	43035e5c814580ee0a7231c527db4ec2	/workspace/rst/cache_4_5/library/rsvg/2.7.0/43035e5c814580ee0a7231c527db4ec2/rsvg	available
4.5.2	rsyslog	1.0.3	2025-09-13T05:52:04Z	a9e389581ad8176411cdaec3d6f2528f	/workspace/rst/cache_4_5/library/rsyslog/1.0.3/a9e389581ad8176411cdaec3d6f2528f/rsyslog	available
4.5.2	rtables	0.6.16	2026-06-04T06:06:45Z	48c01b5746dbc8914cae497cebf1a658	/workspace/rst/cache_4_5/library/rtables/0.6.16/48c01b5746dbc8914cae497cebf1a658/rtables	available
4.5.2	rtdists	0.12.0	2026-09-11T06:19:06Z	0cd527519d58ff8e796150e6300d0b56	/workspace/rst/cache_4_5/library/rtdists/0.12-0/0cd527519d58ff8e796150e6300d0b56/rtdists	available
4.5.2	rtf	0.4.15	2026-07-14T06:13:34Z	21596950067b7f4d39e04e8ab487c0d6	/workspace/rst/cache_4_5/library/rtf/0.4-15/21596950067b7f4d39e04e8ab487c0d6/rtf	available
4.5.2	rticles	0.27	2025-06-04T05:15:36Z	cef338ae845d413f87d8bccae50954c9	/workspace/rst/cache_4_5/library/rticles/0.27/cef338ae845d413f87d8bccae50954c9/rticles	available
4.5.2	rtracklayer	1.70.1	2026-02-24T15:26:27Z	977639077bdd6e4a5edf9656d825eecc	/workspace/rst/cache_4_5/library/rtracklayer/1.70.1/977639077bdd6e4a5edf9656d825eecc/rtracklayer	available
4.5.2	rucrdtw	0.1.7	2026-03-08T07:11:11Z	b8c37a45c987c090b189ae2c42a87e52	/workspace/rst/cache_4_5/library/rucrdtw/0.1.7/b8c37a45c987c090b189ae2c42a87e52/rucrdtw	available
4.5.2	rugarch	1.5.6	2026-07-21T06:18:56Z	a2b9fe11b0f4fb3cf4edc8596fa8028c	/workspace/rst/cache_4_5/library/rugarch/1.5-6/a2b9fe11b0f4fb3cf4edc8596fa8028c/rugarch	available
4.5.2	rules	1.0.3	2026-01-29T07:04:24Z	8693e9e76211736a687fec03fbe719c8	/workspace/rst/cache_4_5/library/rules/1.0.3/8693e9e76211736a687fec03fbe719c8/rules	available
4.5.2	rush	1.3.0	2026-09-03T06:23:22Z	a641511783866353c2e9b0916bbe1122	/workspace/rst/cache_4_5/library/rush/1.3.0/a641511783866353c2e9b0916bbe1122/rush	available
4.5.2	rust	1.4.4	2026-01-13T07:07:17Z	8908562614cdf15e83d15ecb78c112af	/workspace/rst/cache_4_5/library/rust/1.4.4/8908562614cdf15e83d15ecb78c112af/rust	available
4.5.2	rvcheck	0.2.1	2025-06-04T05:17:12Z	4a981a0bbb402aa540d80e736d6ca2ec	/workspace/rst/cache_4_5/library/rvcheck/0.2.1/4a981a0bbb402aa540d80e736d6ca2ec/rvcheck	available
4.5.2	rversions	3.0.0	2025-12-24T15:06:48Z	a7d2f730cdcbde9cf61196ef8ab94b37	/workspace/rst/cache_4_5/library/rversions/3.0.0/a7d2f730cdcbde9cf61196ef8ab94b37/rversions	available
4.5.2	rvest	1.0.5	2025-12-24T15:06:48Z	90500b85d060c8fe614cfef57b774e17	/workspace/rst/cache_4_5/library/rvest/1.0.5/90500b85d060c8fe614cfef57b774e17/rvest	available
4.5.2	rvg	0.4.2	2026-04-27T06:11:34Z	4186d6c7f448164a2cb651b3ef92f4af	/workspace/rst/cache_4_5/library/rvg/0.4.2/4186d6c7f448164a2cb651b3ef92f4af/rvg	available
4.5.2	rworkflows	1.0.12	2026-08-27T06:17:39Z	86ac82c293ff988028185746a4732e6d	/workspace/rst/cache_4_5/library/rworkflows/1.0.12/86ac82c293ff988028185746a4732e6d/rworkflows	available
4.5.2	rworldmap	1.3.8	2025-06-03T19:11:57Z	0c155cf39e95f07599651dc3cd66e7d6	/workspace/rst/cache_4_5/library/rworldmap/1.3-8/0c155cf39e95f07599651dc3cd66e7d6/rworldmap	available
4.5.2	s2	1.1.9	2025-06-03T15:44:58Z	50375e422cba4dbac5a7b802067b8db5	/workspace/rst/cache_4_5/library/s2/1.1.9/50375e422cba4dbac5a7b802067b8db5/s2	available
4.5.2	saber	0.7.2	2026-06-27T06:13:46Z	b923922d5fc46f59f088110882b32743	/workspace/rst/cache_4_5/library/saber/0.7.2/b923922d5fc46f59f088110882b32743/saber	available
4.5.2	safe	3.50.0	2025-11-05T09:51:43Z	e532120caaa526d47704839ad7fa1a2e	/workspace/rst/cache_4_5/library/safe/3.50.0/e532120caaa526d47704839ad7fa1a2e/safe	available
4.5.2	safer	0.2.3	2026-08-31T06:23:17Z	be120678b20a73664274cf2ff3f67bdd	/workspace/rst/cache_4_5/library/safer/0.2.3/be120678b20a73664274cf2ff3f67bdd/safer	available
4.5.2	safetensors	0.3.0	2026-08-23T06:21:32Z	75526ab35cb286a37e996828d0b00251	/workspace/rst/cache_4_5/library/safetensors/0.3.0/75526ab35cb286a37e996828d0b00251/safetensors	available
4.5.2	sampleSelection	1.2.14	2026-01-22T07:06:50Z	ba3db13f2865b00872fb0592b597d1b2	/workspace/rst/cache_4_5/library/sampleSelection/1.2-14/ba3db13f2865b00872fb0592b597d1b2/sampleSelection	available
4.5.2	sampling	2.11	2025-12-06T20:47:36Z	583524a0330648c6775fb46afb44b1ae	/workspace/rst/cache_4_5/library/sampling/2.11/583524a0330648c6775fb46afb44b1ae/sampling	available
4.5.2	samr	3.0.1	2026-04-12T06:19:41Z	8a084d3bd655ff45cfefdfb04401b1af	/workspace/rst/cache_4_5/library/samr/3.0.1/8a084d3bd655ff45cfefdfb04401b1af/samr	available
4.5.2	sandwich	3.1.3	2026-08-05T06:21:01Z	991d4fbac02cfbe6fe4159039623891b	/workspace/rst/cache_4_5/library/sandwich/3.1-3/991d4fbac02cfbe6fe4159039623891b/sandwich	available
4.5.2	sangerseqR	1.46.0	2025-11-05T09:51:43Z	f0b68bd2f225521d8a3a38a9538b77f0	/workspace/rst/cache_4_5/library/sangerseqR/1.46.0/f0b68bd2f225521d8a3a38a9538b77f0/sangerseqR	available
4.5.2	sasr	0.1.5	2025-06-04T05:19:34Z	a812da77705d28e01f6d574957d3ac1b	/workspace/rst/cache_4_5/library/sasr/0.1.5/a812da77705d28e01f6d574957d3ac1b/sasr	available
4.5.2	sass	0.4.10	2025-06-03T15:44:59Z	e338f25dc8e5d0ff7a2a78d5972d3436	/workspace/rst/cache_4_5/library/sass/0.4.10/e338f25dc8e5d0ff7a2a78d5972d3436/sass	available
4.5.2	satellite	1.0.6	2025-12-06T20:47:36Z	4ce2c4a94ea95dab69b1ea3ffe327c77	/workspace/rst/cache_4_5/library/satellite/1.0.6/4ce2c4a94ea95dab69b1ea3ffe327c77/satellite	available
4.5.2	sbw	1.2	2025-12-06T20:47:37Z	cdda08cf8177cc24c92280c1931d195e	/workspace/rst/cache_4_5/library/sbw/1.2/cdda08cf8177cc24c92280c1931d195e/sbw	available
4.5.2	scRNAseq	2.24.0	2025-11-06T07:52:57Z	4ef454140ce52161ac65a645640a105b	/workspace/rst/cache_4_5/library/scRNAseq/2.24.0/4ef454140ce52161ac65a645640a105b/scRNAseq	available
4.5.2	scagnostics	0.2.6	2025-07-20T05:46:50Z	9d6cbcf276a6c768ab1e05df6ea97e70	/workspace/rst/cache_4_5/library/scagnostics/0.2-6/9d6cbcf276a6c768ab1e05df6ea97e70/scagnostics	available
4.5.2	scales	1.4.0	2025-06-03T15:44:59Z	46ca5c86f61132048f983146a3498460	/workspace/rst/cache_4_5/library/scales/1.4.0/46ca5c86f61132048f983146a3498460/scales	available
4.5.2	scalreg	1.0.1	2026-02-02T07:02:06Z	366870251164300cd321fb546f9e9b80	/workspace/rst/cache_4_5/library/scalreg/1.0.1/366870251164300cd321fb546f9e9b80/scalreg	available
4.5.2	scam	1.2.22	2026-03-14T06:11:18Z	fcadd41427ba4e9a0df95489faef19af	/workspace/rst/cache_4_5/library/scam/1.2-22/fcadd41427ba4e9a0df95489faef19af/scam	available
4.5.2	scater	1.38.1	2026-04-23T16:48:45Z	929a92990bb27f19395deed630260acf	/workspace/rst/cache_4_5/library/scater/1.38.1/929a92990bb27f19395deed630260acf/scater	available
4.5.2	scattermore	1.2	2025-06-03T15:44:59Z	f62c6e205f61ca8eec55b7b457be84d0	/workspace/rst/cache_4_5/library/scattermore/1.2/f62c6e205f61ca8eec55b7b457be84d0/scattermore	available
4.5.2	scatterpie	0.2.6	2025-12-06T20:47:37Z	8b5a10a6d687b0a9fb6cf109ce1cb71c	/workspace/rst/cache_4_5/library/scatterpie/0.2.6/8b5a10a6d687b0a9fb6cf109ce1cb71c/scatterpie	available
4.5.2	scatterplot3d	0.3.45	2026-02-25T07:06:51Z	7e1be8ad67c52d6dd4693f6d5e9c1d8a	/workspace/rst/cache_4_5/library/scatterplot3d/0.3-45/7e1be8ad67c52d6dd4693f6d5e9c1d8a/scatterplot3d	available
4.5.2	scds	1.26.1	2026-02-11T07:02:14Z	40c1afbcd445371c62dc115daf67696d	/workspace/rst/cache_4_5/library/scds/1.26.1/40c1afbcd445371c62dc115daf67696d/scds	available
4.5.2	sceasy	0.0.7	2025-06-08T05:40:29Z	548dbd907b49cd64663ea316652023b8	/workspace/rst/cache_4_5/library/sceasy/0.0.7/548dbd907b49cd64663ea316652023b8/sceasy	available
4.5.2	scholar	1.0.0	2026-07-09T06:10:25Z	bdce66017a7b8e649336c4325c234d51	/workspace/rst/cache_4_5/library/scholar/1.0.0/bdce66017a7b8e649336c4325c234d51/scholar	available
4.5.2	scico	1.5.0	2025-06-04T05:21:53Z	757e4f8137aa4d979e306f4b390d184f	/workspace/rst/cache_4_5/library/scico/1.5.0/757e4f8137aa4d979e306f4b390d184f/scico	available
4.5.2	scoringRules	1.1.3	2025-06-04T01:05:28Z	78f5beb9e63ae922f6ae4b9aa6372aa5	/workspace/rst/cache_4_5/library/scoringRules/1.1.3/78f5beb9e63ae922f6ae4b9aa6372aa5/scoringRules	available
4.5.2	scran	1.38.1	2026-03-01T07:09:02Z	a5af1d99efb5b34f6bd880b8a1cdb648	/workspace/rst/cache_4_5/library/scran/1.38.1/a5af1d99efb5b34f6bd880b8a1cdb648/scran	available
4.5.2	scrapper	1.4.0	2025-11-05T09:51:45Z	625c56e220892e0b00f6937fa80a440e	/workspace/rst/cache_4_5/library/scrapper/1.4.0/625c56e220892e0b00f6937fa80a440e/scrapper	available
4.5.2	scrutiny	0.6.1	2026-05-30T06:11:30Z	3febd76cf977a322411f6bc98f89e08d	/workspace/rst/cache_4_5/library/scrutiny/0.6.1/3febd76cf977a322411f6bc98f89e08d/scrutiny	available
4.5.2	scs	3.2.7	2025-06-03T17:46:13Z	09e4250be0316be55d255eefaa484997	/workspace/rst/cache_4_5/library/scs/3.2.7/09e4250be0316be55d255eefaa484997/scs	available
4.5.2	sctransform	0.4.3	2026-01-12T06:56:15Z	2bb167dcc6262933953528bb6e2fe321	/workspace/rst/cache_4_5/library/sctransform/0.4.3/2bb167dcc6262933953528bb6e2fe321/sctransform	available
4.5.2	scuttle	1.20.0	2026-02-24T15:26:28Z	93566b250533f1517ccc37c167ff6646	/workspace/rst/cache_4_5/library/scuttle/1.20.0/93566b250533f1517ccc37c167ff6646/scuttle	available
4.5.2	sda	1.3.9	2025-06-04T05:23:47Z	3d3f4fcbb544c126c8cd964ccc212edb	/workspace/rst/cache_4_5/library/sda/1.3.9/3d3f4fcbb544c126c8cd964ccc212edb/sda	available
4.5.2	sde	2.0.21	2025-12-24T07:05:37Z	7b99da676c9b39b88a04da3b9ef9e9cb	/workspace/rst/cache_4_5/library/sde/2.0.21/7b99da676c9b39b88a04da3b9ef9e9cb/sde	available
4.5.2	sdmTMB	1.1.0	2026-07-05T06:12:14Z	a655b0966d5520c1a1f22f0c8e172bea	/workspace/rst/cache_4_5/library/sdmTMB/1.1.0/a655b0966d5520c1a1f22f0c8e172bea/sdmTMB	available
4.5.2	seasonal	1.11.0	2026-09-16T06:21:44Z	ee229ece58edae8312fd984ce6189961	/workspace/rst/cache_4_5/library/seasonal/1.11.0/ee229ece58edae8312fd984ce6189961/seasonal	available
4.5.2	seasonalview	1.0.0	2025-06-04T05:24:46Z	20139257f92e8a0203ea293bfd8cd200	/workspace/rst/cache_4_5/library/seasonalview/1.0.0/20139257f92e8a0203ea293bfd8cd200/seasonalview	available
4.5.2	secretbase	1.3.1	2026-09-27T06:18:21Z	e5604fabe52c7c3196c7d52f62ba8c6f	/workspace/rst/cache_4_5/library/secretbase/1.3.1/e5604fabe52c7c3196c7d52f62ba8c6f/secretbase	available
4.5.2	see	0.14.2	2026-09-03T06:23:23Z	9904a34346b023c85a37dab068a2a790	/workspace/rst/cache_4_5/library/see/0.14.2/9904a34346b023c85a37dab068a2a790/see	available
4.5.2	segmented	2.2.2	2026-09-13T06:54:45Z	49785a560b29c362ce9c5e2024e3574b	/workspace/rst/cache_4_5/library/segmented/2.2-2/49785a560b29c362ce9c5e2024e3574b/segmented	available
4.5.2	selectr	0.7.0	2026-09-19T06:19:56Z	ec5ccbfe8c3ec2e27a977a6f750834a8	/workspace/rst/cache_4_5/library/selectr/0.7-0/ec5ccbfe8c3ec2e27a977a6f750834a8/selectr	available
4.5.2	sem	3.1.16	2025-06-03T19:00:56Z	df46caa2fba69db2c544258941468e34	/workspace/rst/cache_4_5/library/sem/3.1-16/df46caa2fba69db2c544258941468e34/sem	available
4.5.2	semEff	0.7.2	2025-06-04T05:25:26Z	38a10ba280e72bae41743c5c4c49c82d	/workspace/rst/cache_4_5/library/semEff/0.7.2/38a10ba280e72bae41743c5c4c49c82d/semEff	available
4.5.2	semPlot	1.2.0	2026-07-21T06:18:56Z	c22b2ce3aa27a636e6cd24708bad6bf9	/workspace/rst/cache_4_5/library/semPlot/1.2.0/c22b2ce3aa27a636e6cd24708bad6bf9/semPlot	available
4.5.2	semTools	0.5.9	2026-07-15T06:13:04Z	94894dcb03972253fbb0d8690338e6a6	/workspace/rst/cache_4_5/library/semTools/0.5-9/94894dcb03972253fbb0d8690338e6a6/semTools	available
4.5.2	seminr	2.5.0	2026-07-21T06:18:56Z	3c2d7b5ec55b7ace439fb890ff32a140	/workspace/rst/cache_4_5/library/seminr/2.5.0/3c2d7b5ec55b7ace439fb890ff32a140/seminr	available
4.5.2	sendmailR	1.4.1	2026-04-14T06:13:07Z	737799cbd4f02c9ecbaf313de5129bc1	/workspace/rst/cache_4_5/library/sendmailR/1.4-1/737799cbd4f02c9ecbaf313de5129bc1/sendmailR	available
4.5.2	seqLogo	1.76.0	2025-11-05T09:51:45Z	256955e1de2a199672023ddfef853f16	/workspace/rst/cache_4_5/library/seqLogo/1.76.0/256955e1de2a199672023ddfef853f16/seqLogo	available
4.5.2	seqinr	4.2.44	2026-04-29T06:05:15Z	dc52e8da7fe97e51ac4d2315316016d5	/workspace/rst/cache_4_5/library/seqinr/4.2-44/dc52e8da7fe97e51ac4d2315316016d5/seqinr	available
4.5.2	seriation	1.5.8	2025-12-06T20:47:38Z	3d379ca084db6e844743c9b5c31ab77d	/workspace/rst/cache_4_5/library/seriation/1.5.8/3d379ca084db6e844743c9b5c31ab77d/seriation	available
4.5.2	serp	0.2.5	2025-06-04T05:25:44Z	db1cfe81297e77644ac5090a9693c14c	/workspace/rst/cache_4_5/library/serp/0.2.5/db1cfe81297e77644ac5090a9693c14c/serp	available
4.5.2	servr	0.33	2026-06-18T06:08:17Z	f76f28466625ae56a9a9329d8035e14f	/workspace/rst/cache_4_5/library/servr/0.33/f76f28466625ae56a9a9329d8035e14f/servr	available
4.5.2	sesame	1.28.1	2025-11-29T07:06:21Z	36cde7f22d17f61266456cf7d2054205	/workspace/rst/cache_4_5/library/sesame/1.28.1/36cde7f22d17f61266456cf7d2054205/sesame	available
4.5.2	sesameData	1.28.0	2025-11-06T07:52:58Z	dbdb7f41d2dadda00ad4ac3d35a11f13	/workspace/rst/cache_4_5/library/sesameData/1.28.0/dbdb7f41d2dadda00ad4ac3d35a11f13/sesameData	available
4.5.2	sessioninfo	1.2.4	2026-06-06T06:10:58Z	06d862642142a4c915ee8fb921373369	/workspace/rst/cache_4_5/library/sessioninfo/1.2.4/06d862642142a4c915ee8fb921373369/sessioninfo	available
4.5.2	setRNG	2024.2.1	2025-06-04T05:26:02Z	b8592ba1cb8df968e8c206d5ceb6681c	/workspace/rst/cache_4_5/library/setRNG/2024.2-1/b8592ba1cb8df968e8c206d5ceb6681c/setRNG	available
4.5.2	sets	1.0.25	2025-06-03T18:33:39Z	9b2fdd4985936f0fba07ced90dce97bd	/workspace/rst/cache_4_5/library/sets/1.0-25/9b2fdd4985936f0fba07ced90dce97bd/sets	available
4.5.2	settings	0.2.7	2026-09-04T06:18:47Z	23bc7e4df18afbe57853059fbcd2d0d8	/workspace/rst/cache_4_5/library/settings/0.2.7/23bc7e4df18afbe57853059fbcd2d0d8/settings	available
4.5.2	sf	1.1.3	2026-09-13T06:54:46Z	59b1c2eb0f3d3b050d348d8cd3cbe9bd	/workspace/rst/cache_4_5/library/sf/1.1-3/59b1c2eb0f3d3b050d348d8cd3cbe9bd/sf	available
4.5.2	sfd	0.1.0	2025-06-04T00:51:33Z	8c4374512ffec07d4227993a9ee308ff	/workspace/rst/cache_4_5/library/sfd/0.1.0/8c4374512ffec07d4227993a9ee308ff/sfd	available
4.5.2	sfheaders	0.4.5	2025-12-06T20:47:39Z	1b4685e8efced130e21fd88fb39f2c02	/workspace/rst/cache_4_5/library/sfheaders/0.4.5/1b4685e8efced130e21fd88fb39f2c02/sfheaders	available
4.5.2	sfnetworks	0.6.6	2026-05-16T06:12:39Z	11d4d80c76ce5d5324adcfc00da07123	/workspace/rst/cache_4_5/library/sfnetworks/0.6.6/11d4d80c76ce5d5324adcfc00da07123/sfnetworks	available
4.5.2	sfsmisc	1.1.26	2026-09-22T06:19:23Z	815f276391dea8b61e9b3904483c47b6	/workspace/rst/cache_4_5/library/sfsmisc/1.1-26/815f276391dea8b61e9b3904483c47b6/sfsmisc	available
4.5.2	sftime	0.3.2	2026-05-11T06:18:39Z	f7ed6f57e63f1e81898ec85edd487815	/workspace/rst/cache_4_5/library/sftime/0.3.2/f7ed6f57e63f1e81898ec85edd487815/sftime	available
4.5.2	sftrack	0.5.5	2026-05-19T06:14:39Z	0d7d65c9267bed75c2d5a80e2bea21e0	/workspace/rst/cache_4_5/library/sftrack/0.5.5/0d7d65c9267bed75c2d5a80e2bea21e0/sftrack	available
4.5.2	sgeostat	1.0.27	2025-06-04T00:05:40Z	f199412111f63b5ccd072724729d117b	/workspace/rst/cache_4_5/library/sgeostat/1.0-27/f199412111f63b5ccd072724729d117b/sgeostat	available
4.5.2	shades	1.5.0	2026-07-04T06:15:18Z	19044db9e68c8fb52c8a7fa2a9434d6b	/workspace/rst/cache_4_5/library/shades/1.5.0/19044db9e68c8fb52c8a7fa2a9434d6b/shades	available
4.5.2	shadowtext	0.1.6	2025-12-06T20:47:40Z	7aeee07f0319a27a6dfce66628128c4e	/workspace/rst/cache_4_5/library/shadowtext/0.1.6/7aeee07f0319a27a6dfce66628128c4e/shadowtext	available
4.5.2	shape	1.4.6.1	2025-06-03T16:31:13Z	99426529aa2b6ad01372b4e9359cd44b	/workspace/rst/cache_4_5/library/shape/1.4.6.1/99426529aa2b6ad01372b4e9359cd44b/shape	available
4.5.2	shapefiles	0.7.2	2025-06-03T17:18:21Z	2094bb69203c1a1dee929361f43bd97c	/workspace/rst/cache_4_5/library/shapefiles/0.7.2/2094bb69203c1a1dee929361f43bd97c/shapefiles	available
4.5.2	shapviz	0.10.4	2026-09-02T06:21:48Z	2ae84c59fe2aedd1c7b2d3594d2b05b4	/workspace/rst/cache_4_5/library/shapviz/0.10.4/2ae84c59fe2aedd1c7b2d3594d2b05b4/shapviz	available
4.5.2	shiny	1.14.0	2026-06-23T06:17:34Z	a6dabe2f41c99d630f89f73f8e85332f	/workspace/rst/cache_4_5/library/shiny/1.14.0/a6dabe2f41c99d630f89f73f8e85332f/shiny	available
4.5.2	shiny.react	0.4.0	2026-06-12T06:17:05Z	8c6da3e51537e842036190b8b9591ec0	/workspace/rst/cache_4_5/library/shiny.react/0.4.0/8c6da3e51537e842036190b8b9591ec0/shiny.react	available
4.5.2	shinyAce	0.4.4	2025-06-04T05:27:02Z	f765022e4722b71b63bf8e1a7ad66fb3	/workspace/rst/cache_4_5/library/shinyAce/0.4.4/f765022e4722b71b63bf8e1a7ad66fb3/shinyAce	available
4.5.2	shinyBS	0.65.0	2026-03-20T06:05:34Z	c5be1007e600c21f07ab0df785512116	/workspace/rst/cache_4_5/library/shinyBS/0.65.0/c5be1007e600c21f07ab0df785512116/shinyBS	available
4.5.2	shinyEffects	0.2.0	2025-06-04T05:27:24Z	da7be6d38bd2816db194d91d716d6a29	/workspace/rst/cache_4_5/library/shinyEffects/0.2.0/da7be6d38bd2816db194d91d716d6a29/shinyEffects	available
4.5.2	shinyFiles	0.9.3	2025-06-04T05:18:40Z	3c10d96a623b1ab656db59088bf7c310	/workspace/rst/cache_4_5/library/shinyFiles/0.9.3/3c10d96a623b1ab656db59088bf7c310/shinyFiles	available
4.5.2	shinyWidgets	0.9.1	2026-03-11T06:11:00Z	d9576ba770840f20a79044874920f6e3	/workspace/rst/cache_4_5/library/shinyWidgets/0.9.1/d9576ba770840f20a79044874920f6e3/shinyWidgets	available
4.5.2	shinybmt	0.0.0.9000	2025-06-04T14:17:29Z	3477097f823253aa7a64573adcf4d715	/workspace/rst/cache_4_5/library/shinybmt/0.0.0.9000/3477097f823253aa7a64573adcf4d715/shinybmt	available
4.5.2	shinybusy	0.3.3	2025-06-04T05:28:06Z	cdff88ced98ded624aeced79e60b22e5	/workspace/rst/cache_4_5/library/shinybusy/0.3.3/cdff88ced98ded624aeced79e60b22e5/shinybusy	available
4.5.2	shinychat	0.5.0	2026-09-11T06:19:07Z	322e454b19b815b74f5bb87b99062fec	/workspace/rst/cache_4_5/library/shinychat/0.5.0/322e454b19b815b74f5bb87b99062fec/shinychat	available
4.5.2	shinycustomloader	0.9.0	2025-06-04T05:28:26Z	3bbda8f627fab21bb7e99a9ae070eaca	/workspace/rst/cache_4_5/library/shinycustomloader/0.9.0/3bbda8f627fab21bb7e99a9ae070eaca/shinycustomloader	available
4.5.2	shinydashboard	0.7.3	2025-06-03T16:26:46Z	1dd19ee3ed54e837aa64476372b88a4f	/workspace/rst/cache_4_5/library/shinydashboard/0.7.3/1dd19ee3ed54e837aa64476372b88a4f/shinydashboard	available
4.5.2	shinydashboardPlus	2.0.6	2025-12-06T20:47:42Z	5694934541819dead44a1c31ccc4ffa4	/workspace/rst/cache_4_5/library/shinydashboardPlus/2.0.6/5694934541819dead44a1c31ccc4ffa4/shinydashboardPlus	available
4.5.2	shinydisconnect	0.1.1	2026-01-17T07:09:49Z	e924d9bdaae42470e694e37b3c8cff5f	/workspace/rst/cache_4_5/library/shinydisconnect/0.1.1/e924d9bdaae42470e694e37b3c8cff5f/shinydisconnect	available
4.5.2	shinyjqui	0.4.1	2025-06-03T19:38:38Z	f44d323b5cabed5058543d315582a41e	/workspace/rst/cache_4_5/library/shinyjqui/0.4.1/f44d323b5cabed5058543d315582a41e/shinyjqui	available
4.5.2	shinyjs	2.1.1	2026-01-17T07:09:49Z	e7de246c1f5058c8ed1a9397ddd0d46e	/workspace/rst/cache_4_5/library/shinyjs/2.1.1/e7de246c1f5058c8ed1a9397ddd0d46e/shinyjs	available
4.5.2	shinystan	2.6.0	2025-06-04T05:14:54Z	ec8d76a15c8d3e0497d009e3669ee935	/workspace/rst/cache_4_5/library/shinystan/2.6.0/ec8d76a15c8d3e0497d009e3669ee935/shinystan	available
4.5.2	shinytest	1.6.1	2026-01-11T06:55:03Z	6d579cb5567d3a13b3cf943b3f79919c	/workspace/rst/cache_4_5/library/shinytest/1.6.1/6d579cb5567d3a13b3cf943b3f79919c/shinytest	available
4.5.2	shinytest2	0.5.1	2026-02-27T07:05:01Z	09b0a6ac7aae25d04a196d83cf388e15	/workspace/rst/cache_4_5/library/shinytest2/0.5.1/09b0a6ac7aae25d04a196d83cf388e15/shinytest2	available
4.5.2	shinythemes	1.2.0	2025-06-04T05:14:55Z	35496fb99f124d8eb9b4c96aab67d13e	/workspace/rst/cache_4_5/library/shinythemes/1.2.0/35496fb99f124d8eb9b4c96aab67d13e/shinythemes	available
4.5.2	shinyvalidate	0.1.3	2026-01-11T06:55:04Z	f66f22c1467ee79f23fb85ba3e4af7fa	/workspace/rst/cache_4_5/library/shinyvalidate/0.1.3/f66f22c1467ee79f23fb85ba3e4af7fa/shinyvalidate	available
4.5.2	showimage	1.0.0	2025-06-04T05:29:08Z	43e196a34aaebf953e07b849bd2039dd	/workspace/rst/cache_4_5/library/showimage/1.0.0/43e196a34aaebf953e07b849bd2039dd/showimage	available
4.5.2	showtext	0.9.8	2026-03-23T06:10:18Z	c41f434118fef225a650e4e6c0724e15	/workspace/rst/cache_4_5/library/showtext/0.9-8/c41f434118fef225a650e4e6c0724e15/showtext	available
4.5.2	showtextdb	3.0	2025-06-04T01:24:18Z	36727a874ccaebadad3aed4ad1c628ba	/workspace/rst/cache_4_5/library/showtextdb/3.0/36727a874ccaebadad3aed4ad1c628ba/showtextdb	available
4.5.2	signal	1.8.1	2025-06-04T05:29:28Z	2abc58fb5c7425d0fd1dd2cf63d1c414	/workspace/rst/cache_4_5/library/signal/1.8-1/2abc58fb5c7425d0fd1dd2cf63d1c414/signal	available
4.5.2	simona	1.8.1	2026-02-07T07:04:40Z	31897d143d9a3c1f34a952fba60900a5	/workspace/rst/cache_4_5/library/simona/1.8.1/31897d143d9a3c1f34a952fba60900a5/simona	available
4.5.2	simplermarkdown	0.1.0	2026-09-13T06:54:47Z	5fb7cbc8fdd771aeaba38e5bde5b7c96	/workspace/rst/cache_4_5/library/simplermarkdown/0.1.0/5fb7cbc8fdd771aeaba38e5bde5b7c96/simplermarkdown	available
4.5.2	simplifyEnrichment	2.4.1	2026-02-07T07:04:40Z	94b0565cdf10955ace9b2e32c73b77ac	/workspace/rst/cache_4_5/library/simplifyEnrichment/2.4.1/94b0565cdf10955ace9b2e32c73b77ac/simplifyEnrichment	available
4.5.2	simsalapar	1.0.13	2026-01-24T07:13:50Z	a02693121459b00a874404f10ff9e38d	/workspace/rst/cache_4_5/library/simsalapar/1.0-13/a02693121459b00a874404f10ff9e38d/simsalapar	available
4.5.2	sinaplot	1.1.0	2025-10-10T18:30:30Z	16040988dddd01e7680272720ab641ff	/workspace/rst/cache_4_5/library/sinaplot/1.1.0/16040988dddd01e7680272720ab641ff/sinaplot	available
4.5.2	sinew	0.4.0	2025-06-04T05:32:22Z	1b9796df02aae6e78a4bd7da53d1c080	/workspace/rst/cache_4_5/library/sinew/0.4.0/1b9796df02aae6e78a4bd7da53d1c080/sinew	available
4.5.2	sirt	4.2.133	2025-12-06T20:47:42Z	d78ccc2824004074344361d466c57315	/workspace/rst/cache_4_5/library/sirt/4.2-133/d78ccc2824004074344361d466c57315/sirt	available
4.5.2	sitmo	2.0.2	2025-06-03T15:45:05Z	ff30ad610ca84dcaa855e2a1789d02c1	/workspace/rst/cache_4_5/library/sitmo/2.0.2/ff30ad610ca84dcaa855e2a1789d02c1/sitmo	available
4.5.2	sjPlot	2.9.0	2025-12-06T20:47:43Z	cbd72703200ce06093f62fef57303d2a	/workspace/rst/cache_4_5/library/sjPlot/2.9.0/cbd72703200ce06093f62fef57303d2a/sjPlot	available
4.5.2	sjlabelled	1.2.0	2025-06-04T05:33:03Z	7b68771fe9ee8164581354297433235f	/workspace/rst/cache_4_5/library/sjlabelled/1.2.0/7b68771fe9ee8164581354297433235f/sjlabelled	available
4.5.2	sjmisc	2.8.11	2025-08-05T15:29:16Z	6eed43bb6bb34f421512e7e50d2efc3c	/workspace/rst/cache_4_5/library/sjmisc/2.8.11/6eed43bb6bb34f421512e7e50d2efc3c/sjmisc	available
4.5.2	sjstats	0.19.1	2025-06-17T05:41:22Z	76b1fd1ee32c19503fac66a4fc1d7d23	/workspace/rst/cache_4_5/library/sjstats/0.19.1/76b1fd1ee32c19503fac66a4fc1d7d23/sjstats	available
4.5.2	skellam	0.2.4	2025-12-31T06:57:04Z	6180167abbf2007b0c31983a0d1fbe9e	/workspace/rst/cache_4_5/library/skellam/0.2.4/6180167abbf2007b0c31983a0d1fbe9e/skellam	available
4.5.2	skewt	1.0	2025-06-04T05:33:26Z	00e54e376b2fc502592077ed5bad7456	/workspace/rst/cache_4_5/library/skewt/1.0/00e54e376b2fc502592077ed5bad7456/skewt	available
4.5.2	skimr	2.2.2	2026-01-12T06:56:15Z	e0c947ad1b8c6f40ff60d72366427935	/workspace/rst/cache_4_5/library/skimr/2.2.2/e0c947ad1b8c6f40ff60d72366427935/skimr	available
4.5.2	skmeans	0.2.20	2026-03-28T06:29:23Z	102ce9fcb84ffee3074146b39e71bf90	/workspace/rst/cache_4_5/library/skmeans/0.2-20/102ce9fcb84ffee3074146b39e71bf90/skmeans	available
4.5.2	slackr	3.3.1	2025-09-13T05:52:04Z	fa0e1db7a72ebbd5918457d0193f1afc	/workspace/rst/cache_4_5/library/slackr/3.3.1/fa0e1db7a72ebbd5918457d0193f1afc/slackr	available
4.5.2	slam	0.1.56	2026-07-15T06:13:05Z	bf0d35667d4ce106c447ac44ac5f7241	/workspace/rst/cache_4_5/library/slam/0.1-56/bf0d35667d4ce106c447ac44ac5f7241/slam	available
4.5.2	slider	0.3.3	2026-02-24T15:26:30Z	ffce4a061bec0eedebc597d31037f9ce	/workspace/rst/cache_4_5/library/slider/0.3.3/ffce4a061bec0eedebc597d31037f9ce/slider	available
4.5.2	slingshot	2.18.0	2026-07-02T20:20:09Z	b931ca9d9a67b76d05116988e96a1980	/workspace/rst/cache_4_5/library/slingshot/2.18.0/b931ca9d9a67b76d05116988e96a1980/slingshot	available
4.5.2	slippymath	0.3.1	2025-06-04T02:51:18Z	6f8e95df1d61d974eb67c8f6dd175070	/workspace/rst/cache_4_5/library/slippymath/0.3.1/6f8e95df1d61d974eb67c8f6dd175070/slippymath	available
4.5.2	sm	2.2.6.0	2025-06-04T05:34:03Z	6fe5ceb1341950d5331f02e4863a383e	/workspace/rst/cache_4_5/library/sm/2.2-6.0/6fe5ceb1341950d5331f02e4863a383e/sm	available
4.5.2	smacof	2.1.7	2025-06-04T05:34:27Z	886853af2842b18ca0cc949032df913d	/workspace/rst/cache_4_5/library/smacof/2.1-7/886853af2842b18ca0cc949032df913d/smacof	available
4.5.2	smatr	3.5.1	2026-07-30T06:20:37Z	d448fa6cbc9503b6d1193cd7740e11ef	/workspace/rst/cache_4_5/library/smatr/3.5-1/d448fa6cbc9503b6d1193cd7740e11ef/smatr	available
4.5.2	smcfcs	2.0.2	2026-05-03T06:15:12Z	cc3b0df4ae3ee8690f6daf49200bce4f	/workspace/rst/cache_4_5/library/smcfcs/2.0.2/cc3b0df4ae3ee8690f6daf49200bce4f/smcfcs	available
4.5.2	smd	0.8.0	2025-06-04T05:35:05Z	23af5959763006345beba7ceceaa6cfa	/workspace/rst/cache_4_5/library/smd/0.8.0/23af5959763006345beba7ceceaa6cfa/smd	available
4.5.2	smdata	1.3	2026-07-22T06:18:44Z	958c2e0e7b70f0dbc3228885d228e841	/workspace/rst/cache_4_5/library/smdata/1.3/958c2e0e7b70f0dbc3228885d228e841/smdata	available
4.5.2	smoof	1.7.0	2026-02-25T07:06:52Z	257a7770c769738815cbd031ed730fcc	/workspace/rst/cache_4_5/library/smoof/1.7.0/257a7770c769738815cbd031ed730fcc/smoof	available
4.5.2	smoother	1.3	2025-06-04T01:14:39Z	facc13c6fc71bc07a07efb6dd69b1419	/workspace/rst/cache_4_5/library/smoother/1.3/facc13c6fc71bc07a07efb6dd69b1419/smoother	available
4.5.2	smotefamily	1.4.0	2025-06-04T02:26:02Z	64fd627e22487a3c89fa8f75ed99000d	/workspace/rst/cache_4_5/library/smotefamily/1.4.0/64fd627e22487a3c89fa8f75ed99000d/smotefamily	available
4.5.2	sn	2.1.3	2026-02-25T07:06:52Z	57bef6fcf7a7ab2d32457030e3932d09	/workspace/rst/cache_4_5/library/sn/2.1.3/57bef6fcf7a7ab2d32457030e3932d09/sn	available
4.5.2	sna	2.8	2025-06-03T17:48:28Z	982692b8804ffaf5f7414ffc0716e8dd	/workspace/rst/cache_4_5/library/sna/2.8/982692b8804ffaf5f7414ffc0716e8dd/sna	available
4.5.2	snakecase	0.11.1	2025-06-03T19:53:51Z	77646d42361c22355fb6721c15301cc5	/workspace/rst/cache_4_5/library/snakecase/0.11.1/77646d42361c22355fb6721c15301cc5/snakecase	available
4.5.2	snifter	1.20.0	2025-11-05T09:51:47Z	d0bcdbefce6e25a0898138b6333f3a54	/workspace/rst/cache_4_5/library/snifter/1.20.0/d0bcdbefce6e25a0898138b6333f3a54/snifter	available
4.5.2	snow	0.4.4	2025-06-03T15:45:06Z	432a3f26c51df6876eb7baaeb6ed5f89	/workspace/rst/cache_4_5/library/snow/0.4-4/432a3f26c51df6876eb7baaeb6ed5f89/snow	available
4.5.2	snowfall	1.84.6.3	2025-06-04T05:35:53Z	ccdedde25f83c2dc7c4d484dab2c33af	/workspace/rst/cache_4_5/library/snowfall/1.84-6.3/ccdedde25f83c2dc7c4d484dab2c33af/snowfall	available
4.5.2	snowflakeauth	0.3.0	2026-09-02T06:21:49Z	d13ffa202f071568769129ca6152c8c8	/workspace/rst/cache_4_5/library/snowflakeauth/0.3.0/d13ffa202f071568769129ca6152c8c8/snowflakeauth	available
4.5.2	snpStats	1.60.0	2025-11-05T09:51:47Z	fa591db63b5763dc1c8bf2d00712af89	/workspace/rst/cache_4_5/library/snpStats/1.60.0/fa591db63b5763dc1c8bf2d00712af89/snpStats	available
4.5.2	soGGi	1.40.1	2025-06-04T04:42:24Z	6dfab840a60ef92090798402c4ad57d1	/workspace/rst/cache_4_5/library/soGGi/1.40.1/6dfab840a60ef92090798402c4ad57d1/soGGi	available
4.5.2	sodium	1.4.0	2025-06-04T04:35:16Z	c7b9982ecda83907c7ce75bc2f04ff8e	/workspace/rst/cache_4_5/library/sodium/1.4.0/c7b9982ecda83907c7ce75bc2f04ff8e/sodium	available
4.5.2	softImpute	1.4.3	2025-06-04T05:36:15Z	005614979e14bc350f89acfc15abe6fe	/workspace/rst/cache_4_5/library/softImpute/1.4-3/005614979e14bc350f89acfc15abe6fe/softImpute	available
4.5.2	som	0.3.5.2	2025-06-04T00:52:11Z	09c45e9e60659f8a6002859537c564f7	/workspace/rst/cache_4_5/library/som/0.3-5.2/09c45e9e60659f8a6002859537c564f7/som	available
4.5.2	sommer	4.4.7	2026-09-13T06:54:47Z	53595bed5e85fd9339fd1ffc7aeff392	/workspace/rst/cache_4_5/library/sommer/4.4.7/53595bed5e85fd9339fd1ffc7aeff392/sommer	available
4.5.2	sortable	0.6.0	2025-12-16T07:02:02Z	74de856f9d488edba05b014c08aa6e97	/workspace/rst/cache_4_5/library/sortable/0.6.0/74de856f9d488edba05b014c08aa6e97/sortable	available
4.5.2	sos	2.1.8	2025-06-04T05:32:24Z	58e4437a7f830ae2b69d98469637b829	/workspace/rst/cache_4_5/library/sos/2.1-8/58e4437a7f830ae2b69d98469637b829/sos	available
4.5.2	sourcetools	0.1.7.2	2026-03-31T06:24:19Z	a058bea5f30b86c8757047b94bb0b534	/workspace/rst/cache_4_5/library/sourcetools/0.1.7-2/a058bea5f30b86c8757047b94bb0b534/sourcetools	available
4.5.2	sp	2.2.3	2026-07-21T06:18:57Z	813aa8823129b06c629cfcd2e2616e5d	/workspace/rst/cache_4_5/library/sp/2.2-3/813aa8823129b06c629cfcd2e2616e5d/sp	available
4.5.2	spData	2.3.5	2026-05-23T01:42:20Z	ac7c1e559a866f8d6979ad97f930af8a	/workspace/rst/cache_4_5/library/spData/2.3.5/ac7c1e559a866f8d6979ad97f930af8a/spData	available
4.5.2	spaMM	4.7.0	2026-09-11T06:19:07Z	28c8c2b682235fb36e8fef2ebea84ada	/workspace/rst/cache_4_5/library/spaMM/4.7.0/28c8c2b682235fb36e8fef2ebea84ada/spaMM	available
4.5.2	spacefillr	0.4.0	2025-06-04T02:28:56Z	3516f1a5bf04383cdcafe9dbc79595c4	/workspace/rst/cache_4_5/library/spacefillr/0.4.0/3516f1a5bf04383cdcafe9dbc79595c4/spacefillr	available
4.5.2	spacesXYZ	1.6.0	2025-06-08T05:40:29Z	de7b1dbbb0e25cfd0280b51aa9711f48	/workspace/rst/cache_4_5/library/spacesXYZ/1.6-0/de7b1dbbb0e25cfd0280b51aa9711f48/spacesXYZ	available
4.5.2	spacetime	1.3.4	2026-08-26T06:18:51Z	b4f5ef40a394a0ea3c0e2cb6ecb403c2	/workspace/rst/cache_4_5/library/spacetime/1.3-4/b4f5ef40a394a0ea3c0e2cb6ecb403c2/spacetime	available
4.5.2	spam	2.11.4	2026-07-26T15:33:48Z	1723c3fba30bd3bfe6c07f90b431638f	/workspace/rst/cache_4_5/library/spam/2.11-4/1723c3fba30bd3bfe6c07f90b431638f/spam	available
4.5.2	spam64	2.11.4	2026-06-05T06:07:21Z	3d738124d33a131e64326ca61cb1e7ed	/workspace/rst/cache_4_5/library/spam64/2.11-4/3d738124d33a131e64326ca61cb1e7ed/spam64	available
4.5.2	sparkline	2.0	2025-06-04T05:37:15Z	1a66833af98e7d36e0876f4a8979ee20	/workspace/rst/cache_4_5/library/sparkline/2.0/1a66833af98e7d36e0876f4a8979ee20/sparkline	available
4.5.2	sparklyr	1.9.5	2026-06-21T06:16:39Z	3db8de190ce3b2381dd35aee9a32d18f	/workspace/rst/cache_4_5/library/sparklyr/1.9.5/3db8de190ce3b2381dd35aee9a32d18f/sparklyr	available
4.5.2	sparseLDA	0.1.9	2025-06-04T05:37:54Z	44cb5412a03d1d6f7b5b6967c8305a01	/workspace/rst/cache_4_5/library/sparseLDA/0.1-9/44cb5412a03d1d6f7b5b6967c8305a01/sparseLDA	available
4.5.2	sparseMatrixStats	1.22.0	2026-02-24T15:26:31Z	f59dcfd59f55170cf41394438eb3750f	/workspace/rst/cache_4_5/library/sparseMatrixStats/1.22.0/f59dcfd59f55170cf41394438eb3750f/sparseMatrixStats	available
4.5.2	sparsediscrim	0.3.0	2025-08-24T05:49:44Z	375c1905f4e6e4ea013f04177771f660	/workspace/rst/cache_4_5/library/sparsediscrim/0.3.0/375c1905f4e6e4ea013f04177771f660/sparsediscrim	available
4.5.2	sparsepca	0.1.2	2025-06-04T05:38:12Z	ea2c6d7a509766e323f5d39c5b921105	/workspace/rst/cache_4_5/library/sparsepca/0.1.2/ea2c6d7a509766e323f5d39c5b921105/sparsepca	available
4.5.2	sparsesvd	0.2.3	2025-12-06T20:47:45Z	8b40bb8579eb5387f5309c76bc9ec7da	/workspace/rst/cache_4_5/library/sparsesvd/0.2-3/8b40bb8579eb5387f5309c76bc9ec7da/sparsesvd	available
4.5.2	sparsevctrs	0.3.6	2026-01-29T07:04:24Z	ef0f0fa5736ea46dc8bf1a6420d96fe7	/workspace/rst/cache_4_5/library/sparsevctrs/0.3.6/ef0f0fa5736ea46dc8bf1a6420d96fe7/sparsevctrs	available
4.5.2	spatial	7.3.19	2026-08-05T06:21:02Z	428a923b54efb181b06e4ebc592012a4	/workspace/rst/cache_4_5/library/spatial/7.3-19/428a923b54efb181b06e4ebc592012a4/spatial	available
4.5.2	spatialreg	1.4.3	2026-03-23T06:10:18Z	5bdf1ddd5b6ee0dbf91472737aacbbe1	/workspace/rst/cache_4_5/library/spatialreg/1.4-3/5bdf1ddd5b6ee0dbf91472737aacbbe1/spatialreg	available
4.5.2	spatialwidget	0.2.6	2025-12-06T20:47:45Z	f311fb518328e04e7a1d8d1383f7a2f8	/workspace/rst/cache_4_5/library/spatialwidget/0.2.6/f311fb518328e04e7a1d8d1383f7a2f8/spatialwidget	available
4.5.2	spatstat	3.6.2	2026-08-02T06:25:50Z	51d61b8f6fbd7025bec28c0464378f82	/workspace/rst/cache_4_5/library/spatstat/3.6-2/51d61b8f6fbd7025bec28c0464378f82/spatstat	available
4.5.2	spatstat.Knet	3.1.3	2026-07-05T06:12:14Z	a3e486674aa4579b6d6606d4e45c72d3	/workspace/rst/cache_4_5/library/spatstat.Knet/3.1-3/a3e486674aa4579b6d6606d4e45c72d3/spatstat.Knet	available
4.5.2	spatstat.data	3.1.9	2025-12-24T15:06:52Z	064479e327f7c7b22223a309e62865b4	/workspace/rst/cache_4_5/library/spatstat.data/3.1-9/064479e327f7c7b22223a309e62865b4/spatstat.data	available
4.5.2	spatstat.explore	3.8.3	2026-09-24T06:21:12Z	955a293a5a2e8f5e94e39a679ff25ddc	/workspace/rst/cache_4_5/library/spatstat.explore/3.8-3/955a293a5a2e8f5e94e39a679ff25ddc/spatstat.explore	available
4.5.2	spatstat.geom	3.8.3	2026-09-20T06:20:12Z	dfa37d67152cece9d27a6e2227e546b1	/workspace/rst/cache_4_5/library/spatstat.geom/3.8-3/dfa37d67152cece9d27a6e2227e546b1/spatstat.geom	available
4.5.2	spatstat.linnet	3.5.4	2026-09-27T06:18:21Z	8adf4d893c9a5cba8899da468cbf86d4	/workspace/rst/cache_4_5/library/spatstat.linnet/3.5-4/8adf4d893c9a5cba8899da468cbf86d4/spatstat.linnet	available
4.5.2	spatstat.model	3.7.2	2026-07-30T06:20:38Z	2db6a636ec7e497d2bb4605a3f5680ff	/workspace/rst/cache_4_5/library/spatstat.model/3.7-2/2db6a636ec7e497d2bb4605a3f5680ff/spatstat.model	available
4.5.2	spatstat.random	3.5.2	2026-09-23T06:17:10Z	fbc02e18e382a1b21a76b361cffeb243	/workspace/rst/cache_4_5/library/spatstat.random/3.5-2/fbc02e18e382a1b21a76b361cffeb243/spatstat.random	available
4.5.2	spatstat.sparse	3.2.0	2026-05-22T06:25:18Z	1533e988365a7e2112153d5c58bf30b3	/workspace/rst/cache_4_5/library/spatstat.sparse/3.2-0/1533e988365a7e2112153d5c58bf30b3/spatstat.sparse	available
4.5.2	spatstat.univar	3.2.0	2026-05-19T06:14:39Z	e1fa83ba1a6897fb2489c8e8913ca63d	/workspace/rst/cache_4_5/library/spatstat.univar/3.2-0/e1fa83ba1a6897fb2489c8e8913ca63d/spatstat.univar	available
4.5.2	spatstat.utils	3.2.5	2026-09-13T06:54:48Z	0640ad0ec706d21329491b0109559bd6	/workspace/rst/cache_4_5/library/spatstat.utils/3.2-5/0640ad0ec706d21329491b0109559bd6/spatstat.utils	available
4.5.2	spd	2.0.1	2025-06-04T05:16:15Z	65d68b77a4f424dbe2615a12a1cf38f1	/workspace/rst/cache_4_5/library/spd/2.0-1/65d68b77a4f424dbe2615a12a1cf38f1/spd	available
4.5.2	spdep	1.4.2	2026-02-17T07:12:53Z	7e38a21b5074a638f4359224785d26b9	/workspace/rst/cache_4_5/library/spdep/1.4-2/7e38a21b5074a638f4359224785d26b9/spdep	available
4.5.2	speedglm	0.3.5	2025-06-04T00:42:46Z	c523a062953e4ec078f9e601e8dc9ab6	/workspace/rst/cache_4_5/library/speedglm/0.3-5/c523a062953e4ec078f9e601e8dc9ab6/speedglm	available
4.5.2	spelling	2.3.2	2025-12-06T20:47:48Z	959cb45b1be070fca78e9891bdcf2714	/workspace/rst/cache_4_5/library/spelling/2.3.2/959cb45b1be070fca78e9891bdcf2714/spelling	available
4.5.2	splancs	2.1.45	2025-06-04T00:05:41Z	89fc2f03c88f6001404b1cf138349dfd	/workspace/rst/cache_4_5/library/splancs/2.01-45/89fc2f03c88f6001404b1cf138349dfd/splancs	available
4.5.2	splines	4.5.0	2025-06-03T15:45:09Z	69f56a92cc2f3929f68d9e6d6995fc36	/workspace/rst/cache_4_5/library/splines/4.5.0/69f56a92cc2f3929f68d9e6d6995fc36/splines	base
4.5.2	splines2	0.5.4	2025-06-04T00:51:46Z	05287c99924a2d8c5b046ca411bae2bc	/workspace/rst/cache_4_5/library/splines2/0.5.4/05287c99924a2d8c5b046ca411bae2bc/splines2	available
4.5.2	splitfngr	0.1.2	2026-04-19T06:09:46Z	4af7daf655e242f98f9052b07a7e9c6f	/workspace/rst/cache_4_5/library/splitfngr/0.1.2/4af7daf655e242f98f9052b07a7e9c6f/splitfngr	available
4.5.2	splitstackshape	1.4.8.1	2026-03-23T06:10:18Z	3ac1224e2b16b63c99bf40ec6d73a2bf	/workspace/rst/cache_4_5/library/splitstackshape/1.4.8.1/3ac1224e2b16b63c99bf40ec6d73a2bf/splitstackshape	available
4.5.2	spls	2.3.2	2025-12-06T20:47:48Z	6655ab8e2f8e8156cae48954ff82d0cd	/workspace/rst/cache_4_5/library/spls/2.3-2/6655ab8e2f8e8156cae48954ff82d0cd/spls	available
4.5.2	splus2R	1.3.5	2025-06-04T01:54:41Z	480bb66f69b03c23003d61567edcd6e5	/workspace/rst/cache_4_5/library/splus2R/1.3-5/480bb66f69b03c23003d61567edcd6e5/splus2R	available
4.5.2	sqldf	0.4.12	2026-02-01T07:02:02Z	5ae992ce6e374a738e4c12f24d345798	/workspace/rst/cache_4_5/library/sqldf/0.4-12/5ae992ce6e374a738e4c12f24d345798/sqldf	available
4.5.2	ssanv	1.1	2025-06-04T00:16:36Z	7ea46f90d77ac8a0f08542bbd5eead08	/workspace/rst/cache_4_5/library/ssanv/1.1/7ea46f90d77ac8a0f08542bbd5eead08/ssanv	available
4.5.2	stabledist	0.7.2	2025-06-03T19:52:07Z	7aa6ebe583c1403fefc3951e45c28d06	/workspace/rst/cache_4_5/library/stabledist/0.7-2/7aa6ebe583c1403fefc3951e45c28d06/stabledist	available
4.5.2	stablelearner	0.1.9	2026-08-30T06:19:18Z	aa42581e5752ffa06e262ec9fc900d33	/workspace/rst/cache_4_5/library/stablelearner/0.1-9/aa42581e5752ffa06e262ec9fc900d33/stablelearner	available
4.5.2	stabm	1.2.2	2025-06-04T03:11:00Z	7c455254d8b2465caab80cba910b8a72	/workspace/rst/cache_4_5/library/stabm/1.2.2/7c455254d8b2465caab80cba910b8a72/stabm	available
4.5.2	stabs	0.7.1	2026-02-02T07:02:06Z	a737ddfda28f783da2e93a87665e7729	/workspace/rst/cache_4_5/library/stabs/0.7-1/a737ddfda28f783da2e93a87665e7729/stabs	available
4.5.2	stacks	1.1.1	2026-01-16T07:08:03Z	23dec8d61067cf70d40b0d386851e88d	/workspace/rst/cache_4_5/library/stacks/1.1.1/23dec8d61067cf70d40b0d386851e88d/stacks	available
4.5.2	stageR	1.32.0	2025-11-05T09:51:47Z	028f6cf01bfffab13e04a9d7ac48f953	/workspace/rst/cache_4_5/library/stageR/1.32.0/028f6cf01bfffab13e04a9d7ac48f953/stageR	available
4.5.2	stan4bart	0.0.13	2026-08-23T06:21:32Z	ef574ddc64f470efb0fca7d00f7ee4fd	/workspace/rst/cache_4_5/library/stan4bart/0.0-13/ef574ddc64f470efb0fca7d00f7ee4fd/stan4bart	available
4.5.2	stargazer	5.2.3	2025-06-04T05:40:14Z	3705d0eca33423505df134df92426e61	/workspace/rst/cache_4_5/library/stargazer/5.2.3/3705d0eca33423505df134df92426e61/stargazer	available
4.5.2	stars	0.6.8	2025-06-04T02:06:11Z	dc782a0341603b08c8848ecb4bad2e8a	/workspace/rst/cache_4_5/library/stars/0.6-8/dc782a0341603b08c8848ecb4bad2e8a/stars	available
4.5.2	startup	0.23.0	2025-06-04T05:40:34Z	2072df765e0238620a20fa444f801ad2	/workspace/rst/cache_4_5/library/startup/0.23.0/2072df765e0238620a20fa444f801ad2/startup	available
4.5.2	statmod	1.5.2	2026-05-19T06:14:39Z	f73b3a6640e445f7ff7fc35d987304b8	/workspace/rst/cache_4_5/library/statmod/1.5.2/f73b3a6640e445f7ff7fc35d987304b8/statmod	available
4.5.2	statnet.common	4.13.0	2025-12-24T15:06:54Z	75f43c3d56cbe52e0a622c7411f771dd	/workspace/rst/cache_4_5/library/statnet.common/4.13.0/75f43c3d56cbe52e0a622c7411f771dd/statnet.common	available
4.5.2	stats	4.5.0	2025-06-03T15:45:10Z	b4cd73125c556b125fa00a0fa7d6d837	/workspace/rst/cache_4_5/library/stats/4.5.0/b4cd73125c556b125fa00a0fa7d6d837/stats	base
4.5.2	stats4	4.5.0	2025-06-03T15:45:10Z	26f07e2933b4682b3dd11f1a2ec9e23c	/workspace/rst/cache_4_5/library/stats4/4.5.0/26f07e2933b4682b3dd11f1a2ec9e23c/stats4	base
4.5.2	statsExpressions	2.1.1	2026-08-26T06:18:52Z	0f741a193904c544083156784e70547a	/workspace/rst/cache_4_5/library/statsExpressions/2.1.1/0f741a193904c544083156784e70547a/statsExpressions	available
4.5.2	stdbscan	0.2.0	2026-06-13T06:15:47Z	b20c77d865ed72aa74d8bdc9bd6689f3	/workspace/rst/cache_4_5/library/stdbscan/0.2.0/b20c77d865ed72aa74d8bdc9bd6689f3/stdbscan	available
4.5.2	stddiff	3.1	2025-06-04T05:40:54Z	e14d871db83df57714fb9d65d66fa8b9	/workspace/rst/cache_4_5/library/stddiff/3.1/e14d871db83df57714fb9d65d66fa8b9/stddiff	available
4.5.2	stepPlr	0.93	2025-06-04T05:41:11Z	8076d499b6c83cf79faa1cc0db145980	/workspace/rst/cache_4_5/library/stepPlr/0.93/8076d499b6c83cf79faa1cc0db145980/stepPlr	available
4.5.2	stinepack	1.5	2025-06-04T05:41:31Z	8cda842ea3f2881c3206199045c2db62	/workspace/rst/cache_4_5/library/stinepack/1.5/8cda842ea3f2881c3206199045c2db62/stinepack	available
4.5.2	stm	1.3.8	2025-12-06T20:47:49Z	c2c1f2f45e4e897dcf04c51ea79dcb48	/workspace/rst/cache_4_5/library/stm/1.3.8/c2c1f2f45e4e897dcf04c51ea79dcb48/stm	available
4.5.2	stopwords	2.3	2025-06-04T04:47:51Z	b0dbe57e0ebfd12551b56cf6471c69d6	/workspace/rst/cache_4_5/library/stopwords/2.3/b0dbe57e0ebfd12551b56cf6471c69d6/stopwords	available
4.5.2	storr	1.2.6	2025-06-04T01:18:37Z	db3c8f124d6e8f978f906684d5093e02	/workspace/rst/cache_4_5/library/storr/1.2.6/db3c8f124d6e8f978f906684d5093e02/storr	available
4.5.2	strawr	0.0.92	2025-06-04T05:42:10Z	4596b7dff67ac1ceced9cf16eb35b9c2	/workspace/rst/cache_4_5/library/strawr/0.0.92/4596b7dff67ac1ceced9cf16eb35b9c2/strawr	available
4.5.2	stream	2.0.6	2026-07-29T06:16:24Z	b8b0abdd7a2415ecd3f83596190ac731	/workspace/rst/cache_4_5/library/stream/2.0.6/b8b0abdd7a2415ecd3f83596190ac731/stream	available
4.5.2	stringdist	0.9.17	2026-01-18T07:26:27Z	e9ff847e2007936d354b7ea7051430bb	/workspace/rst/cache_4_5/library/stringdist/0.9.17/e9ff847e2007936d354b7ea7051430bb/stringdist	available
4.5.2	stringfish	0.19.2	2026-08-06T06:17:31Z	a810991718d0109780b7b7caa6c1c649	/workspace/rst/cache_4_5/library/stringfish/0.19.2/a810991718d0109780b7b7caa6c1c649/stringfish	available
4.5.2	stringi	1.8.9	2026-08-06T06:17:31Z	df1cff342b8de1c672c223c40a4cee4f	/workspace/rst/cache_4_5/library/stringi/1.8.9/df1cff342b8de1c672c223c40a4cee4f/stringi	available
4.5.2	stringmagic	1.3.0	2026-08-06T06:17:32Z	5b3457dd47b114d45753d4ad56a20bf2	/workspace/rst/cache_4_5/library/stringmagic/1.3.0/5b3457dd47b114d45753d4ad56a20bf2/stringmagic	available
4.5.2	stringr	1.6.0	2025-12-24T15:06:54Z	3cd49f225a2702a745baff1ad25dea08	/workspace/rst/cache_4_5/library/stringr/1.6.0/3cd49f225a2702a745baff1ad25dea08/stringr	available
4.5.2	strucchange	1.6.0	2026-08-06T06:17:32Z	9ca5a31ea3650ecc503e5c221dc3e9d6	/workspace/rst/cache_4_5/library/strucchange/1.6-0/9ca5a31ea3650ecc503e5c221dc3e9d6/strucchange	available
4.5.2	styler	1.11.0	2025-12-06T20:47:49Z	110205ba024831fcfe2a91f0b798dca1	/workspace/rst/cache_4_5/library/styler/1.11.0/110205ba024831fcfe2a91f0b798dca1/styler	available
4.5.2	subplex	1.9	2025-06-04T05:42:52Z	4416272930d1812cd87210a1e07064bb	/workspace/rst/cache_4_5/library/subplex/1.9/4416272930d1812cd87210a1e07064bb/subplex	available
4.5.2	sundi.datapkg	0.0.0.9004	2025-06-05T17:04:14Z	2fb2a8ac072b4c79fac4bde44e3df4be	/workspace/rst/cache_4_5/library/sundi.datapkg/0.0.0.9004/2fb2a8ac072b4c79fac4bde44e3df4be/sundi.datapkg	available
4.5.2	superheat	0.1.0	2025-06-04T05:43:11Z	7fd255b3f609c8faba48a0fc1d481e6c	/workspace/rst/cache_4_5/library/superheat/0.1.0/7fd255b3f609c8faba48a0fc1d481e6c/superheat	available
4.5.2	superpc	1.12	2025-06-04T05:43:31Z	4b6eb155e67cea08371e38381e75f621	/workspace/rst/cache_4_5/library/superpc/1.12/4b6eb155e67cea08371e38381e75f621/superpc	available
4.5.2	survAUC	1.4.0	2025-12-06T20:47:50Z	62ac6ada80cb15ff8ba33c2b604f6b1c	/workspace/rst/cache_4_5/library/survAUC/1.4-0/62ac6ada80cb15ff8ba33c2b604f6b1c/survAUC	available
4.5.2	survC1	1.0.3	2025-06-04T01:39:25Z	a6c95c8bb28920d09be33a8ff7a0390b	/workspace/rst/cache_4_5/library/survC1/1.0-3/a6c95c8bb28920d09be33a8ff7a0390b/survC1	available
4.5.2	survMisc	0.5.6	2025-06-03T21:38:00Z	0d71cc7a28de686aee1bb3e438a946f9	/workspace/rst/cache_4_5/library/survMisc/0.5.6/0d71cc7a28de686aee1bb3e438a946f9/survMisc	available
4.5.2	survPen	2.0.5	2026-06-11T06:07:39Z	afc6345cf86afec06b4297a100de135d	/workspace/rst/cache_4_5/library/survPen/2.0.5/afc6345cf86afec06b4297a100de135d/survPen	available
4.5.2	survPresmooth	1.1.12	2025-06-03T23:16:24Z	9193855c0d4c2c32e58047ca0a1d2ab5	/workspace/rst/cache_4_5/library/survPresmooth/1.1-12/9193855c0d4c2c32e58047ca0a1d2ab5/survPresmooth	available
4.5.2	survcomp	1.60.1	2026-02-24T07:07:02Z	6bb0d870bc037a17b5eddc8800e44efd	/workspace/rst/cache_4_5/library/survcomp/1.60.1/6bb0d870bc037a17b5eddc8800e44efd/survcomp	available
4.5.2	survey	4.5	2026-02-25T07:06:52Z	2eada0d94eefde06c5c191371300215f	/workspace/rst/cache_4_5/library/survey/4.5/2eada0d94eefde06c5c191371300215f/survey	available
4.5.2	survival	3.8.9	2026-07-10T06:14:21Z	edf23feabe4bded095c6a02f9df50ddb	/workspace/rst/cache_4_5/library/survival/3.8-9/edf23feabe4bded095c6a02f9df50ddb/survival	available
4.5.2	survivalROC	1.0.3.1	2025-11-05T09:51:48Z	97a59642f303c10b17b0100b5ceb5782	/workspace/rst/cache_4_5/library/survivalROC/1.0.3.1/97a59642f303c10b17b0100b5ceb5782/survivalROC	available
4.5.2	survminer	0.5.2	2026-02-27T07:05:02Z	ba9774f041dff19060eab52168c75e8a	/workspace/rst/cache_4_5/library/survminer/0.5.2/ba9774f041dff19060eab52168c75e8a/survminer	available
4.5.2	svDialogs	1.1.2	2025-12-11T07:12:06Z	201419ed2e4568d53571589539bb5dbe	/workspace/rst/cache_4_5/library/svDialogs/1.1.2/201419ed2e4568d53571589539bb5dbe/svDialogs	available
4.5.2	svGUI	1.0.2	2025-12-06T20:47:51Z	735d245df906349d0075774518ddefff	/workspace/rst/cache_4_5/library/svGUI/1.0.2/735d245df906349d0075774518ddefff/svGUI	available
4.5.2	svMisc	1.4.3	2025-06-04T01:32:56Z	b4db9067841d81af816a1e26c71c4d22	/workspace/rst/cache_4_5/library/svMisc/1.4.3/b4db9067841d81af816a1e26c71c4d22/svMisc	available
4.5.2	svUnit	1.0.8	2026-02-01T07:02:02Z	32cde8b60e292467ab2d0f4c14f364e2	/workspace/rst/cache_4_5/library/svUnit/1.0.8/32cde8b60e292467ab2d0f4c14f364e2/svUnit	available
4.5.2	sva	3.58.0	2025-11-05T09:51:48Z	3c06c74b34d7dcec9a69dc7f5aa58bfe	/workspace/rst/cache_4_5/library/sva/3.58.0/3c06c74b34d7dcec9a69dc7f5aa58bfe/sva	available
4.5.2	svd	0.5.8	2025-06-03T19:45:28Z	e720f84958da88ece71588117fab7f05	/workspace/rst/cache_4_5/library/svd/0.5.8/e720f84958da88ece71588117fab7f05/svd	available
4.5.2	svglite	2.2.2	2026-02-24T15:26:33Z	4bc0d071766bc18e6815292acd84b995	/workspace/rst/cache_4_5/library/svglite/2.2.2/4bc0d071766bc18e6815292acd84b995/svglite	available
4.5.2	svyVGAM	1.3	2026-01-18T07:26:29Z	b88befe24ef565cbaffa293a37dcfae0	/workspace/rst/cache_4_5/library/svyVGAM/1.3/b88befe24ef565cbaffa293a37dcfae0/svyVGAM	available
4.5.2	svylme	1.5.1	2025-06-04T05:44:49Z	4f49301f23e1654a220c3dcee9b380a3	/workspace/rst/cache_4_5/library/svylme/1.5-1/4f49301f23e1654a220c3dcee9b380a3/svylme	available
4.5.2	swagger	5.32.1	2026-03-31T06:24:19Z	36bf1e0c0f33267ed2dd8c4bbc939684	/workspace/rst/cache_4_5/library/swagger/5.32.1/36bf1e0c0f33267ed2dd8c4bbc939684/swagger	available
4.5.2	sylly	0.1.6	2025-06-04T05:45:07Z	bae63872fe734f4bdd6844b3df9dcb1f	/workspace/rst/cache_4_5/library/sylly/0.1-6/bae63872fe734f4bdd6844b3df9dcb1f/sylly	available
4.5.2	sylly.en	0.1.4	2026-09-02T06:21:49Z	d8fdbf6a81d46e8bab8cd880397172c1	/workspace/rst/cache_4_5/library/sylly.en/0.1-4/d8fdbf6a81d46e8bab8cd880397172c1/sylly.en	available
4.5.2	symmoments	1.2.2	2026-07-21T06:18:57Z	34549577340a4e6df2de7ebe50d86f19	/workspace/rst/cache_4_5/library/symmoments/1.2.2/34549577340a4e6df2de7ebe50d86f19/symmoments	available
4.5.2	synchronicity	1.3.10	2025-06-04T05:45:44Z	4da0ee345301c72779b8cb7a21194f0b	/workspace/rst/cache_4_5/library/synchronicity/1.3.10/4da0ee345301c72779b8cb7a21194f0b/synchronicity	available
4.5.2	synthpop	1.9.3	2026-09-12T06:18:56Z	c8c02c6fed42f51a32006875aaf8f026	/workspace/rst/cache_4_5/library/synthpop/1.9-3/c8c02c6fed42f51a32006875aaf8f026/synthpop	available
4.5.2	sys	3.4.3	2025-06-03T15:45:12Z	0500763ff588471cb746d90718e75af3	/workspace/rst/cache_4_5/library/sys/3.4.3/0500763ff588471cb746d90718e75af3/sys	available
4.5.2	sysfonts	0.8.9	2025-06-04T01:24:18Z	a3889daa965ca1e2191b041de5b5f42c	/workspace/rst/cache_4_5/library/sysfonts/0.8.9/a3889daa965ca1e2191b041de5b5f42c/sysfonts	available
4.5.2	syslognet	0.1.2.1	2025-09-13T05:52:04Z	bd0d26c0bc1d993cf661b21ea3e3437e	/workspace/rst/cache_4_5/library/syslognet/0.1.2.1/bd0d26c0bc1d993cf661b21ea3e3437e/syslognet	available
4.5.2	systemPipeR	2.16.4	2026-03-10T06:10:35Z	ecd2cf2e31675f700549daaba3e8c01c	/workspace/rst/cache_4_5/library/systemPipeR/2.16.4/ecd2cf2e31675f700549daaba3e8c01c/systemPipeR	available
4.5.2	systemPipeRdata	2.14.6	2026-03-12T06:21:44Z	282ec66fddeb78a105186811cb39aa90	/workspace/rst/cache_4_5/library/systemPipeRdata/2.14.6/282ec66fddeb78a105186811cb39aa90/systemPipeRdata	available
4.5.2	systemfit	1.1.30	2025-06-04T05:18:12Z	daf7c073f49931ac3a9bc906519c201e	/workspace/rst/cache_4_5/library/systemfit/1.1-30/daf7c073f49931ac3a9bc906519c201e/systemfit	available
4.5.2	systemfonts	1.3.2	2026-04-23T16:48:46Z	aa2cf040dd62c3976ecd946c64409f63	/workspace/rst/cache_4_5/library/systemfonts/1.3.2/aa2cf040dd62c3976ecd946c64409f63/systemfonts	available
4.5.2	syuzhet	1.0.7	2025-06-04T02:41:01Z	60254a4db5430206444be43aefdd73d5	/workspace/rst/cache_4_5/library/syuzhet/1.0.7/60254a4db5430206444be43aefdd73d5/syuzhet	available
4.5.2	tableone	0.13.2	2025-06-04T05:48:02Z	5e4235289939e6a3ddcece39b29be673	/workspace/rst/cache_4_5/library/tableone/0.13.2/5e4235289939e6a3ddcece39b29be673/tableone	available
4.5.2	tables	0.9.35	2026-06-06T06:10:58Z	86c49f1ce4c97e71c8bb899ba79b88bb	/workspace/rst/cache_4_5/library/tables/0.9.35/86c49f1ce4c97e71c8bb899ba79b88bb/tables	available
4.5.2	tabnet	0.9.1	2026-07-24T06:14:01Z	ced1ff4f992b460f527aafb424bb2808	/workspace/rst/cache_4_5/library/tabnet/0.9.1/ced1ff4f992b460f527aafb424bb2808/tabnet	available
4.5.2	tailor	0.1.0	2025-12-06T20:47:52Z	5373b8871596e5510402b420b38a32ea	/workspace/rst/cache_4_5/library/tailor/0.1.0/5373b8871596e5510402b420b38a32ea/tailor	available
4.5.2	tamplin.blaser.datapkg	0.0.0.9017	2025-08-11T19:09:05Z	263ec69694b07990b107e5bd2649dae8	/workspace/rst/cache_4_5/library/tamplin.blaser.datapkg/0.0.0.9017/263ec69694b07990b107e5bd2649dae8/tamplin.blaser.datapkg	available
4.5.2	tarchetypes	0.14.1	2026-03-26T06:16:15Z	577474358903c75f02e593ea0ce6f6bd	/workspace/rst/cache_4_5/library/tarchetypes/0.14.1/577474358903c75f02e593ea0ce6f6bd/tarchetypes	available
4.5.2	targeted	0.9.0	2026-08-23T06:21:33Z	d621f18d518bf4beb93fa6d1ae459e38	/workspace/rst/cache_4_5/library/targeted/0.9.0/d621f18d518bf4beb93fa6d1ae459e38/targeted	available
4.5.2	targets	1.12.0	2026-02-11T07:02:15Z	42ffb1c6f531297bb3e8da5e94eb9545	/workspace/rst/cache_4_5/library/targets/1.12.0/42ffb1c6f531297bb3e8da5e94eb9545/targets	available
4.5.2	tbm	0.3.11	2026-06-12T06:17:06Z	766fb65723a0cefc152d18e67c821432	/workspace/rst/cache_4_5/library/tbm/0.3-11/766fb65723a0cefc152d18e67c821432/tbm	available
4.5.2	tcltk	4.5.0	2025-06-03T15:45:13Z	1819b908fa7c910b7080e9401ec6a560	/workspace/rst/cache_4_5/library/tcltk/4.5.0/1819b908fa7c910b7080e9401ec6a560/tcltk	base
4.5.2	tcltk2	1.6.1	2025-06-03T22:20:11Z	0857a1966efb2bfc6c08ee4b00d25dd2	/workspace/rst/cache_4_5/library/tcltk2/1.6.1/0857a1966efb2bfc6c08ee4b00d25dd2/tcltk2	available
4.5.2	tclust	2.2.3	2026-09-23T06:17:10Z	06a22d31f682a047048b8766d6845d59	/workspace/rst/cache_4_5/library/tclust/2.2-3/06a22d31f682a047048b8766d6845d59/tclust	available
4.5.2	tdigest	0.4.3	2026-05-07T06:21:28Z	0082ab22273a49755782352be1ce9fbe	/workspace/rst/cache_4_5/library/tdigest/0.4.3/0082ab22273a49755782352be1ce9fbe/tdigest	available
4.5.2	telegram	0.7.1	2025-09-13T05:52:04Z	3d7508f59f586a7677ae80bdcd610f79	/workspace/rst/cache_4_5/library/telegram/0.7.1/3d7508f59f586a7677ae80bdcd610f79/telegram	available
4.5.2	tensor	1.5.1	2025-12-24T15:06:55Z	137302f436716e4d5b7a7cf75ab9af7b	/workspace/rst/cache_4_5/library/tensor/1.5.1/137302f436716e4d5b7a7cf75ab9af7b/tensor	available
4.5.2	tensorA	0.36.2.1	2025-06-03T20:13:21Z	324d7f9bf38bd9560e10c92442efa59e	/workspace/rst/cache_4_5/library/tensorA/0.36.2.1/324d7f9bf38bd9560e10c92442efa59e/tensorA	available
4.5.2	tensorflow	2.20.0	2025-12-06T20:47:53Z	85fb2fe85e2dfed2c32db7d309734d3e	/workspace/rst/cache_4_5/library/tensorflow/2.20.0/85fb2fe85e2dfed2c32db7d309734d3e/tensorflow	available
4.5.2	terra	1.9.50	2026-09-10T06:20:31Z	24300daed91144cb268b71581b3010cf	/workspace/rst/cache_4_5/library/terra/1.9-50/24300daed91144cb268b71581b3010cf/terra	available
4.5.2	tesseract	5.3.1	2026-09-14T06:19:47Z	3b7114ac1c1520618bf3384ff07c67d8	/workspace/rst/cache_4_5/library/tesseract/5.3.1/3b7114ac1c1520618bf3384ff07c67d8/tesseract	available
4.5.2	testit	1.1.2	2026-09-06T06:25:29Z	45635f4f6eea16d2e2823b072a41980c	/workspace/rst/cache_4_5/library/testit/1.1.2/45635f4f6eea16d2e2823b072a41980c/testit	available
4.5.2	testthat	3.3.2	2026-01-13T07:07:17Z	9ec5d6b8691b8fc06e03813b83c83f9a	/workspace/rst/cache_4_5/library/testthat/3.3.2/9ec5d6b8691b8fc06e03813b83c83f9a/testthat	available
4.5.2	texreg	1.40	2026-08-27T06:17:40Z	db586f8ccfb24782d06fc40099082e70	/workspace/rst/cache_4_5/library/texreg/1.40/db586f8ccfb24782d06fc40099082e70/texreg	available
4.5.2	text2vec	0.6.6	2025-12-06T20:47:54Z	2209fd39d1f5703f945233935b7d6571	/workspace/rst/cache_4_5/library/text2vec/0.6.6/2209fd39d1f5703f945233935b7d6571/text2vec	available
4.5.2	textdata	0.4.5	2025-06-04T05:50:24Z	287d6ba3f1f78acfb97a1b318fdae1db	/workspace/rst/cache_4_5/library/textdata/0.4.5/287d6ba3f1f78acfb97a1b318fdae1db/textdata	available
4.5.2	textshape	1.7.5	2025-06-04T02:41:01Z	ef76f0ff0ed803a5df6e46ff09511f41	/workspace/rst/cache_4_5/library/textshape/1.7.5/ef76f0ff0ed803a5df6e46ff09511f41/textshape	available
4.5.2	textshaping	1.0.5	2026-04-23T16:48:46Z	a864201d3336d75ba7362202fb3634d8	/workspace/rst/cache_4_5/library/textshaping/1.0.5/a864201d3336d75ba7362202fb3634d8/textshaping	available
4.5.2	tfautograph	0.3.2	2025-06-04T02:32:02Z	da3ffefcebfca1c1cdacdb8b9610f560	/workspace/rst/cache_4_5/library/tfautograph/0.3.2/da3ffefcebfca1c1cdacdb8b9610f560/tfautograph	available
4.5.2	tfdatasets	2.18.0	2025-12-06T20:47:55Z	ee3be2772f6f1c322831bdcee4c7559f	/workspace/rst/cache_4_5/library/tfdatasets/2.18.0/ee3be2772f6f1c322831bdcee4c7559f/tfdatasets	available
4.5.2	tfestimators	1.9.3	2025-12-06T20:47:55Z	a2760196e4e657d11765b809c6f93856	/workspace/rst/cache_4_5/library/tfestimators/1.9.3/a2760196e4e657d11765b809c6f93856/tfestimators	available
4.5.2	tfruns	1.5.4	2025-12-06T20:47:56Z	e08317bb658fae2b7919fdc61db8d89a	/workspace/rst/cache_4_5/library/tfruns/1.5.4/e08317bb658fae2b7919fdc61db8d89a/tfruns	available
4.5.2	tgp	2.4.23	2025-06-04T02:34:46Z	003e14b83168393a03b93d3a167e92de	/workspace/rst/cache_4_5/library/tgp/2.4-23/003e14b83168393a03b93d3a167e92de/tgp	available
4.5.2	thematic	0.1.8	2025-12-06T20:47:56Z	08bc96b589fe399cd3ec29947104f361	/workspace/rst/cache_4_5/library/thematic/0.1.8/08bc96b589fe399cd3ec29947104f361/thematic	available
4.5.2	themis	1.1.0	2026-08-04T06:17:16Z	ec868c77fbb89191edf91aa20d4da238	/workspace/rst/cache_4_5/library/themis/1.1.0/ec868c77fbb89191edf91aa20d4da238/themis	available
4.5.2	threejs	0.3.4	2025-06-03T20:14:45Z	70045af0f7f011956198f7140a7f9102	/workspace/rst/cache_4_5/library/threejs/0.3.4/70045af0f7f011956198f7140a7f9102/threejs	available
4.5.2	tibble	3.3.1	2026-01-13T07:07:18Z	d5c788bb1e8e30d2b594de65de270462	/workspace/rst/cache_4_5/library/tibble/3.3.1/d5c788bb1e8e30d2b594de65de270462/tibble	available
4.5.2	tictoc	1.2.1	2025-06-04T05:52:02Z	6d5572b490fbdf0df35af49b23d474ac	/workspace/rst/cache_4_5/library/tictoc/1.2.1/6d5572b490fbdf0df35af49b23d474ac/tictoc	available
4.5.2	tidyHeatmap	1.13.1	2025-12-06T20:47:56Z	b78f0adc25718b7ce4dbac55370931d5	/workspace/rst/cache_4_5/library/tidyHeatmap/1.13.1/b78f0adc25718b7ce4dbac55370931d5/tidyHeatmap	available
4.5.2	tidyLPA	2.0.2	2026-02-27T07:05:02Z	62db79dc4d42fbe23bbf0c241ff5b7d8	/workspace/rst/cache_4_5/library/tidyLPA/2.0.2/62db79dc4d42fbe23bbf0c241ff5b7d8/tidyLPA	available
4.5.2	tidySEM	0.2.9	2025-08-05T15:29:20Z	aacec4e18c27bdd5618694db9ee669d6	/workspace/rst/cache_4_5/library/tidySEM/0.2.9/aacec4e18c27bdd5618694db9ee669d6/tidySEM	available
4.5.2	tidyclust	0.3.2	2026-06-30T06:11:06Z	55f26996c6d68760d7c761ca346d45e5	/workspace/rst/cache_4_5/library/tidyclust/0.3.2/55f26996c6d68760d7c761ca346d45e5/tidyclust	available
4.5.2	tidycmprsk	1.1.2	2026-04-11T06:28:49Z	e5e76f3a8542ec40f29ba26ad9fddd5d	/workspace/rst/cache_4_5/library/tidycmprsk/1.1.2/e5e76f3a8542ec40f29ba26ad9fddd5d/tidycmprsk	available
4.5.2	tidydr	0.0.6	2025-08-05T15:29:20Z	cb888abda5bf861e46d9cced23178096	/workspace/rst/cache_4_5/library/tidydr/0.0.6/cb888abda5bf861e46d9cced23178096/tidydr	available
4.5.2	tidygraph	1.3.1	2025-06-03T22:33:33Z	b76915f33e3124bf0dc050b92c3907c0	/workspace/rst/cache_4_5/library/tidygraph/1.3.1/b76915f33e3124bf0dc050b92c3907c0/tidygraph	available
4.5.2	tidymodels	1.5.0	2026-04-27T06:11:34Z	3b60e5dac2a460470c6e58efed2dd28a	/workspace/rst/cache_4_5/library/tidymodels/1.5.0/3b60e5dac2a460470c6e58efed2dd28a/tidymodels	available
4.5.2	tidyproteomics	1.8.9	2025-12-09T06:53:47Z	2580f5a11fda9e2a5c58080961f03fe5	/workspace/rst/cache_4_5/library/tidyproteomics/1.8.9/2580f5a11fda9e2a5c58080961f03fe5/tidyproteomics	available
4.5.2	tidyr	1.3.2	2026-02-24T15:26:34Z	e803bf704bf33cfdc721d5791610c10a	/workspace/rst/cache_4_5/library/tidyr/1.3.2/e803bf704bf33cfdc721d5791610c10a/tidyr	available
4.5.2	tidyselect	1.2.1	2025-06-03T15:45:16Z	2f2b4d6ab9e4d86b75387684b9543582	/workspace/rst/cache_4_5/library/tidyselect/1.2.1/2f2b4d6ab9e4d86b75387684b9543582/tidyselect	available
4.5.2	tidyterra	1.3.0	2026-08-26T06:18:52Z	cac2a811b41ba72beefb686d6153369d	/workspace/rst/cache_4_5/library/tidyterra/1.3.0/cac2a811b41ba72beefb686d6153369d/tidyterra	available
4.5.2	tidytext	0.4.3	2025-08-05T15:29:21Z	b06e22e7d214311c07ab80e4acb0f4be	/workspace/rst/cache_4_5/library/tidytext/0.4.3/b06e22e7d214311c07ab80e4acb0f4be/tidytext	available
4.5.2	tidytree	0.4.8	2026-07-04T06:15:18Z	7caff80eef37ea7aef4cd34dcaabaa7d	/workspace/rst/cache_4_5/library/tidytree/0.4.8/7caff80eef37ea7aef4cd34dcaabaa7d/tidytree	available
4.5.2	tidyverse	2.0.0	2025-06-04T05:55:53Z	030f5126ed62db8a98f71d6daf67b464	/workspace/rst/cache_4_5/library/tidyverse/2.0.0/030f5126ed62db8a98f71d6daf67b464/tidyverse	available
4.5.2	tiff	0.1.12	2025-06-03T20:54:41Z	ed0be7dd73610200b4ea95cb5d509ecf	/workspace/rst/cache_4_5/library/tiff/0.1-12/ed0be7dd73610200b4ea95cb5d509ecf/tiff	available
4.5.2	tikhonova	0.0.0.9000	2026-09-11T12:08:37Z	65e102974a585d5bdb2a9a0cf821acf7	/workspace/rst/cache_4_5/library/tikhonova/0.0.0.9000/65e102974a585d5bdb2a9a0cf821acf7/tikhonova	available
4.5.2	tikzDevice	0.12.6	2025-06-04T05:56:11Z	25c55507d7635347093f72f64b34a493	/workspace/rst/cache_4_5/library/tikzDevice/0.12.6/25c55507d7635347093f72f64b34a493/tikzDevice	available
4.5.2	timeDate	4052.112	2026-01-30T07:07:54Z	f36a70742cab987e825cc0672b1bb2f8	/workspace/rst/cache_4_5/library/timeDate/4052.112/f36a70742cab987e825cc0672b1bb2f8/timeDate	available
4.5.2	timeSeries	4052.112	2025-12-14T07:01:55Z	9c08439d39d459cb236097d90eb24686	/workspace/rst/cache_4_5/library/timeSeries/4052.112/9c08439d39d459cb236097d90eb24686/timeSeries	available
4.5.2	timechange	0.4.0	2026-01-31T07:04:43Z	a88d903bb6ebb1d294b88036bd1b47a7	/workspace/rst/cache_4_5/library/timechange/0.4.0/a88d903bb6ebb1d294b88036bd1b47a7/timechange	available
4.5.2	timereg	2.0.7	2025-12-06T20:47:57Z	d223e023c7e429d335cf57ced19ae4ab	/workspace/rst/cache_4_5/library/timereg/2.0.7/d223e023c7e429d335cf57ced19ae4ab/timereg	available
4.5.2	tinyimg	0.4	2026-07-13T06:12:44Z	af917e8ca16d3d5877819f094c7a6c3d	/workspace/rst/cache_4_5/library/tinyimg/0.4/af917e8ca16d3d5877819f094c7a6c3d/tinyimg	available
4.5.2	tinyplot	0.7.0	2026-07-05T06:12:15Z	d4259a17e344d3606ef1bbe954fd1629	/workspace/rst/cache_4_5/library/tinyplot/0.7.0/d4259a17e344d3606ef1bbe954fd1629/tinyplot	available
4.5.2	tinysnapshot	0.3.0	2026-08-23T06:21:35Z	dd7ba96e3c897aa2685161f0c3491dfd	/workspace/rst/cache_4_5/library/tinysnapshot/0.3.0/dd7ba96e3c897aa2685161f0c3491dfd/tinysnapshot	available
4.5.2	tinytable	0.9.0	2025-06-04T03:15:25Z	f39c1d88df91a605fb19799da29aec24	/workspace/rst/cache_4_5/library/tinytable/0.9.0/f39c1d88df91a605fb19799da29aec24/tinytable	available
4.5.2	tinytest	1.4.3	2026-03-26T06:16:15Z	d64e35657ef6c746463322a15d45b70c	/workspace/rst/cache_4_5/library/tinytest/1.4.3/d64e35657ef6c746463322a15d45b70c/tinytest	available
4.5.2	tinytex	0.61	2026-09-19T06:19:56Z	6bfb4ab5b513c5aa33330c8c8668be98	/workspace/rst/cache_4_5/library/tinytex/0.61/6bfb4ab5b513c5aa33330c8c8668be98/tinytex	available
4.5.2	tippy	0.1.0	2025-12-03T07:04:05Z	0c878311c89c802ea5438e09939a6e24	/workspace/rst/cache_4_5/library/tippy/0.1.0/0c878311c89c802ea5438e09939a6e24/tippy	available
4.5.2	tis	1.39	2025-06-03T19:11:58Z	1bed08f81698c24b5cc70ff992118754	/workspace/rst/cache_4_5/library/tis/1.39/1bed08f81698c24b5cc70ff992118754/tis	available
4.5.2	titanic	0.1.0	2025-06-04T05:57:07Z	bc1af924db7b7682905e2da090f9f1cb	/workspace/rst/cache_4_5/library/titanic/0.1.0/bc1af924db7b7682905e2da090f9f1cb/titanic	available
4.5.2	tkWidgets	1.88.0	2025-11-05T09:51:50Z	48bddd97d27c51e8d715e0e5b7e0db2e	/workspace/rst/cache_4_5/library/tkWidgets/1.88.0/48bddd97d27c51e8d715e0e5b7e0db2e/tkWidgets	available
4.5.2	tkrplot	0.0.32	2026-03-28T06:29:25Z	c57ea992ec9126831b0237328e799d4c	/workspace/rst/cache_4_5/library/tkrplot/0.0-32/c57ea992ec9126831b0237328e799d4c/tkrplot	available
4.5.2	tm	0.7.18	2026-02-21T15:19:27Z	04704bb5970c51ab39f1266cfac80895	/workspace/rst/cache_4_5/library/tm/0.7-18/04704bb5970c51ab39f1266cfac80895/tm	available
4.5.2	tmap	4.4.1	2026-06-28T06:11:57Z	9279aa0255ab1afac05a8ee504de94a6	/workspace/rst/cache_4_5/library/tmap/4.4-1/9279aa0255ab1afac05a8ee504de94a6/tmap	available
4.5.2	tmaptools	3.3	2025-08-05T15:29:23Z	85bc8bf937d2619063d2832730e5e5e7	/workspace/rst/cache_4_5/library/tmaptools/3.3/85bc8bf937d2619063d2832730e5e5e7/tmaptools	available
4.5.2	tmvnsim	1.0.2	2025-06-04T00:43:03Z	ffcf7b7a9e98722cb4ba623b058d6f14	/workspace/rst/cache_4_5/library/tmvnsim/1.0-2/ffcf7b7a9e98722cb4ba623b058d6f14/tmvnsim	available
4.5.2	tmvtnorm	1.7	2025-12-06T20:48:00Z	83a71ebad2d3b1b7caeab2a55d9dd17c	/workspace/rst/cache_4_5/library/tmvtnorm/1.7/83a71ebad2d3b1b7caeab2a55d9dd17c/tmvtnorm	available
4.5.2	todor	0.1.2	2025-06-04T05:58:46Z	e1b4ef294921ef1ccf7cbbb4afdb3ed8	/workspace/rst/cache_4_5/library/todor/0.1.2/e1b4ef294921ef1ccf7cbbb4afdb3ed8/todor	available
4.5.2	tokenizers	0.3.0	2025-06-03T19:58:42Z	f882c4f8dfb2b2f184bfc30dfdd733d5	/workspace/rst/cache_4_5/library/tokenizers/0.3.0/f882c4f8dfb2b2f184bfc30dfdd733d5/tokenizers	available
4.5.2	tools	4.5.0	2025-06-03T15:45:17Z	19eaa6e28a8f8e066aba1b66fe4b43db	/workspace/rst/cache_4_5/library/tools/4.5.0/19eaa6e28a8f8e066aba1b66fe4b43db/tools	base
4.5.2	topGO	2.62.0	2026-02-24T15:26:35Z	45411a216d803bb80ac1e051aa975fb3	/workspace/rst/cache_4_5/library/topGO/2.62.0/45411a216d803bb80ac1e051aa975fb3/topGO	available
4.5.2	topicmodels	0.2.17	2025-06-04T05:59:06Z	681e5bcb3736dcdb32a75bfeb1c7511d	/workspace/rst/cache_4_5/library/topicmodels/0.2-17/681e5bcb3736dcdb32a75bfeb1c7511d/topicmodels	available
4.5.2	topologyGSA	1.5.0	2025-06-04T05:59:56Z	d40914de5b43c09b0de241fb4a0b4b6c	/workspace/rst/cache_4_5/library/topologyGSA/1.5.0/d40914de5b43c09b0de241fb4a0b4b6c/topologyGSA	available
4.5.2	torch	0.17.0	2026-04-13T06:21:35Z	df3412675efc926fa70950c329bcdb02	/workspace/rst/cache_4_5/library/torch/0.17.0/df3412675efc926fa70950c329bcdb02/torch	available
4.5.2	trackViewer	1.46.0	2025-11-05T09:51:51Z	136ee2f25583eee081648700a268f651	/workspace/rst/cache_4_5/library/trackViewer/1.46.0/136ee2f25583eee081648700a268f651/trackViewer	available
4.5.2	tradeSeq	1.24.0	2026-06-13T06:15:47Z	6f5d9474278d0df7fff0065a013af3b1	/workspace/rst/cache_4_5/library/tradeSeq/1.24.0/6f5d9474278d0df7fff0065a013af3b1/tradeSeq	available
4.5.2	trajectories	0.2.9	2025-06-04T06:01:47Z	3b6b3d68bb7637b1fa591a850ad40fa6	/workspace/rst/cache_4_5/library/trajectories/0.2-9/3b6b3d68bb7637b1fa591a850ad40fa6/trajectories	available
4.5.2	tram	1.4.5	2026-08-25T06:20:02Z	413a77382686e234151bcc76d3b824c6	/workspace/rst/cache_4_5/library/tram/1.4-5/413a77382686e234151bcc76d3b824c6/tram	available
4.5.2	tramME	1.0.8	2025-12-06T20:48:01Z	3ac0629af35d3444ed5680310f97dbfc	/workspace/rst/cache_4_5/library/tramME/1.0.8/3ac0629af35d3444ed5680310f97dbfc/tramME	available
4.5.2	tramnet	0.0.991	2026-03-12T06:21:47Z	2849cc316b650c1251003c656de799c1	/workspace/rst/cache_4_5/library/tramnet/0.0-991/2849cc316b650c1251003c656de799c1/tramnet	available
4.5.2	tramvs	0.0.9	2026-03-12T06:21:48Z	877debd79610dfe2bbb74301312e6f37	/workspace/rst/cache_4_5/library/tramvs/0.0-9/877debd79610dfe2bbb74301312e6f37/tramvs	available
4.5.2	transformr	0.1.5	2025-06-04T01:51:12Z	480e26feac6be49c1887ac0a69e0b154	/workspace/rst/cache_4_5/library/transformr/0.1.5/480e26feac6be49c1887ac0a69e0b154/transformr	available
4.5.2	translations	4.5.0	2025-06-03T15:45:18Z	7c309a57e69f71a5e23af85bc0e6b98e	/workspace/rst/cache_4_5/library/translations/4.5.0/7c309a57e69f71a5e23af85bc0e6b98e/translations	available
4.5.2	tree	1.0.47	2026-08-05T06:21:02Z	c5e101515b4cc46b25fab9789f11be91	/workspace/rst/cache_4_5/library/tree/1.0-47/c5e101515b4cc46b25fab9789f11be91/tree	available
4.5.2	tree.interpreter	0.1.3	2025-12-06T20:48:02Z	a16b1b2de2f8e0dbc68d22778e50c2d0	/workspace/rst/cache_4_5/library/tree.interpreter/0.1.3/a16b1b2de2f8e0dbc68d22778e50c2d0/tree.interpreter	available
4.5.2	treeio	1.34.0	2025-11-05T09:51:51Z	61825af8d4e5db0e2ea62d8e644106b2	/workspace/rst/cache_4_5/library/treeio/1.34.0/61825af8d4e5db0e2ea62d8e644106b2/treeio	available
4.5.2	treemap	2.4.4	2025-06-04T05:13:53Z	323d645298b477eb7f4f8e49a77d3af3	/workspace/rst/cache_4_5/library/treemap/2.4-4/323d645298b477eb7f4f8e49a77d3af3/treemap	available
4.5.2	triangle	1.1.0	2026-04-29T06:05:17Z	6e91d3d9ac16bbc8d0b3c170d0b43793	/workspace/rst/cache_4_5/library/triangle/1.1.0/6e91d3d9ac16bbc8d0b3c170d0b43793/triangle	available
4.5.2	triebeard	0.4.1	2025-06-04T01:06:56Z	c34ea8260a6375c0509335df4b5300c2	/workspace/rst/cache_4_5/library/triebeard/0.4.1/c34ea8260a6375c0509335df4b5300c2/triebeard	available
4.5.2	tripack	1.3.9.4	2026-06-09T06:06:54Z	628c5484cc49160fa431ae63807e3199	/workspace/rst/cache_4_5/library/tripack/1.3-9.4/628c5484cc49160fa431ae63807e3199/tripack	available
4.5.2	trtf	0.4.3	2025-06-04T06:03:42Z	14bcb204e247d51a575aa9d28df5b247	/workspace/rst/cache_4_5/library/trtf/0.4-3/14bcb204e247d51a575aa9d28df5b247/trtf	available
4.5.2	truncdist	1.0.2	2025-06-04T06:03:58Z	9db94c111ce07266585442812471a635	/workspace/rst/cache_4_5/library/truncdist/1.0-2/9db94c111ce07266585442812471a635/truncdist	available
4.5.2	truncnorm	1.0.9	2025-06-03T18:32:37Z	97117e1d51db8c7266a875e6ec47d6c0	/workspace/rst/cache_4_5/library/truncnorm/1.0-9/97117e1d51db8c7266a875e6ec47d6c0/truncnorm	available
4.5.2	truncreg	0.2.5	2025-06-04T03:00:21Z	a566491d7a8bfd19c0c6a2d8de9f3ec3	/workspace/rst/cache_4_5/library/truncreg/0.2-5/a566491d7a8bfd19c0c6a2d8de9f3ec3/truncreg	available
4.5.2	trust	0.1.9	2026-02-13T07:12:32Z	edbec6a5493a08a16ca3c8d460d3a846	/workspace/rst/cache_4_5/library/trust/0.1-9/edbec6a5493a08a16ca3c8d460d3a846/trust	available
4.5.2	tsModel	0.6.2	2025-06-04T06:04:18Z	20b01bdae9f6c878de90092cf1a3beee	/workspace/rst/cache_4_5/library/tsModel/0.6-2/20b01bdae9f6c878de90092cf1a3beee/tsModel	available
4.5.2	tseries	0.10.63	2026-08-13T06:19:18Z	efe5dd632c39d6d2b1b0ecd3ca4ff8db	/workspace/rst/cache_4_5/library/tseries/0.10-63/efe5dd632c39d6d2b1b0ecd3ca4ff8db/tseries	available
4.5.2	tsfeatures	1.1.1	2025-06-04T06:04:37Z	90145e4aafdbfe1ba1ed062f1b90db17	/workspace/rst/cache_4_5/library/tsfeatures/1.1.1/90145e4aafdbfe1ba1ed062f1b90db17/tsfeatures	available
4.5.2	tsibble	1.2.0	2026-02-11T07:02:15Z	84f5be67f81cc65b92ba6c86adc746c0	/workspace/rst/cache_4_5/library/tsibble/1.2.0/84f5be67f81cc65b92ba6c86adc746c0/tsibble	available
4.5.2	tth	4.16.1	2026-08-02T06:25:51Z	240cddd076d3122a5a4f1d2cdaecac3e	/workspace/rst/cache_4_5/library/tth/4.16-1/240cddd076d3122a5a4f1d2cdaecac3e/tth	available
4.5.2	tufte	0.15.0	2026-05-22T06:25:18Z	b1f53187d286236f1502d9407a7351bb	/workspace/rst/cache_4_5/library/tufte/0.15.0/b1f53187d286236f1502d9407a7351bb/tufte	available
4.5.2	tune	2.1.0	2026-04-19T06:09:46Z	5addc364dc112180c69bab1155f904c2	/workspace/rst/cache_4_5/library/tune/2.1.0/5addc364dc112180c69bab1155f904c2/tune	available
4.5.2	tvthemes	1.3.3	2025-06-04T02:55:42Z	44201a02cacb4eeba8762d784fd0212e	/workspace/rst/cache_4_5/library/tvthemes/1.3.3/44201a02cacb4eeba8762d784fd0212e/tvthemes	available
4.5.2	twang	2.6.2	2025-12-26T06:55:32Z	935797c66fe52abba55e473a34f7ebc2	/workspace/rst/cache_4_5/library/twang/2.6.2/935797c66fe52abba55e473a34f7ebc2/twang	available
4.5.2	twangContinuous	1.0.0	2025-06-04T06:05:57Z	6144bcd1c9a205fe6ac30334b629c880	/workspace/rst/cache_4_5/library/twangContinuous/1.0.0/6144bcd1c9a205fe6ac30334b629c880/twangContinuous	available
4.5.2	tweeDEseqCountData	1.48.0	2025-11-06T07:53:02Z	f6e0321bf1d08fabfb5dc11e41021d41	/workspace/rst/cache_4_5/library/tweeDEseqCountData/1.48.0/f6e0321bf1d08fabfb5dc11e41021d41/tweeDEseqCountData	available
4.5.2	tweedie	3.1.0	2026-05-21T06:15:17Z	81b99bbb2e4db1bc891351ab761160ed	/workspace/rst/cache_4_5/library/tweedie/3.1.0/81b99bbb2e4db1bc891351ab761160ed/tweedie	available
4.5.2	tweedieDistr	0.2.0	2026-09-10T06:20:32Z	45dbaa7992b1da78c0941c7631b9fa5f	/workspace/rst/cache_4_5/library/tweedieDistr/0.2.0/45dbaa7992b1da78c0941c7631b9fa5f/tweedieDistr	available
4.5.2	tweenr	2.0.3	2025-06-03T15:45:21Z	ca6cab4eb29695d4a3320e858cde68b5	/workspace/rst/cache_4_5/library/tweenr/2.0.3/ca6cab4eb29695d4a3320e858cde68b5/tweenr	available
4.5.2	twosamples	2.0.1	2025-06-04T01:50:28Z	7e00d379d20e5933cfeedd26787ca4ec	/workspace/rst/cache_4_5/library/twosamples/2.0.1/7e00d379d20e5933cfeedd26787ca4ec/twosamples	available
4.5.2	txdbmaker	1.6.2	2025-12-17T07:00:09Z	57a48f536716034d7eb0895f129d05fd	/workspace/rst/cache_4_5/library/txdbmaker/1.6.2/57a48f536716034d7eb0895f129d05fd/txdbmaker	available
4.5.2	tximeta	1.28.3	2026-02-11T07:02:16Z	54ebdf3c7f011ea3e4f82cdbfecdb619	/workspace/rst/cache_4_5/library/tximeta/1.28.3/54ebdf3c7f011ea3e4f82cdbfecdb619/tximeta	available
4.5.2	tximport	1.38.2	2025-12-27T06:55:34Z	9a460b653f8dacb5d7d1e2030e67045f	/workspace/rst/cache_4_5/library/tximport/1.38.2/9a460b653f8dacb5d7d1e2030e67045f/tximport	available
4.5.2	tximportData	1.38.0	2025-11-06T07:53:06Z	f19436df969aca32addf1c8bb9356b0c	/workspace/rst/cache_4_5/library/tximportData/1.38.0/f19436df969aca32addf1c8bb9356b0c/tximportData	available
4.5.2	tzdb	0.5.0	2025-06-03T15:45:21Z	fc0f9e3b874f83937aad94ceb76fccb5	/workspace/rst/cache_4_5/library/tzdb/0.5.0/fc0f9e3b874f83937aad94ceb76fccb5/tzdb	available
4.5.2	ucminf	1.2.3	2026-04-04T06:09:39Z	0541ef9c9ac10e6a3129b486e08453be	/workspace/rst/cache_4_5/library/ucminf/1.2.3/0541ef9c9ac10e6a3129b486e08453be/ucminf	available
4.5.2	udpipe	0.8.16	2026-02-01T07:02:03Z	f4a0c94921bf7438b0f412f0ec78c0f8	/workspace/rst/cache_4_5/library/udpipe/0.8.16/f4a0c94921bf7438b0f412f0ec78c0f8/udpipe	available
4.5.2	umap	0.2.10.0	2025-06-03T19:12:46Z	e708776b186cf4b697dd35a8a85a5be4	/workspace/rst/cache_4_5/library/umap/0.2.10.0/e708776b186cf4b697dd35a8a85a5be4/umap	available
4.5.2	umx	4.65.0	2026-05-20T06:14:05Z	351a6858f1540391cb05a5054c7fac27	/workspace/rst/cache_4_5/library/umx/4.65.0/351a6858f1540391cb05a5054c7fac27/umx	available
4.5.2	unitizer	1.4.24	2026-07-21T06:18:58Z	e1ec729207bb9ff6ebfd47e0aeda7540	/workspace/rst/cache_4_5/library/unitizer/1.4.24/e1ec729207bb9ff6ebfd47e0aeda7540/unitizer	available
4.5.2	units	1.0.1	2026-04-23T16:48:46Z	ec3207ac60e03bee14febff5d12d9022	/workspace/rst/cache_4_5/library/units/1.0-1/ec3207ac60e03bee14febff5d12d9022/units	available
4.5.2	universalmotif	1.28.0	2025-11-05T09:51:52Z	3bc6e3671d80ab400b6b006d9f15568c	/workspace/rst/cache_4_5/library/universalmotif/1.28.0/3bc6e3671d80ab400b6b006d9f15568c/universalmotif	available
4.5.2	unix	1.6.0	2026-04-27T06:11:35Z	e18237ea4872cf59331bb0db3db5dcd1	/workspace/rst/cache_4_5/library/unix/1.6.0/e18237ea4872cf59331bb0db3db5dcd1/unix	available
4.5.2	unmarked	1.5.2	2026-08-22T06:22:30Z	30e54721509c41e1be3125662adf3ee5	/workspace/rst/cache_4_5/library/unmarked/1.5.2/30e54721509c41e1be3125662adf3ee5/unmarked	available
4.5.2	urca	1.3.4	2025-06-04T01:12:16Z	03406ce6b93abcc2cdf99b7dd9df0be6	/workspace/rst/cache_4_5/library/urca/1.3-4/03406ce6b93abcc2cdf99b7dd9df0be6/urca	available
4.5.2	urlchecker	2.0.0	2026-07-10T06:14:21Z	ee869f4f18553ecd31bbe52a6208dd0d	/workspace/rst/cache_4_5/library/urlchecker/2.0.0/ee869f4f18553ecd31bbe52a6208dd0d/urlchecker	available
4.5.2	urltools	1.7.3.1	2025-06-15T05:37:21Z	d6406bd8d5d0175933a64841b8e48f35	/workspace/rst/cache_4_5/library/urltools/1.7.3.1/d6406bd8d5d0175933a64841b8e48f35/urltools	available
4.5.2	uroot	2.1.3	2025-06-04T06:11:17Z	44faab3eb8ce70f603455dbe23484df0	/workspace/rst/cache_4_5/library/uroot/2.1-3/44faab3eb8ce70f603455dbe23484df0/uroot	available
4.5.2	usethis	3.2.2	2026-09-12T06:18:57Z	7c669a317e077a0eb9699e2d96a2cd73	/workspace/rst/cache_4_5/library/usethis/3.2.2/7c669a317e077a0eb9699e2d96a2cd73/usethis	available
4.5.2	utf8	1.2.6	2025-12-24T15:06:58Z	98e722115f8783ca3d5e6588a6657049	/workspace/rst/cache_4_5/library/utf8/1.2.6/98e722115f8783ca3d5e6588a6657049/utf8	available
4.5.2	utile.visuals	0.3.3	2025-06-04T06:11:36Z	00ba52832e7f7e0a095f83ef72c82ad5	/workspace/rst/cache_4_5/library/utile.visuals/0.3.3/00ba52832e7f7e0a095f83ef72c82ad5/utile.visuals	available
4.5.2	utils	4.5.0	2025-06-03T15:45:24Z	326d3a120d6d9c72fc35359840027e8d	/workspace/rst/cache_4_5/library/utils/4.5.0/326d3a120d6d9c72fc35359840027e8d/utils	base
4.5.2	uuid	1.2.2	2026-01-25T07:12:17Z	638b03539831ae0809756ff16dec9d96	/workspace/rst/cache_4_5/library/uuid/1.2-2/638b03539831ae0809756ff16dec9d96/uuid	available
4.5.2	uwot	0.2.5	2026-08-31T06:23:18Z	c604735ece7d0f6ff205f9d4a2631176	/workspace/rst/cache_4_5/library/uwot/0.2.5/c604735ece7d0f6ff205f9d4a2631176/uwot	available
4.5.2	validate	1.1.7	2026-09-04T06:18:47Z	51cc3a7caeab1ce40f83bb6b036a8f79	/workspace/rst/cache_4_5/library/validate/1.1.7/51cc3a7caeab1ce40f83bb6b036a8f79/validate	available
4.5.2	valr	0.9.1	2026-01-13T07:07:19Z	4dcef7825af264be71cdc164ca9c46d8	/workspace/rst/cache_4_5/library/valr/0.9.1/4dcef7825af264be71cdc164ca9c46d8/valr	available
4.5.2	varImp	0.4	2025-06-04T06:13:40Z	299d6505ff26876c049dc6c0c3f3814c	/workspace/rst/cache_4_5/library/varImp/0.4/299d6505ff26876c049dc6c0c3f3814c/varImp	available
4.5.2	variables	1.1.2	2025-06-04T00:21:06Z	b4a15df9041ffa98d5a796fc6db0909c	/workspace/rst/cache_4_5/library/variables/1.1-2/b4a15df9041ffa98d5a796fc6db0909c/variables	available
4.5.2	variancePartition	1.40.2	2026-03-24T06:27:28Z	d86a86d1bcb42c5c97aa83daadb963b4	/workspace/rst/cache_4_5/library/variancePartition/1.40.2/d86a86d1bcb42c5c97aa83daadb963b4/variancePartition	available
4.5.2	vars	1.6.1	2025-06-04T01:12:16Z	3dc50d4d002aecf06d9cf5c0549cf261	/workspace/rst/cache_4_5/library/vars/1.6-1/3dc50d4d002aecf06d9cf5c0549cf261/vars	available
4.5.2	vcd	1.4.14	2026-07-31T06:11:56Z	8ec3e2fae21e5aa5714ba9bd98fa261f	/workspace/rst/cache_4_5/library/vcd/1.4-14/8ec3e2fae21e5aa5714ba9bd98fa261f/vcd	available
4.5.2	vcdExtra	0.9.8	2026-08-23T06:21:35Z	d34d8e5a2140cb195ad1a3faf24809d5	/workspace/rst/cache_4_5/library/vcdExtra/0.9.8/d34d8e5a2140cb195ad1a3faf24809d5/vcdExtra	available
4.5.2	vcr	2.1.0	2025-12-07T06:57:40Z	fe92e497f8feaa9c8b383b6c0d8b0c24	/workspace/rst/cache_4_5/library/vcr/2.1.0/fe92e497f8feaa9c8b383b6c0d8b0c24/vcr	available
4.5.2	vctrs	0.7.3	2026-04-13T06:21:35Z	76f25cfcc6e7464d46a57a9f82915214	/workspace/rst/cache_4_5/library/vctrs/0.7.3/76f25cfcc6e7464d46a57a9f82915214/vctrs	available
4.5.2	vdg	1.2.3	2025-06-04T06:14:47Z	7c55e59c30be66eaad281c43a26ad65a	/workspace/rst/cache_4_5/library/vdg/1.2.3/7c55e59c30be66eaad281c43a26ad65a/vdg	available
4.5.2	vdiffr	1.0.9	2026-02-17T07:12:54Z	97be9e6027eb5f25ea5ad8bec193770f	/workspace/rst/cache_4_5/library/vdiffr/1.0.9/97be9e6027eb5f25ea5ad8bec193770f/vdiffr	available
4.5.2	vegan	2.7.6	2026-09-02T06:21:49Z	aabfa77fe00d95046dc92327ceff3993	/workspace/rst/cache_4_5/library/vegan/2.7-6/aabfa77fe00d95046dc92327ceff3993/vegan	available
4.5.2	vembedr	0.1.5	2025-06-04T06:15:28Z	4f3831d8a26158b6680e1fd4db0a3726	/workspace/rst/cache_4_5/library/vembedr/0.1.5/4f3831d8a26158b6680e1fd4db0a3726/vembedr	available
4.5.2	venn	1.13	2026-04-02T06:19:40Z	03631105ad950f5d3e81950b3959653e	/workspace/rst/cache_4_5/library/venn/1.13/03631105ad950f5d3e81950b3959653e/venn	available
4.5.2	versionsort	1.1.0	2025-06-04T06:15:46Z	5832b0523aa49133560cf24fb550401c	/workspace/rst/cache_4_5/library/versionsort/1.1.0/5832b0523aa49133560cf24fb550401c/versionsort	available
4.5.2	vioplot	0.5.1	2025-06-12T05:37:11Z	1392a051f8b55b1c3660f81ba2dc90d2	/workspace/rst/cache_4_5/library/vioplot/0.5.1/1392a051f8b55b1c3660f81ba2dc90d2/vioplot	available
4.5.2	vip	0.4.6	2026-04-27T06:11:35Z	7f04b96ec7b2c9284308ab463a39abef	/workspace/rst/cache_4_5/library/vip/0.4.6/7f04b96ec7b2c9284308ab463a39abef/vip	available
4.5.2	viper	1.44.0	2026-03-14T06:11:18Z	2a17902ebdca3e6575472c3f88656627	/workspace/rst/cache_4_5/library/viper/1.44.0/2a17902ebdca3e6575472c3f88656627/viper	available
4.5.2	vipor	0.4.7	2025-06-03T15:45:25Z	1b26bb1805cacd3e92328d1a00e02475	/workspace/rst/cache_4_5/library/vipor/0.4.7/1b26bb1805cacd3e92328d1a00e02475/vipor	available
4.5.2	viridis	0.6.5	2025-06-03T15:45:26Z	27cfcf173b8f9da8df56624d08cb2927	/workspace/rst/cache_4_5/library/viridis/0.6.5/27cfcf173b8f9da8df56624d08cb2927/viridis	available
4.5.2	viridisLite	0.4.3	2026-02-06T07:08:37Z	82b40be3d6d39bc13ddc7e716ed7ed86	/workspace/rst/cache_4_5/library/viridisLite/0.4.3/82b40be3d6d39bc13ddc7e716ed7ed86/viridisLite	available
4.5.2	visNetwork	2.1.4	2025-12-06T20:48:10Z	eab59e9be755f826072d38aceed76909	/workspace/rst/cache_4_5/library/visNetwork/2.1.4/eab59e9be755f826072d38aceed76909/visNetwork	available
4.5.2	visdat	0.6.1	2026-09-27T06:18:21Z	ad258453c8675186cbf92cf53a432ec8	/workspace/rst/cache_4_5/library/visdat/0.6.1/ad258453c8675186cbf92cf53a432ec8/visdat	available
4.5.2	visreg	3.0.0	2026-07-30T06:20:38Z	75e62a254be14aaa334c07591c3abad7	/workspace/rst/cache_4_5/library/visreg/3.0.0/75e62a254be14aaa334c07591c3abad7/visreg	available
4.5.2	vroom	1.7.1	2026-04-23T16:48:47Z	d3449ae8c16a8ec4991d11349b767428	/workspace/rst/cache_4_5/library/vroom/1.7.1/d3449ae8c16a8ec4991d11349b767428/vroom	available
4.5.2	vsn	3.78.1	2026-01-21T07:12:33Z	5e19aaa554532fca9e6230ce56156804	/workspace/rst/cache_4_5/library/vsn/3.78.1/5e19aaa554532fca9e6230ce56156804/vsn	available
4.5.2	vtreat	1.6.5	2025-06-04T06:16:42Z	5d5fc064bb3df1008c05f453c375de82	/workspace/rst/cache_4_5/library/vtreat/1.6.5/5d5fc064bb3df1008c05f453c375de82/vtreat	available
4.5.2	waiter	0.2.5.1	2025-12-06T20:48:11Z	ae335f62228f831ad23e30b0e0c92090	/workspace/rst/cache_4_5/library/waiter/0.2.5.1/ae335f62228f831ad23e30b0e0c92090/waiter	available
4.5.2	waldo	0.6.2	2025-12-24T15:06:59Z	f356ad5a48a4c9efbb4d1d4a4b41be33	/workspace/rst/cache_4_5/library/waldo/0.6.2/f356ad5a48a4c9efbb4d1d4a4b41be33/waldo	available
4.5.2	warp	0.2.3	2026-01-15T07:09:18Z	8be7efcf1d52b936e5d1b9738a122384	/workspace/rst/cache_4_5/library/warp/0.2.3/8be7efcf1d52b936e5d1b9738a122384/warp	available
4.5.2	watcher	0.2.1	2026-09-27T06:18:22Z	e4dbcb74f6594e131d0d7b75534734b4	/workspace/rst/cache_4_5/library/watcher/0.2.1/e4dbcb74f6594e131d0d7b75534734b4/watcher	available
4.5.2	wavelets	0.3.0.2	2025-06-04T06:17:01Z	09ae1d34cae1717fd012c3341ac7895a	/workspace/rst/cache_4_5/library/wavelets/0.3-0.2/09ae1d34cae1717fd012c3341ac7895a/wavelets	available
4.5.2	waveslim	1.8.5	2025-06-03T20:53:14Z	6e0acf5c0e54f65367bf63dff824a85c	/workspace/rst/cache_4_5/library/waveslim/1.8.5/6e0acf5c0e54f65367bf63dff824a85c/waveslim	available
4.5.2	waywiser	0.6.3	2025-12-02T07:04:06Z	6bd50866d29ddfd4ac59982efaecdf18	/workspace/rst/cache_4_5/library/waywiser/0.6.3/6bd50866d29ddfd4ac59982efaecdf18/waywiser	available
4.5.2	wdm	0.3.0	2026-09-02T06:21:49Z	e83980baf4d3b0bd760a7c1d34f5d696	/workspace/rst/cache_4_5/library/wdm/0.3.0/e83980baf4d3b0bd760a7c1d34f5d696/wdm	available
4.5.2	webdriver	1.0.6	2026-01-11T06:55:04Z	bff40914413d95dec173b16ed94e7d2e	/workspace/rst/cache_4_5/library/webdriver/1.0.6/bff40914413d95dec173b16ed94e7d2e/webdriver	available
4.5.2	webfakes	1.5.0	2026-05-18T06:12:53Z	7912b60195ba6546c114a004927dcde7	/workspace/rst/cache_4_5/library/webfakes/1.5.0/7912b60195ba6546c114a004927dcde7/webfakes	available
4.5.2	webmockr	2.2.0	2025-08-05T15:29:25Z	3166f0a425960356dfbe0281388209e7	/workspace/rst/cache_4_5/library/webmockr/2.2.0/3166f0a425960356dfbe0281388209e7/webmockr	available
4.5.2	webp	1.3.0	2025-06-04T06:17:56Z	6908b677a73ea96b83376810ffd8f98a	/workspace/rst/cache_4_5/library/webp/1.3.0/6908b677a73ea96b83376810ffd8f98a/webp	available
4.5.2	webshot	0.5.5	2025-06-03T23:45:42Z	34d31ce0db0d095c1fc3d5680a92f698	/workspace/rst/cache_4_5/library/webshot/0.5.5/34d31ce0db0d095c1fc3d5680a92f698/webshot	available
4.5.2	webshot2	0.1.2	2025-06-04T06:18:16Z	c8a3d16ce304d7b9b280a24198ae7a25	/workspace/rst/cache_4_5/library/webshot2/0.1.2/c8a3d16ce304d7b9b280a24198ae7a25/webshot2	available
4.5.2	websocket	1.4.4	2025-06-04T00:55:01Z	62e978df95f29c1ba00430f5da118fba	/workspace/rst/cache_4_5/library/websocket/1.4.4/62e978df95f29c1ba00430f5da118fba/websocket	available
4.5.2	webutils	1.2.3	2026-07-22T06:18:45Z	2cbc8ec12b007ec571162eaa5451c757	/workspace/rst/cache_4_5/library/webutils/1.2.3/2cbc8ec12b007ec571162eaa5451c757/webutils	available
4.5.2	weights	1.1.2	2025-12-06T20:48:13Z	82ab22a4900a204418a2a1ff9b98e770	/workspace/rst/cache_4_5/library/weights/1.1.2/82ab22a4900a204418a2a1ff9b98e770/weights	available
4.5.2	wesanderson	0.3.7	2025-06-04T06:18:38Z	6d50cfd3f0ec57efc20eccecd7a29a56	/workspace/rst/cache_4_5/library/wesanderson/0.3.7/6d50cfd3f0ec57efc20eccecd7a29a56/wesanderson	available
4.5.2	wheatmap	0.2.4	2026-06-01T06:10:28Z	842b163fdbd408119fa267bd950ea8cd	/workspace/rst/cache_4_5/library/wheatmap/0.2.4/842b163fdbd408119fa267bd950ea8cd/wheatmap	available
4.5.2	whisker	0.4.1	2025-06-03T15:45:29Z	230f97669bd86157827e37ab196439c3	/workspace/rst/cache_4_5/library/whisker/0.4.1/230f97669bd86157827e37ab196439c3/whisker	available
4.5.2	whoami	1.3.0	2025-06-04T04:58:17Z	3a8f1f0ef953a5cd3d86d6b6bbeb0c70	/workspace/rst/cache_4_5/library/whoami/1.3.0/3a8f1f0ef953a5cd3d86d6b6bbeb0c70/whoami	available
4.5.2	widgetTools	1.88.0	2025-11-05T09:51:53Z	bc209bc7abde3b30aed2f3ebd5615f90	/workspace/rst/cache_4_5/library/widgetTools/1.88.0/bc209bc7abde3b30aed2f3ebd5615f90/widgetTools	available
4.5.2	widgetframe	0.3.1	2025-06-04T06:18:56Z	92721d0891f00247b0d6707cca104ed4	/workspace/rst/cache_4_5/library/widgetframe/0.3.1/92721d0891f00247b0d6707cca104ed4/widgetframe	available
4.5.2	wildmeta	0.3.2	2025-06-04T06:19:14Z	06b18630c1fe80335940966552e6c0a3	/workspace/rst/cache_4_5/library/wildmeta/0.3.2/06b18630c1fe80335940966552e6c0a3/wildmeta	available
4.5.2	withr	3.0.3	2026-06-21T06:16:40Z	38d702cbdc75d99734ca02103b2fc928	/workspace/rst/cache_4_5/library/withr/3.0.3/38d702cbdc75d99734ca02103b2fc928/withr	available
4.5.2	wk	0.9.5	2025-12-24T15:06:59Z	3af13eb8ec330aa7cffa3f6d3c2bb6e0	/workspace/rst/cache_4_5/library/wk/0.9.5/3af13eb8ec330aa7cffa3f6d3c2bb6e0/wk	available
4.5.2	wkb	0.4.0	2025-06-04T06:19:34Z	4e7250084d1a23f4bef648683fea52ce	/workspace/rst/cache_4_5/library/wkb/0.4-0/4e7250084d1a23f4bef648683fea52ce/wkb	available
4.5.2	wooldridge	1.4.7	2026-07-14T06:13:35Z	1faa41e002a87e37f6ef976589ea95f3	/workspace/rst/cache_4_5/library/wooldridge/1.4-7/1faa41e002a87e37f6ef976589ea95f3/wooldridge	available
4.5.2	wordcloud	2.6	2025-06-04T05:13:53Z	e3a2101a092fe5cc74e79ec2ed38e926	/workspace/rst/cache_4_5/library/wordcloud/2.6/e3a2101a092fe5cc74e79ec2ed38e926/wordcloud	available
4.5.2	workflows	1.3.0	2025-12-06T20:48:13Z	3bb1bf5a8c9052d700a2591bace341bf	/workspace/rst/cache_4_5/library/workflows/1.3.0/3bb1bf5a8c9052d700a2591bace341bf/workflows	available
4.5.2	workflowsets	1.1.1	2025-06-04T05:54:42Z	fb778458020c02eb1b4d23e50510c263	/workspace/rst/cache_4_5/library/workflowsets/1.1.1/fb778458020c02eb1b4d23e50510c263/workflowsets	available
4.5.2	wrapr	2.1.0	2025-06-04T05:12:56Z	ddaa39b0e5e38387d08989df21467556	/workspace/rst/cache_4_5/library/wrapr/2.1.0/ddaa39b0e5e38387d08989df21467556/wrapr	available
4.5.2	writexl	2.0.1	2026-08-23T06:21:36Z	a51156f8613fb5c0c1c283263ba10b08	/workspace/rst/cache_4_5/library/writexl/2.0.1/a51156f8613fb5c0c1c283263ba10b08/writexl	available
4.5.2	wrswoR	1.2.1	2026-05-15T06:23:17Z	763cd6608640aef990731dfb738f522a	/workspace/rst/cache_4_5/library/wrswoR/1.2.1/763cd6608640aef990731dfb738f522a/wrswoR	available
4.5.2	x13binary	1.1.61.2	2026-03-01T07:09:03Z	496bcf94056bea2a27111d124a24444d	/workspace/rst/cache_4_5/library/x13binary/1.1.61.2/496bcf94056bea2a27111d124a24444d/x13binary	available
4.5.2	xLLiM	2.3.1	2026-03-04T07:04:36Z	87529781a73d5bd075180fee0c402bf7	/workspace/rst/cache_4_5/library/xLLiM/2.3.1/87529781a73d5bd075180fee0c402bf7/xLLiM	available
4.5.2	xaringan	0.31	2025-12-06T20:48:13Z	a25110da0fa8a7d6e7bf753eeca363f8	/workspace/rst/cache_4_5/library/xaringan/0.31/a25110da0fa8a7d6e7bf753eeca363f8/xaringan	available
4.5.2	xcms	4.8.0	2025-11-05T09:51:54Z	719871ab0ad31f3aab16c50e982b29e3	/workspace/rst/cache_4_5/library/xcms/4.8.0/719871ab0ad31f3aab16c50e982b29e3/xcms	available
4.5.2	xdvir	0.2.0	2026-01-25T07:12:18Z	30ec9ae53170cbb9125044f6658fbc30	/workspace/rst/cache_4_5/library/xdvir/0.2-0/30ec9ae53170cbb9125044f6658fbc30/xdvir	available
4.5.2	xfun	0.61	2026-09-18T06:21:31Z	63e1a811ca11287d380c463b5f193906	/workspace/rst/cache_4_5/library/xfun/0.61/63e1a811ca11287d380c463b5f193906/xfun	available
4.5.2	xgboost	3.2.1.1	2026-03-20T06:05:35Z	36d855e4419ef19dee3f7760c26947c1	/workspace/rst/cache_4_5/library/xgboost/3.2.1.1/36d855e4419ef19dee3f7760c26947c1/xgboost	available
4.5.2	xml2	1.6.0	2026-06-24T06:10:45Z	6bcd4604b7650abfd1314978c2bc483c	/workspace/rst/cache_4_5/library/xml2/1.6.0/6bcd4604b7650abfd1314978c2bc483c/xml2	available
4.5.2	xmlparsedata	1.0.5	2025-06-04T02:35:17Z	b6e3d49de851ad07a896c045b229606d	/workspace/rst/cache_4_5/library/xmlparsedata/1.0.5/b6e3d49de851ad07a896c045b229606d/xmlparsedata	available
4.5.2	xmlrpc2	1.2	2026-04-21T06:17:34Z	0d62f079154ce316dc46dde7edf3215b	/workspace/rst/cache_4_5/library/xmlrpc2/1.2/0d62f079154ce316dc46dde7edf3215b/xmlrpc2	available
4.5.2	xopen	1.0.1	2025-06-03T15:45:31Z	fd26341220d0e9aed667043e5ac6bba2	/workspace/rst/cache_4_5/library/xopen/1.0.1/fd26341220d0e9aed667043e5ac6bba2/xopen	available
4.5.2	xrf	0.3.1	2025-12-19T06:57:48Z	3aed72b95c4fc0d193f5f31d01f81981	/workspace/rst/cache_4_5/library/xrf/0.3.1/3aed72b95c4fc0d193f5f31d01f81981/xrf	available
4.5.2	xslt	1.5.1	2025-06-04T01:25:17Z	ff2bc0e80b92cf81b6c18003d3907246	/workspace/rst/cache_4_5/library/xslt/1.5.1/ff2bc0e80b92cf81b6c18003d3907246/xslt	available
4.5.2	xtable	1.8.8	2026-02-24T07:07:02Z	d5bb1a4d34e0d8673c5c244ede065846	/workspace/rst/cache_4_5/library/xtable/1.8-8/d5bb1a4d34e0d8673c5c244ede065846/xtable	available
4.5.2	xts	0.14.3	2026-09-10T06:20:32Z	8ce35f3d9aff8c05c8d448720cc9dfae	/workspace/rst/cache_4_5/library/xts/0.14.3/8ce35f3d9aff8c05c8d448720cc9dfae/xts	available
4.5.2	yaml	2.3.12	2025-12-24T15:07:00Z	7e15ae9eee4cf9b649e3ed7f3c498259	/workspace/rst/cache_4_5/library/yaml/2.3.12/7e15ae9eee4cf9b649e3ed7f3c498259/yaml	available
4.5.2	yardstick	1.4.0	2026-04-09T06:09:06Z	ecf32b143020f0096413676dce2bd2c5	/workspace/rst/cache_4_5/library/yardstick/1.4.0/ecf32b143020f0096413676dce2bd2c5/yardstick	available
4.5.2	yeastNagalakshmi	1.46.0	2025-11-06T07:53:08Z	c3ed337a3d631c1f40772696c9b68ecf	/workspace/rst/cache_4_5/library/yeastNagalakshmi/1.46.0/c3ed337a3d631c1f40772696c9b68ecf/yeastNagalakshmi	available
4.5.2	yeastRNASeq	0.48.0	2025-11-06T07:53:10Z	a66110c70a3ba3bbb37ab83fb835f786	/workspace/rst/cache_4_5/library/yeastRNASeq/0.48.0/a66110c70a3ba3bbb37ab83fb835f786/yeastRNASeq	available
4.5.2	yesno	0.1.3	2025-06-03T19:58:42Z	ead6cb7e944aa7c93261696fcc5dc06c	/workspace/rst/cache_4_5/library/yesno/0.1.3/ead6cb7e944aa7c93261696fcc5dc06c/yesno	available
4.5.2	yulab.utils	0.2.5	2026-08-31T06:23:18Z	0347a8c52398770526cefdfa801fdda3	/workspace/rst/cache_4_5/library/yulab.utils/0.2.5/0347a8c52398770526cefdfa801fdda3/yulab.utils	available
4.5.2	yyjsonr	0.1.22	2026-04-18T06:06:17Z	eedd1cb8bac461d64599c5877639d180	/workspace/rst/cache_4_5/library/yyjsonr/0.1.22/eedd1cb8bac461d64599c5877639d180/yyjsonr	available
4.5.2	zeallot	0.2.0	2025-06-04T00:51:47Z	731226fb8568a39f79e12e8df6f8b34d	/workspace/rst/cache_4_5/library/zeallot/0.2.0/731226fb8568a39f79e12e8df6f8b34d/zeallot	available
4.5.2	zebrafishRNASeq	1.30.0	2025-11-06T07:53:10Z	69d46eed118bf779e788a637429293f8	/workspace/rst/cache_4_5/library/zebrafishRNASeq/1.30.0/69d46eed118bf779e788a637429293f8/zebrafishRNASeq	available
4.5.2	zellkonverter	1.20.1	2026-01-03T07:02:22Z	6b06a56b5d58ef39d87efc78c17e7585	/workspace/rst/cache_4_5/library/zellkonverter/1.20.1/6b06a56b5d58ef39d87efc78c17e7585/zellkonverter	available
4.5.2	zenith	1.12.0	2025-11-05T09:51:54Z	2bc318c0780c47e086a4f7f368c1c044	/workspace/rst/cache_4_5/library/zenith/1.12.0/2bc318c0780c47e086a4f7f368c1c044/zenith	available
4.5.2	zfcht.cellcounter.datapkg	0.0.0.9040	2026-09-13T23:12:33Z	c98b9967b39de476cd5a8a915bc94c2c	/workspace/rst/cache_4_5/library/zfcht.cellcounter.datapkg/0.0.0.9040/c98b9967b39de476cd5a8a915bc94c2c/zfcht.cellcounter.datapkg	available
4.5.2	zigg	0.0.2	2025-06-03T22:47:49Z	c907cdd4d03b3d0ea1bbff2fdd7efc49	/workspace/rst/cache_4_5/library/zigg/0.0.2/c907cdd4d03b3d0ea1bbff2fdd7efc49/zigg	available
4.5.2	zinbwave	1.32.0	2025-11-05T09:51:55Z	572a481f6039129fd45d396cbe06984b	/workspace/rst/cache_4_5/library/zinbwave/1.32.0/572a481f6039129fd45d396cbe06984b/zinbwave	available
4.5.2	zip	3.0.2	2026-08-06T06:17:32Z	4dd99e22e9f46facea9727715685e741	/workspace/rst/cache_4_5/library/zip/3.0.2/4dd99e22e9f46facea9727715685e741/zip	available
4.5.2	zlibbioc	1.54.0	2025-06-04T02:08:09Z	b4ab8c2382c1c6e9c540f5f75111b9f5	/workspace/rst/cache_4_5/library/zlibbioc/1.54.0/b4ab8c2382c1c6e9c540f5f75111b9f5/zlibbioc	available
4.5.2	zoo	1.9.1	2026-09-27T06:18:22Z	c3f1232019094f3d454a6e45026e035d	/workspace/rst/cache_4_5/library/zoo/1.9-1/c3f1232019094f3d454a6e45026e035d/zoo	available
